Created by PLY version 3.11 (http://www.dabeaz.com/ply)

Grammar

Rule 0     S' -> program
Rule 1     program -> opt_newlines statements
Rule 2     program -> opt_newlines
Rule 3     opt_newlines -> opt_newlines NEWLINE
Rule 4     opt_newlines -> <empty>
Rule 5     statements -> statements statement_with_newline
Rule 6     statements -> statement_with_newline
Rule 7     statement_with_newline -> statement separator
Rule 8     statement_with_newline -> statement
Rule 9     separator -> separator NEWLINE
Rule 10    separator -> NEWLINE
Rule 11    opt_separator -> separator
Rule 12    opt_separator -> <empty>
Rule 13    statement -> class_definition
Rule 14    statement -> create_statement
Rule 15    statement -> set_statement
Rule 16    statement -> attach_statement
Rule 17    statement -> repeat_statement
Rule 18    statement -> repeat_through_statement
Rule 19    statement -> until_statement
Rule 20    statement -> if_statement
Rule 21    statement -> ask_statement
Rule 22    statement -> say_statement
Rule 23    statement -> call_statement
Rule 24    statement -> knows_statement
Rule 25    statement -> forgets_statement
Rule 26    statement -> whenever_statement
Rule 27    statement -> remove_statement
Rule 28    statement -> announce_statement
Rule 29    statement -> world_remembers
Rule 30    statement -> world_forgets
Rule 31    statement -> save_world
Rule 32    statement -> restore_world
Rule 33    class_definition -> CLASS IDENTIFIER opt_separator class_body opt_separator END CLASS
Rule 34    class_definition -> CLASS IDENTIFIER FROM IDENTIFIER opt_separator class_body opt_separator END CLASS
Rule 35    class_definition -> CREATURE IDENTIFIER opt_separator class_body opt_separator END CREATURE
Rule 36    class_definition -> CREATURE IDENTIFIER FROM IDENTIFIER opt_separator class_body opt_separator END CREATURE
Rule 37    class_body -> class_body separator class_member
Rule 38    class_body -> class_member
Rule 39    class_member -> constructor
Rule 40    class_member -> method
Rule 41    constructor -> CREATE WITH LPAREN parameters RPAREN opt_separator statements opt_separator END CREATE
Rule 42    constructor -> WHEN BORN WITH LPAREN parameters RPAREN opt_separator statements opt_separator END BORN
Rule 43    constructor -> WHEN BORN opt_separator statements opt_separator END BORN
Rule 44    method -> METHOD IDENTIFIER opt_separator statements opt_separator END METHOD
Rule 45    method -> ACTION action_name opt_separator statements opt_separator END ACTION
Rule 46    action_name -> IDENTIFIER
Rule 47    action_name -> action_name IDENTIFIER
Rule 48    parameters -> parameters IDENTIFIER
Rule 49    parameters -> IDENTIFIER
Rule 50    attribute_path -> IDENTIFIER
Rule 51    attribute_path -> attribute_path IDENTIFIER
Rule 52    create_statement -> CREATE IDENTIFIER IDENTIFIER WITH expression
Rule 53    create_statement -> CREATE IDENTIFIER IDENTIFIER
Rule 54    create_statement -> BRING IDENTIFIER TO LIFE AS IDENTIFIER WITH expression
Rule 55    create_statement -> BRING IDENTIFIER TO LIFE AS IDENTIFIER
Rule 56    set_statement -> SET attribute_path TO expression
Rule 57    set_statement -> GIVE attribute_path IDENTIFIER TRAIT IDENTIFIER TO expression
Rule 58    set_statement -> GIVE attribute_path TRAIT IDENTIFIER TO expression
Rule 59    attach_statement -> ATTACH expression TO expression
Rule 60    repeat_statement -> REPEAT expression TIMES opt_separator statements opt_separator END REPEAT
Rule 61    repeat_through_statement -> REPEAT THROUGH expression AS attribute_path opt_separator statements opt_separator END REPEAT
Rule 62    until_statement -> UNTIL condition opt_separator statements opt_separator END UNTIL
Rule 63    if_statement -> IF condition opt_separator statements opt_separator ELSE opt_separator statements opt_separator END IF
Rule 64    if_statement -> IF condition opt_separator statements opt_separator END IF
Rule 65    if_statement -> WHEN condition opt_separator statements opt_separator OTHERWISE opt_separator statements opt_separator END WHEN
Rule 66    if_statement -> WHEN condition opt_separator statements opt_separator END WHEN
Rule 67    ask_statement -> ASK STRING
Rule 68    say_statement -> SAY expression
Rule 69    call_statement -> CALL attribute_path
Rule 70    call_statement -> expression DOES action_name
Rule 71    knows_statement -> expression KNOWS expression
Rule 72    knows_statement -> expression KNOWS expression AS IDENTIFIER
Rule 73    forgets_statement -> expression FORGETS IDENTIFIER
Rule 74    whenever_statement -> WHENEVER subject DOES action_name opt_separator statements opt_separator END WHENEVER
Rule 75    whenever_statement -> WHENEVER subject GETS TRAIT IDENTIFIER CHANGED opt_separator statements opt_separator END WHENEVER
Rule 76    whenever_statement -> WHENEVER subject IDENTIFIER BORN opt_separator statements opt_separator END WHENEVER
Rule 77    whenever_statement -> WHENEVER subject IDENTIFIER opt_separator statements opt_separator END WHENEVER
Rule 78    subject -> IDENTIFIER
Rule 79    subject -> ANYONE
Rule 80    remove_statement -> REMOVE IDENTIFIER FROM WORLD
Rule 81    announce_statement -> ANNOUNCE expression
Rule 82    world_remembers -> THE_WORLD REMEMBERS fact_name AS expression
Rule 83    world_forgets -> THE_WORLD FORGETS fact_name
Rule 84    save_world -> SAVE THE_WORLD TO expression
Rule 85    restore_world -> RESTORE THE_WORLD FROM expression
Rule 86    condition -> expression comparison_op expression
Rule 87    condition -> expression KNOWS expression
Rule 88    condition -> expression KNOWS expression AS IDENTIFIER
Rule 89    condition -> expression KNOWS ANYONE AS IDENTIFIER
Rule 90    comparison_op -> GT
Rule 91    comparison_op -> LT
Rule 92    comparison_op -> EQ
Rule 93    comparison_op -> NEQ
Rule 94    expression_list -> expression_list expression
Rule 95    expression_list -> expression
Rule 96    expression -> STRING
Rule 97    expression -> NUMBER
Rule 98    expression -> attribute_path
Rule 99    expression -> expression PLUS expression
Rule 100   expression -> expression MINUS expression
Rule 101   expression -> LPAREN expression_list RPAREN
Rule 102   expression -> world_expr
Rule 103   world_expr -> THE_WORLD KNOWS fact_name
Rule 104   world_expr -> THE_WORLDS IDENTIFIER CREATURES
Rule 105   world_expr -> THE_WORLD COUNTS IDENTIFIER
Rule 106   fact_name -> IDENTIFIER
Rule 107   fact_name -> fact_name IDENTIFIER

Terminals, with rules where they appear

ACTION               : 45 45
ANNOUNCE             : 81
ANYONE               : 79 89
AS                   : 54 55 61 72 82 88 89
ASK                  : 67
ATTACH               : 59
BORN                 : 42 42 43 43 76
BRING                : 54 55
CALL                 : 69
CHANGED              : 75
CLASS                : 33 33 34 34
COUNTS               : 105
CREATE               : 41 41 52 53
CREATURE             : 35 35 36 36
CREATURES            : 104
DOES                 : 70 74
ELSE                 : 63
END                  : 33 34 35 36 41 42 43 44 45 60 61 62 63 64 65 66 74 75 76 77
EQ                   : 92
FORGETS              : 73 83
FROM                 : 34 36 80 85
GETS                 : 75
GIVE                 : 57 58
GT                   : 90
IDENTIFIER           : 33 34 34 35 36 36 44 46 47 48 49 50 51 52 52 53 53 54 54 55 55 57 57 58 72 73 75 76 77 78 80 88 89 104 105 106 107
IF                   : 63 63 64 64
KNOWS                : 71 72 87 88 89 103
LIFE                 : 54 55
LPAREN               : 41 42 101
LT                   : 91
METHOD               : 44 44
MINUS                : 100
NEQ                  : 93
NEWLINE              : 3 9 10
NUMBER               : 97
OTHERWISE            : 65
PLUS                 : 99
REMEMBERS            : 82
REMOVE               : 80
REPEAT               : 60 60 61 61
RESTORE              : 85
RPAREN               : 41 42 101
SAVE                 : 84
SAY                  : 68
SET                  : 56
STRING               : 67 96
THE_WORLD            : 82 83 84 85 103 105
THE_WORLDS           : 104
THROUGH              : 61
TIMES                : 60
TO                   : 54 55 56 57 58 59 84
TRAIT                : 57 58 75
UNTIL                : 62 62
WHEN                 : 42 43 65 65 66 66
WHENEVER             : 74 74 75 75 76 76 77 77
WITH                 : 41 42 52 54
WORLD                : 80
error                : 

Nonterminals, with rules where they appear

action_name          : 45 47 70 74
announce_statement   : 28
ask_statement        : 21
attach_statement     : 16
attribute_path       : 51 56 57 58 61 69 98
call_statement       : 23
class_body           : 33 34 35 36 37
class_definition     : 13
class_member         : 37 38
comparison_op        : 86
condition            : 62 63 64 65 66
constructor          : 39
create_statement     : 14
expression           : 52 54 56 57 58 59 59 60 61 68 70 71 71 72 72 73 81 82 84 85 86 86 87 87 88 88 89 94 95 99 99 100 100
expression_list      : 94 101
fact_name            : 82 83 103 107
forgets_statement    : 25
if_statement         : 20
knows_statement      : 24
method               : 40
opt_newlines         : 1 2 3
opt_separator        : 33 33 34 34 35 35 36 36 41 41 42 42 43 43 44 44 45 45 60 60 61 61 62 62 63 63 63 63 64 64 65 65 65 65 66 66 74 74 75 75 76 76 77 77
parameters           : 41 42 48
program              : 0
remove_statement     : 27
repeat_statement     : 17
repeat_through_statement : 18
restore_world        : 32
save_world           : 31
say_statement        : 22
separator            : 7 9 11 37
set_statement        : 15
statement            : 7 8
statement_with_newline : 5 6
statements           : 1 5 41 42 43 44 45 60 61 62 63 63 64 65 65 66 74 75 76 77
subject              : 74 75 76 77
until_statement      : 19
whenever_statement   : 26
world_expr           : 102
world_forgets        : 30
world_remembers      : 29

Parsing method: LALR

state 0

    (0) S' -> . program
    (1) program -> . opt_newlines statements
    (2) program -> . opt_newlines
    (3) opt_newlines -> . opt_newlines NEWLINE
    (4) opt_newlines -> .

    NEWLINE         reduce using rule 4 (opt_newlines -> .)
    CLASS           reduce using rule 4 (opt_newlines -> .)
    CREATURE        reduce using rule 4 (opt_newlines -> .)
    CREATE          reduce using rule 4 (opt_newlines -> .)
    BRING           reduce using rule 4 (opt_newlines -> .)
    SET             reduce using rule 4 (opt_newlines -> .)
    GIVE            reduce using rule 4 (opt_newlines -> .)
    ATTACH          reduce using rule 4 (opt_newlines -> .)
    REPEAT          reduce using rule 4 (opt_newlines -> .)
    UNTIL           reduce using rule 4 (opt_newlines -> .)
    IF              reduce using rule 4 (opt_newlines -> .)
    WHEN            reduce using rule 4 (opt_newlines -> .)
    ASK             reduce using rule 4 (opt_newlines -> .)
    SAY             reduce using rule 4 (opt_newlines -> .)
    CALL            reduce using rule 4 (opt_newlines -> .)
    WHENEVER        reduce using rule 4 (opt_newlines -> .)
    REMOVE          reduce using rule 4 (opt_newlines -> .)
    ANNOUNCE        reduce using rule 4 (opt_newlines -> .)
    THE_WORLD       reduce using rule 4 (opt_newlines -> .)
    SAVE            reduce using rule 4 (opt_newlines -> .)
    RESTORE         reduce using rule 4 (opt_newlines -> .)
    STRING          reduce using rule 4 (opt_newlines -> .)
    NUMBER          reduce using rule 4 (opt_newlines -> .)
    LPAREN          reduce using rule 4 (opt_newlines -> .)
    IDENTIFIER      reduce using rule 4 (opt_newlines -> .)
    THE_WORLDS      reduce using rule 4 (opt_newlines -> .)
    $end            reduce using rule 4 (opt_newlines -> .)

    program                        shift and go to state 1
    opt_newlines                   shift and go to state 2

state 1

    (0) S' -> program .



state 2

    (1) program -> opt_newlines . statements
    (2) program -> opt_newlines .
    (3) opt_newlines -> opt_newlines . NEWLINE
    (5) statements -> . statements statement_with_newline
    (6) statements -> . statement_with_newline
    (7) statement_with_newline -> . statement separator
    (8) statement_with_newline -> . statement
    (13) statement -> . class_definition
    (14) statement -> . create_statement
    (15) statement -> . set_statement
    (16) statement -> . attach_statement
    (17) statement -> . repeat_statement
    (18) statement -> . repeat_through_statement
    (19) statement -> . until_statement
    (20) statement -> . if_statement
    (21) statement -> . ask_statement
    (22) statement -> . say_statement
    (23) statement -> . call_statement
    (24) statement -> . knows_statement
    (25) statement -> . forgets_statement
    (26) statement -> . whenever_statement
    (27) statement -> . remove_statement
    (28) statement -> . announce_statement
    (29) statement -> . world_remembers
    (30) statement -> . world_forgets
    (31) statement -> . save_world
    (32) statement -> . restore_world
    (33) class_definition -> . CLASS IDENTIFIER opt_separator class_body opt_separator END CLASS
    (34) class_definition -> . CLASS IDENTIFIER FROM IDENTIFIER opt_separator class_body opt_separator END CLASS
    (35) class_definition -> . CREATURE IDENTIFIER opt_separator class_body opt_separator END CREATURE
    (36) class_definition -> . CREATURE IDENTIFIER FROM IDENTIFIER opt_separator class_body opt_separator END CREATURE
    (52) create_statement -> . CREATE IDENTIFIER IDENTIFIER WITH expression
    (53) create_statement -> . CREATE IDENTIFIER IDENTIFIER
    (54) create_statement -> . BRING IDENTIFIER TO LIFE AS IDENTIFIER WITH expression
    (55) create_statement -> . BRING IDENTIFIER TO LIFE AS IDENTIFIER
    (56) set_statement -> . SET attribute_path TO expression
    (57) set_statement -> . GIVE attribute_path IDENTIFIER TRAIT IDENTIFIER TO expression
    (58) set_statement -> . GIVE attribute_path TRAIT IDENTIFIER TO expression
    (59) attach_statement -> . ATTACH expression TO expression
    (60) repeat_statement -> . REPEAT expression TIMES opt_separator statements opt_separator END REPEAT
    (61) repeat_through_statement -> . REPEAT THROUGH expression AS attribute_path opt_separator statements opt_separator END REPEAT
    (62) until_statement -> . UNTIL condition opt_separator statements opt_separator END UNTIL
    (63) if_statement -> . IF condition opt_separator statements opt_separator ELSE opt_separator statements opt_separator END IF
    (64) if_statement -> . IF condition opt_separator statements opt_separator END IF
    (65) if_statement -> . WHEN condition opt_separator statements opt_separator OTHERWISE opt_separator statements opt_separator END WHEN
    (66) if_statement -> . WHEN condition opt_separator statements opt_separator END WHEN
    (67) ask_statement -> . ASK STRING
    (68) say_statement -> . SAY expression
    (69) call_statement -> . CALL attribute_path
    (70) call_statement -> . expression DOES action_name
    (71) knows_statement -> . expression KNOWS expression
    (72) knows_statement -> . expression KNOWS expression AS IDENTIFIER
    (73) forgets_statement -> . expression FORGETS IDENTIFIER
    (74) whenever_statement -> . WHENEVER subject DOES action_name opt_separator statements opt_separator END WHENEVER
    (75) whenever_statement -> . WHENEVER subject GETS TRAIT IDENTIFIER CHANGED opt_separator statements opt_separator END WHENEVER
    (76) whenever_statement -> . WHENEVER subject IDENTIFIER BORN opt_separator statements opt_separator END WHENEVER
    (77) whenever_statement -> . WHENEVER subject IDENTIFIER opt_separator statements opt_separator END WHENEVER
    (80) remove_statement -> . REMOVE IDENTIFIER FROM WORLD
    (81) announce_statement -> . ANNOUNCE expression
    (82) world_remembers -> . THE_WORLD REMEMBERS fact_name AS expression
    (83) world_forgets -> . THE_WORLD FORGETS fact_name
    (84) save_world -> . SAVE THE_WORLD TO expression
    (85) restore_world -> . RESTORE THE_WORLD FROM expression
    (96) expression -> . STRING
    (97) expression -> . NUMBER
    (98) expression -> . attribute_path
    (99) expression -> . expression PLUS expression
    (100) expression -> . expression MINUS expression
    (101) expression -> . LPAREN expression_list RPAREN
    (102) expression -> . world_expr
    (50) attribute_path -> . IDENTIFIER
    (51) attribute_path -> . attribute_path IDENTIFIER
    (103) world_expr -> . THE_WORLD KNOWS fact_name
    (104) world_expr -> . THE_WORLDS IDENTIFIER CREATURES
    (105) world_expr -> . THE_WORLD COUNTS IDENTIFIER

    $end            reduce using rule 2 (program -> opt_newlines .)
    NEWLINE         shift and go to state 4
    CLASS           shift and go to state 27
    CREATURE        shift and go to state 29
    CREATE          shift and go to state 30
    BRING           shift and go to state 32
    SET             shift and go to state 33
    GIVE            shift and go to state 35
    ATTACH          shift and go to state 36
    REPEAT          shift and go to state 37
    UNTIL           shift and go to state 38
    IF              shift and go to state 39
    WHEN            shift and go to state 40
    ASK             shift and go to state 41
    SAY             shift and go to state 43
    CALL            shift and go to state 44
    WHENEVER        shift and go to state 45
    REMOVE          shift and go to state 46
    ANNOUNCE        shift and go to state 47
    THE_WORLD       shift and go to state 48
    SAVE            shift and go to state 49
    RESTORE         shift and go to state 50
    STRING          shift and go to state 42
    NUMBER          shift and go to state 51
    LPAREN          shift and go to state 52
    IDENTIFIER      shift and go to state 28
    THE_WORLDS      shift and go to state 54

    statements                     shift and go to state 3
    statement_with_newline         shift and go to state 5
    statement                      shift and go to state 6
    class_definition               shift and go to state 7
    create_statement               shift and go to state 8
    set_statement                  shift and go to state 9
    attach_statement               shift and go to state 10
    repeat_statement               shift and go to state 11
    repeat_through_statement       shift and go to state 12
    until_statement                shift and go to state 13
    if_statement                   shift and go to state 14
    ask_statement                  shift and go to state 15
    say_statement                  shift and go to state 16
    call_statement                 shift and go to state 17
    knows_statement                shift and go to state 18
    forgets_statement              shift and go to state 19
    whenever_statement             shift and go to state 20
    remove_statement               shift and go to state 21
    announce_statement             shift and go to state 22
    world_remembers                shift and go to state 23
    world_forgets                  shift and go to state 24
    save_world                     shift and go to state 25
    restore_world                  shift and go to state 26
    expression                     shift and go to state 31
    attribute_path                 shift and go to state 34
    world_expr                     shift and go to state 53

state 3

    (1) program -> opt_newlines statements .
    (5) statements -> statements . statement_with_newline
    (7) statement_with_newline -> . statement separator
    (8) statement_with_newline -> . statement
    (13) statement -> . class_definition
    (14) statement -> . create_statement
    (15) statement -> . set_statement
    (16) statement -> . attach_statement
    (17) statement -> . repeat_statement
    (18) statement -> . repeat_through_statement
    (19) statement -> . until_statement
    (20) statement -> . if_statement
    (21) statement -> . ask_statement
    (22) statement -> . say_statement
    (23) statement -> . call_statement
    (24) statement -> . knows_statement
    (25) statement -> . forgets_statement
    (26) statement -> . whenever_statement
    (27) statement -> . remove_statement
    (28) statement -> . announce_statement
    (29) statement -> . world_remembers
    (30) statement -> . world_forgets
    (31) statement -> . save_world
    (32) statement -> . restore_world
    (33) class_definition -> . CLASS IDENTIFIER opt_separator class_body opt_separator END CLASS
    (34) class_definition -> . CLASS IDENTIFIER FROM IDENTIFIER opt_separator class_body opt_separator END CLASS
    (35) class_definition -> . CREATURE IDENTIFIER opt_separator class_body opt_separator END CREATURE
    (36) class_definition -> . CREATURE IDENTIFIER FROM IDENTIFIER opt_separator class_body opt_separator END CREATURE
    (52) create_statement -> . CREATE IDENTIFIER IDENTIFIER WITH expression
    (53) create_statement -> . CREATE IDENTIFIER IDENTIFIER
    (54) create_statement -> . BRING IDENTIFIER TO LIFE AS IDENTIFIER WITH expression
    (55) create_statement -> . BRING IDENTIFIER TO LIFE AS IDENTIFIER
    (56) set_statement -> . SET attribute_path TO expression
    (57) set_statement -> . GIVE attribute_path IDENTIFIER TRAIT IDENTIFIER TO expression
    (58) set_statement -> . GIVE attribute_path TRAIT IDENTIFIER TO expression
    (59) attach_statement -> . ATTACH expression TO expression
    (60) repeat_statement -> . REPEAT expression TIMES opt_separator statements opt_separator END REPEAT
    (61) repeat_through_statement -> . REPEAT THROUGH expression AS attribute_path opt_separator statements opt_separator END REPEAT
    (62) until_statement -> . UNTIL condition opt_separator statements opt_separator END UNTIL
    (63) if_statement -> . IF condition opt_separator statements opt_separator ELSE opt_separator statements opt_separator END IF
    (64) if_statement -> . IF condition opt_separator statements opt_separator END IF
    (65) if_statement -> . WHEN condition opt_separator statements opt_separator OTHERWISE opt_separator statements opt_separator END WHEN
    (66) if_statement -> . WHEN condition opt_separator statements opt_separator END WHEN
    (67) ask_statement -> . ASK STRING
    (68) say_statement -> . SAY expression
    (69) call_statement -> . CALL attribute_path
    (70) call_statement -> . expression DOES action_name
    (71) knows_statement -> . expression KNOWS expression
    (72) knows_statement -> . expression KNOWS expression AS IDENTIFIER
    (73) forgets_statement -> . expression FORGETS IDENTIFIER
    (74) whenever_statement -> . WHENEVER subject DOES action_name opt_separator statements opt_separator END WHENEVER
    (75) whenever_statement -> . WHENEVER subject GETS TRAIT IDENTIFIER CHANGED opt_separator statements opt_separator END WHENEVER
    (76) whenever_statement -> . WHENEVER subject IDENTIFIER BORN opt_separator statements opt_separator END WHENEVER
    (77) whenever_statement -> . WHENEVER subject IDENTIFIER opt_separator statements opt_separator END WHENEVER
    (80) remove_statement -> . REMOVE IDENTIFIER FROM WORLD
    (81) announce_statement -> . ANNOUNCE expression
    (82) world_remembers -> . THE_WORLD REMEMBERS fact_name AS expression
    (83) world_forgets -> . THE_WORLD FORGETS fact_name
    (84) save_world -> . SAVE THE_WORLD TO expression
    (85) restore_world -> . RESTORE THE_WORLD FROM expression
    (96) expression -> . STRING
    (97) expression -> . NUMBER
    (98) expression -> . attribute_path
    (99) expression -> . expression PLUS expression
    (100) expression -> . expression MINUS expression
    (101) expression -> . LPAREN expression_list RPAREN
    (102) expression -> . world_expr
    (50) attribute_path -> . IDENTIFIER
    (51) attribute_path -> . attribute_path IDENTIFIER
    (103) world_expr -> . THE_WORLD KNOWS fact_name
    (104) world_expr -> . THE_WORLDS IDENTIFIER CREATURES
    (105) world_expr -> . THE_WORLD COUNTS IDENTIFIER

    $end            reduce using rule 1 (program -> opt_newlines statements .)
    CLASS           shift and go to state 27
    CREATURE        shift and go to state 29
    CREATE          shift and go to state 30
    BRING           shift and go to state 32
    SET             shift and go to state 33
    GIVE            shift and go to state 35
    ATTACH          shift and go to state 36
    REPEAT          shift and go to state 37
    UNTIL           shift and go to state 38
    IF              shift and go to state 39
    WHEN            shift and go to state 40
    ASK             shift and go to state 41
    SAY             shift and go to state 43
    CALL            shift and go to state 44
    WHENEVER        shift and go to state 45
    REMOVE          shift and go to state 46
    ANNOUNCE        shift and go to state 47
    THE_WORLD       shift and go to state 48
    SAVE            shift and go to state 49
    RESTORE         shift and go to state 50
    STRING          shift and go to state 42
    NUMBER          shift and go to state 51
    LPAREN          shift and go to state 52
    IDENTIFIER      shift and go to state 28
    THE_WORLDS      shift and go to state 54

    statement_with_newline         shift and go to state 55
    statement                      shift and go to state 6
    class_definition               shift and go to state 7
    create_statement               shift and go to state 8
    set_statement                  shift and go to state 9
    attach_statement               shift and go to state 10
    repeat_statement               shift and go to state 11
    repeat_through_statement       shift and go to state 12
    until_statement                shift and go to state 13
    if_statement                   shift and go to state 14
    ask_statement                  shift and go to state 15
    say_statement                  shift and go to state 16
    call_statement                 shift and go to state 17
    knows_statement                shift and go to state 18
    forgets_statement              shift and go to state 19
    whenever_statement             shift and go to state 20
    remove_statement               shift and go to state 21
    announce_statement             shift and go to state 22
    world_remembers                shift and go to state 23
    world_forgets                  shift and go to state 24
    save_world                     shift and go to state 25
    restore_world                  shift and go to state 26
    expression                     shift and go to state 31
    attribute_path                 shift and go to state 34
    world_expr                     shift and go to state 53

state 4

    (3) opt_newlines -> opt_newlines NEWLINE .

    NEWLINE         reduce using rule 3 (opt_newlines -> opt_newlines NEWLINE .)
    CLASS           reduce using rule 3 (opt_newlines -> opt_newlines NEWLINE .)
    CREATURE        reduce using rule 3 (opt_newlines -> opt_newlines NEWLINE .)
    CREATE          reduce using rule 3 (opt_newlines -> opt_newlines NEWLINE .)
    BRING           reduce using rule 3 (opt_newlines -> opt_newlines NEWLINE .)
    SET             reduce using rule 3 (opt_newlines -> opt_newlines NEWLINE .)
    GIVE            reduce using rule 3 (opt_newlines -> opt_newlines NEWLINE .)
    ATTACH          reduce using rule 3 (opt_newlines -> opt_newlines NEWLINE .)
    REPEAT          reduce using rule 3 (opt_newlines -> opt_newlines NEWLINE .)
    UNTIL           reduce using rule 3 (opt_newlines -> opt_newlines NEWLINE .)
    IF              reduce using rule 3 (opt_newlines -> opt_newlines NEWLINE .)
    WHEN            reduce using rule 3 (opt_newlines -> opt_newlines NEWLINE .)
    ASK             reduce using rule 3 (opt_newlines -> opt_newlines NEWLINE .)
    SAY             reduce using rule 3 (opt_newlines -> opt_newlines NEWLINE .)
    CALL            reduce using rule 3 (opt_newlines -> opt_newlines NEWLINE .)
    WHENEVER        reduce using rule 3 (opt_newlines -> opt_newlines NEWLINE .)
    REMOVE          reduce using rule 3 (opt_newlines -> opt_newlines NEWLINE .)
    ANNOUNCE        reduce using rule 3 (opt_newlines -> opt_newlines NEWLINE .)
    THE_WORLD       reduce using rule 3 (opt_newlines -> opt_newlines NEWLINE .)
    SAVE            reduce using rule 3 (opt_newlines -> opt_newlines NEWLINE .)
    RESTORE         reduce using rule 3 (opt_newlines -> opt_newlines NEWLINE .)
    STRING          reduce using rule 3 (opt_newlines -> opt_newlines NEWLINE .)
    NUMBER          reduce using rule 3 (opt_newlines -> opt_newlines NEWLINE .)
    LPAREN          reduce using rule 3 (opt_newlines -> opt_newlines NEWLINE .)
    IDENTIFIER      reduce using rule 3 (opt_newlines -> opt_newlines NEWLINE .)
    THE_WORLDS      reduce using rule 3 (opt_newlines -> opt_newlines NEWLINE .)
    $end            reduce using rule 3 (opt_newlines -> opt_newlines NEWLINE .)


state 5

    (6) statements -> statement_with_newline .

    CLASS           reduce using rule 6 (statements -> statement_with_newline .)
    CREATURE        reduce using rule 6 (statements -> statement_with_newline .)
    CREATE          reduce using rule 6 (statements -> statement_with_newline .)
    BRING           reduce using rule 6 (statements -> statement_with_newline .)
    SET             reduce using rule 6 (statements -> statement_with_newline .)
    GIVE            reduce using rule 6 (statements -> statement_with_newline .)
    ATTACH          reduce using rule 6 (statements -> statement_with_newline .)
    REPEAT          reduce using rule 6 (statements -> statement_with_newline .)
    UNTIL           reduce using rule 6 (statements -> statement_with_newline .)
    IF              reduce using rule 6 (statements -> statement_with_newline .)
    WHEN            reduce using rule 6 (statements -> statement_with_newline .)
    ASK             reduce using rule 6 (statements -> statement_with_newline .)
    SAY             reduce using rule 6 (statements -> statement_with_newline .)
    CALL            reduce using rule 6 (statements -> statement_with_newline .)
    WHENEVER        reduce using rule 6 (statements -> statement_with_newline .)
    REMOVE          reduce using rule 6 (statements -> statement_with_newline .)
    ANNOUNCE        reduce using rule 6 (statements -> statement_with_newline .)
    THE_WORLD       reduce using rule 6 (statements -> statement_with_newline .)
    SAVE            reduce using rule 6 (statements -> statement_with_newline .)
    RESTORE         reduce using rule 6 (statements -> statement_with_newline .)
    STRING          reduce using rule 6 (statements -> statement_with_newline .)
    NUMBER          reduce using rule 6 (statements -> statement_with_newline .)
    LPAREN          reduce using rule 6 (statements -> statement_with_newline .)
    IDENTIFIER      reduce using rule 6 (statements -> statement_with_newline .)
    THE_WORLDS      reduce using rule 6 (statements -> statement_with_newline .)
    $end            reduce using rule 6 (statements -> statement_with_newline .)
    NEWLINE         reduce using rule 6 (statements -> statement_with_newline .)
    END             reduce using rule 6 (statements -> statement_with_newline .)
    ELSE            reduce using rule 6 (statements -> statement_with_newline .)
    OTHERWISE       reduce using rule 6 (statements -> statement_with_newline .)


state 6

    (7) statement_with_newline -> statement . separator
    (8) statement_with_newline -> statement .
    (9) separator -> . separator NEWLINE
    (10) separator -> . NEWLINE

  ! shift/reduce conflict for NEWLINE resolved as shift
    CLASS           reduce using rule 8 (statement_with_newline -> statement .)
    CREATURE        reduce using rule 8 (statement_with_newline -> statement .)
    CREATE          reduce using rule 8 (statement_with_newline -> statement .)
    BRING           reduce using rule 8 (statement_with_newline -> statement .)
    SET             reduce using rule 8 (statement_with_newline -> statement .)
    GIVE            reduce using rule 8 (statement_with_newline -> statement .)
    ATTACH          reduce using rule 8 (statement_with_newline -> statement .)
    REPEAT          reduce using rule 8 (statement_with_newline -> statement .)
    UNTIL           reduce using rule 8 (statement_with_newline -> statement .)
    IF              reduce using rule 8 (statement_with_newline -> statement .)
    WHEN            reduce using rule 8 (statement_with_newline -> statement .)
    ASK             reduce using rule 8 (statement_with_newline -> statement .)
    SAY             reduce using rule 8 (statement_with_newline -> statement .)
    CALL            reduce using rule 8 (statement_with_newline -> statement .)
    WHENEVER        reduce using rule 8 (statement_with_newline -> statement .)
    REMOVE          reduce using rule 8 (statement_with_newline -> statement .)
    ANNOUNCE        reduce using rule 8 (statement_with_newline -> statement .)
    THE_WORLD       reduce using rule 8 (statement_with_newline -> statement .)
    SAVE            reduce using rule 8 (statement_with_newline -> statement .)
    RESTORE         reduce using rule 8 (statement_with_newline -> statement .)
    STRING          reduce using rule 8 (statement_with_newline -> statement .)
    NUMBER          reduce using rule 8 (statement_with_newline -> statement .)
    LPAREN          reduce using rule 8 (statement_with_newline -> statement .)
    IDENTIFIER      reduce using rule 8 (statement_with_newline -> statement .)
    THE_WORLDS      reduce using rule 8 (statement_with_newline -> statement .)
    $end            reduce using rule 8 (statement_with_newline -> statement .)
    END             reduce using rule 8 (statement_with_newline -> statement .)
    ELSE            reduce using rule 8 (statement_with_newline -> statement .)
    OTHERWISE       reduce using rule 8 (statement_with_newline -> statement .)
    NEWLINE         shift and go to state 57

  ! NEWLINE         [ reduce using rule 8 (statement_with_newline -> statement .) ]

    separator                      shift and go to state 56

state 7

    (13) statement -> class_definition .

    NEWLINE         reduce using rule 13 (statement -> class_definition .)
    CLASS           reduce using rule 13 (statement -> class_definition .)
    CREATURE        reduce using rule 13 (statement -> class_definition .)
    CREATE          reduce using rule 13 (statement -> class_definition .)
    BRING           reduce using rule 13 (statement -> class_definition .)
    SET             reduce using rule 13 (statement -> class_definition .)
    GIVE            reduce using rule 13 (statement -> class_definition .)
    ATTACH          reduce using rule 13 (statement -> class_definition .)
    REPEAT          reduce using rule 13 (statement -> class_definition .)
    UNTIL           reduce using rule 13 (statement -> class_definition .)
    IF              reduce using rule 13 (statement -> class_definition .)
    WHEN            reduce using rule 13 (statement -> class_definition .)
    ASK             reduce using rule 13 (statement -> class_definition .)
    SAY             reduce using rule 13 (statement -> class_definition .)
    CALL            reduce using rule 13 (statement -> class_definition .)
    WHENEVER        reduce using rule 13 (statement -> class_definition .)
    REMOVE          reduce using rule 13 (statement -> class_definition .)
    ANNOUNCE        reduce using rule 13 (statement -> class_definition .)
    THE_WORLD       reduce using rule 13 (statement -> class_definition .)
    SAVE            reduce using rule 13 (statement -> class_definition .)
    RESTORE         reduce using rule 13 (statement -> class_definition .)
    STRING          reduce using rule 13 (statement -> class_definition .)
    NUMBER          reduce using rule 13 (statement -> class_definition .)
    LPAREN          reduce using rule 13 (statement -> class_definition .)
    IDENTIFIER      reduce using rule 13 (statement -> class_definition .)
    THE_WORLDS      reduce using rule 13 (statement -> class_definition .)
    $end            reduce using rule 13 (statement -> class_definition .)
    END             reduce using rule 13 (statement -> class_definition .)
    ELSE            reduce using rule 13 (statement -> class_definition .)
    OTHERWISE       reduce using rule 13 (statement -> class_definition .)


state 8

    (14) statement -> create_statement .

    NEWLINE         reduce using rule 14 (statement -> create_statement .)
    CLASS           reduce using rule 14 (statement -> create_statement .)
    CREATURE        reduce using rule 14 (statement -> create_statement .)
    CREATE          reduce using rule 14 (statement -> create_statement .)
    BRING           reduce using rule 14 (statement -> create_statement .)
    SET             reduce using rule 14 (statement -> create_statement .)
    GIVE            reduce using rule 14 (statement -> create_statement .)
    ATTACH          reduce using rule 14 (statement -> create_statement .)
    REPEAT          reduce using rule 14 (statement -> create_statement .)
    UNTIL           reduce using rule 14 (statement -> create_statement .)
    IF              reduce using rule 14 (statement -> create_statement .)
    WHEN            reduce using rule 14 (statement -> create_statement .)
    ASK             reduce using rule 14 (statement -> create_statement .)
    SAY             reduce using rule 14 (statement -> create_statement .)
    CALL            reduce using rule 14 (statement -> create_statement .)
    WHENEVER        reduce using rule 14 (statement -> create_statement .)
    REMOVE          reduce using rule 14 (statement -> create_statement .)
    ANNOUNCE        reduce using rule 14 (statement -> create_statement .)
    THE_WORLD       reduce using rule 14 (statement -> create_statement .)
    SAVE            reduce using rule 14 (statement -> create_statement .)
    RESTORE         reduce using rule 14 (statement -> create_statement .)
    STRING          reduce using rule 14 (statement -> create_statement .)
    NUMBER          reduce using rule 14 (statement -> create_statement .)
    LPAREN          reduce using rule 14 (statement -> create_statement .)
    IDENTIFIER      reduce using rule 14 (statement -> create_statement .)
    THE_WORLDS      reduce using rule 14 (statement -> create_statement .)
    $end            reduce using rule 14 (statement -> create_statement .)
    END             reduce using rule 14 (statement -> create_statement .)
    ELSE            reduce using rule 14 (statement -> create_statement .)
    OTHERWISE       reduce using rule 14 (statement -> create_statement .)


state 9

    (15) statement -> set_statement .

    NEWLINE         reduce using rule 15 (statement -> set_statement .)
    CLASS           reduce using rule 15 (statement -> set_statement .)
    CREATURE        reduce using rule 15 (statement -> set_statement .)
    CREATE          reduce using rule 15 (statement -> set_statement .)
    BRING           reduce using rule 15 (statement -> set_statement .)
    SET             reduce using rule 15 (statement -> set_statement .)
    GIVE            reduce using rule 15 (statement -> set_statement .)
    ATTACH          reduce using rule 15 (statement -> set_statement .)
    REPEAT          reduce using rule 15 (statement -> set_statement .)
    UNTIL           reduce using rule 15 (statement -> set_statement .)
    IF              reduce using rule 15 (statement -> set_statement .)
    WHEN            reduce using rule 15 (statement -> set_statement .)
    ASK             reduce using rule 15 (statement -> set_statement .)
    SAY             reduce using rule 15 (statement -> set_statement .)
    CALL            reduce using rule 15 (statement -> set_statement .)
    WHENEVER        reduce using rule 15 (statement -> set_statement .)
    REMOVE          reduce using rule 15 (statement -> set_statement .)
    ANNOUNCE        reduce using rule 15 (statement -> set_statement .)
    THE_WORLD       reduce using rule 15 (statement -> set_statement .)
    SAVE            reduce using rule 15 (statement -> set_statement .)
    RESTORE         reduce using rule 15 (statement -> set_statement .)
    STRING          reduce using rule 15 (statement -> set_statement .)
    NUMBER          reduce using rule 15 (statement -> set_statement .)
    LPAREN          reduce using rule 15 (statement -> set_statement .)
    IDENTIFIER      reduce using rule 15 (statement -> set_statement .)
    THE_WORLDS      reduce using rule 15 (statement -> set_statement .)
    $end            reduce using rule 15 (statement -> set_statement .)
    END             reduce using rule 15 (statement -> set_statement .)
    ELSE            reduce using rule 15 (statement -> set_statement .)
    OTHERWISE       reduce using rule 15 (statement -> set_statement .)


state 10

    (16) statement -> attach_statement .

    NEWLINE         reduce using rule 16 (statement -> attach_statement .)
    CLASS           reduce using rule 16 (statement -> attach_statement .)
    CREATURE        reduce using rule 16 (statement -> attach_statement .)
    CREATE          reduce using rule 16 (statement -> attach_statement .)
    BRING           reduce using rule 16 (statement -> attach_statement .)
    SET             reduce using rule 16 (statement -> attach_statement .)
    GIVE            reduce using rule 16 (statement -> attach_statement .)
    ATTACH          reduce using rule 16 (statement -> attach_statement .)
    REPEAT          reduce using rule 16 (statement -> attach_statement .)
    UNTIL           reduce using rule 16 (statement -> attach_statement .)
    IF              reduce using rule 16 (statement -> attach_statement .)
    WHEN            reduce using rule 16 (statement -> attach_statement .)
    ASK             reduce using rule 16 (statement -> attach_statement .)
    SAY             reduce using rule 16 (statement -> attach_statement .)
    CALL            reduce using rule 16 (statement -> attach_statement .)
    WHENEVER        reduce using rule 16 (statement -> attach_statement .)
    REMOVE          reduce using rule 16 (statement -> attach_statement .)
    ANNOUNCE        reduce using rule 16 (statement -> attach_statement .)
    THE_WORLD       reduce using rule 16 (statement -> attach_statement .)
    SAVE            reduce using rule 16 (statement -> attach_statement .)
    RESTORE         reduce using rule 16 (statement -> attach_statement .)
    STRING          reduce using rule 16 (statement -> attach_statement .)
    NUMBER          reduce using rule 16 (statement -> attach_statement .)
    LPAREN          reduce using rule 16 (statement -> attach_statement .)
    IDENTIFIER      reduce using rule 16 (statement -> attach_statement .)
    THE_WORLDS      reduce using rule 16 (statement -> attach_statement .)
    $end            reduce using rule 16 (statement -> attach_statement .)
    END             reduce using rule 16 (statement -> attach_statement .)
    ELSE            reduce using rule 16 (statement -> attach_statement .)
    OTHERWISE       reduce using rule 16 (statement -> attach_statement .)


state 11

    (17) statement -> repeat_statement .

    NEWLINE         reduce using rule 17 (statement -> repeat_statement .)
    CLASS           reduce using rule 17 (statement -> repeat_statement .)
    CREATURE        reduce using rule 17 (statement -> repeat_statement .)
    CREATE          reduce using rule 17 (statement -> repeat_statement .)
    BRING           reduce using rule 17 (statement -> repeat_statement .)
    SET             reduce using rule 17 (statement -> repeat_statement .)
    GIVE            reduce using rule 17 (statement -> repeat_statement .)
    ATTACH          reduce using rule 17 (statement -> repeat_statement .)
    REPEAT          reduce using rule 17 (statement -> repeat_statement .)
    UNTIL           reduce using rule 17 (statement -> repeat_statement .)
    IF              reduce using rule 17 (statement -> repeat_statement .)
    WHEN            reduce using rule 17 (statement -> repeat_statement .)
    ASK             reduce using rule 17 (statement -> repeat_statement .)
    SAY             reduce using rule 17 (statement -> repeat_statement .)
    CALL            reduce using rule 17 (statement -> repeat_statement .)
    WHENEVER        reduce using rule 17 (statement -> repeat_statement .)
    REMOVE          reduce using rule 17 (statement -> repeat_statement .)
    ANNOUNCE        reduce using rule 17 (statement -> repeat_statement .)
    THE_WORLD       reduce using rule 17 (statement -> repeat_statement .)
    SAVE            reduce using rule 17 (statement -> repeat_statement .)
    RESTORE         reduce using rule 17 (statement -> repeat_statement .)
    STRING          reduce using rule 17 (statement -> repeat_statement .)
    NUMBER          reduce using rule 17 (statement -> repeat_statement .)
    LPAREN          reduce using rule 17 (statement -> repeat_statement .)
    IDENTIFIER      reduce using rule 17 (statement -> repeat_statement .)
    THE_WORLDS      reduce using rule 17 (statement -> repeat_statement .)
    $end            reduce using rule 17 (statement -> repeat_statement .)
    END             reduce using rule 17 (statement -> repeat_statement .)
    ELSE            reduce using rule 17 (statement -> repeat_statement .)
    OTHERWISE       reduce using rule 17 (statement -> repeat_statement .)


state 12

    (18) statement -> repeat_through_statement .

    NEWLINE         reduce using rule 18 (statement -> repeat_through_statement .)
    CLASS           reduce using rule 18 (statement -> repeat_through_statement .)
    CREATURE        reduce using rule 18 (statement -> repeat_through_statement .)
    CREATE          reduce using rule 18 (statement -> repeat_through_statement .)
    BRING           reduce using rule 18 (statement -> repeat_through_statement .)
    SET             reduce using rule 18 (statement -> repeat_through_statement .)
    GIVE            reduce using rule 18 (statement -> repeat_through_statement .)
    ATTACH          reduce using rule 18 (statement -> repeat_through_statement .)
    REPEAT          reduce using rule 18 (statement -> repeat_through_statement .)
    UNTIL           reduce using rule 18 (statement -> repeat_through_statement .)
    IF              reduce using rule 18 (statement -> repeat_through_statement .)
    WHEN            reduce using rule 18 (statement -> repeat_through_statement .)
    ASK             reduce using rule 18 (statement -> repeat_through_statement .)
    SAY             reduce using rule 18 (statement -> repeat_through_statement .)
    CALL            reduce using rule 18 (statement -> repeat_through_statement .)
    WHENEVER        reduce using rule 18 (statement -> repeat_through_statement .)
    REMOVE          reduce using rule 18 (statement -> repeat_through_statement .)
    ANNOUNCE        reduce using rule 18 (statement -> repeat_through_statement .)
    THE_WORLD       reduce using rule 18 (statement -> repeat_through_statement .)
    SAVE            reduce using rule 18 (statement -> repeat_through_statement .)
    RESTORE         reduce using rule 18 (statement -> repeat_through_statement .)
    STRING          reduce using rule 18 (statement -> repeat_through_statement .)
    NUMBER          reduce using rule 18 (statement -> repeat_through_statement .)
    LPAREN          reduce using rule 18 (statement -> repeat_through_statement .)
    IDENTIFIER      reduce using rule 18 (statement -> repeat_through_statement .)
    THE_WORLDS      reduce using rule 18 (statement -> repeat_through_statement .)
    $end            reduce using rule 18 (statement -> repeat_through_statement .)
    END             reduce using rule 18 (statement -> repeat_through_statement .)
    ELSE            reduce using rule 18 (statement -> repeat_through_statement .)
    OTHERWISE       reduce using rule 18 (statement -> repeat_through_statement .)


state 13

    (19) statement -> until_statement .

    NEWLINE         reduce using rule 19 (statement -> until_statement .)
    CLASS           reduce using rule 19 (statement -> until_statement .)
    CREATURE        reduce using rule 19 (statement -> until_statement .)
    CREATE          reduce using rule 19 (statement -> until_statement .)
    BRING           reduce using rule 19 (statement -> until_statement .)
    SET             reduce using rule 19 (statement -> until_statement .)
    GIVE            reduce using rule 19 (statement -> until_statement .)
    ATTACH          reduce using rule 19 (statement -> until_statement .)
    REPEAT          reduce using rule 19 (statement -> until_statement .)
    UNTIL           reduce using rule 19 (statement -> until_statement .)
    IF              reduce using rule 19 (statement -> until_statement .)
    WHEN            reduce using rule 19 (statement -> until_statement .)
    ASK             reduce using rule 19 (statement -> until_statement .)
    SAY             reduce using rule 19 (statement -> until_statement .)
    CALL            reduce using rule 19 (statement -> until_statement .)
    WHENEVER        reduce using rule 19 (statement -> until_statement .)
    REMOVE          reduce using rule 19 (statement -> until_statement .)
    ANNOUNCE        reduce using rule 19 (statement -> until_statement .)
    THE_WORLD       reduce using rule 19 (statement -> until_statement .)
    SAVE            reduce using rule 19 (statement -> until_statement .)
    RESTORE         reduce using rule 19 (statement -> until_statement .)
    STRING          reduce using rule 19 (statement -> until_statement .)
    NUMBER          reduce using rule 19 (statement -> until_statement .)
    LPAREN          reduce using rule 19 (statement -> until_statement .)
    IDENTIFIER      reduce using rule 19 (statement -> until_statement .)
    THE_WORLDS      reduce using rule 19 (statement -> until_statement .)
    $end            reduce using rule 19 (statement -> until_statement .)
    END             reduce using rule 19 (statement -> until_statement .)
    ELSE            reduce using rule 19 (statement -> until_statement .)
    OTHERWISE       reduce using rule 19 (statement -> until_statement .)


state 14

    (20) statement -> if_statement .

    NEWLINE         reduce using rule 20 (statement -> if_statement .)
    CLASS           reduce using rule 20 (statement -> if_statement .)
    CREATURE        reduce using rule 20 (statement -> if_statement .)
    CREATE          reduce using rule 20 (statement -> if_statement .)
    BRING           reduce using rule 20 (statement -> if_statement .)
    SET             reduce using rule 20 (statement -> if_statement .)
    GIVE            reduce using rule 20 (statement -> if_statement .)
    ATTACH          reduce using rule 20 (statement -> if_statement .)
    REPEAT          reduce using rule 20 (statement -> if_statement .)
    UNTIL           reduce using rule 20 (statement -> if_statement .)
    IF              reduce using rule 20 (statement -> if_statement .)
    WHEN            reduce using rule 20 (statement -> if_statement .)
    ASK             reduce using rule 20 (statement -> if_statement .)
    SAY             reduce using rule 20 (statement -> if_statement .)
    CALL            reduce using rule 20 (statement -> if_statement .)
    WHENEVER        reduce using rule 20 (statement -> if_statement .)
    REMOVE          reduce using rule 20 (statement -> if_statement .)
    ANNOUNCE        reduce using rule 20 (statement -> if_statement .)
    THE_WORLD       reduce using rule 20 (statement -> if_statement .)
    SAVE            reduce using rule 20 (statement -> if_statement .)
    RESTORE         reduce using rule 20 (statement -> if_statement .)
    STRING          reduce using rule 20 (statement -> if_statement .)
    NUMBER          reduce using rule 20 (statement -> if_statement .)
    LPAREN          reduce using rule 20 (statement -> if_statement .)
    IDENTIFIER      reduce using rule 20 (statement -> if_statement .)
    THE_WORLDS      reduce using rule 20 (statement -> if_statement .)
    $end            reduce using rule 20 (statement -> if_statement .)
    END             reduce using rule 20 (statement -> if_statement .)
    ELSE            reduce using rule 20 (statement -> if_statement .)
    OTHERWISE       reduce using rule 20 (statement -> if_statement .)


state 15

    (21) statement -> ask_statement .

    NEWLINE         reduce using rule 21 (statement -> ask_statement .)
    CLASS           reduce using rule 21 (statement -> ask_statement .)
    CREATURE        reduce using rule 21 (statement -> ask_statement .)
    CREATE          reduce using rule 21 (statement -> ask_statement .)
    BRING           reduce using rule 21 (statement -> ask_statement .)
    SET             reduce using rule 21 (statement -> ask_statement .)
    GIVE            reduce using rule 21 (statement -> ask_statement .)
    ATTACH          reduce using rule 21 (statement -> ask_statement .)
    REPEAT          reduce using rule 21 (statement -> ask_statement .)
    UNTIL           reduce using rule 21 (statement -> ask_statement .)
    IF              reduce using rule 21 (statement -> ask_statement .)
    WHEN            reduce using rule 21 (statement -> ask_statement .)
    ASK             reduce using rule 21 (statement -> ask_statement .)
    SAY             reduce using rule 21 (statement -> ask_statement .)
    CALL            reduce using rule 21 (statement -> ask_statement .)
    WHENEVER        reduce using rule 21 (statement -> ask_statement .)
    REMOVE          reduce using rule 21 (statement -> ask_statement .)
    ANNOUNCE        reduce using rule 21 (statement -> ask_statement .)
    THE_WORLD       reduce using rule 21 (statement -> ask_statement .)
    SAVE            reduce using rule 21 (statement -> ask_statement .)
    RESTORE         reduce using rule 21 (statement -> ask_statement .)
    STRING          reduce using rule 21 (statement -> ask_statement .)
    NUMBER          reduce using rule 21 (statement -> ask_statement .)
    LPAREN          reduce using rule 21 (statement -> ask_statement .)
    IDENTIFIER      reduce using rule 21 (statement -> ask_statement .)
    THE_WORLDS      reduce using rule 21 (statement -> ask_statement .)
    $end            reduce using rule 21 (statement -> ask_statement .)
    END             reduce using rule 21 (statement -> ask_statement .)
    ELSE            reduce using rule 21 (statement -> ask_statement .)
    OTHERWISE       reduce using rule 21 (statement -> ask_statement .)


state 16

    (22) statement -> say_statement .

    NEWLINE         reduce using rule 22 (statement -> say_statement .)
    CLASS           reduce using rule 22 (statement -> say_statement .)
    CREATURE        reduce using rule 22 (statement -> say_statement .)
    CREATE          reduce using rule 22 (statement -> say_statement .)
    BRING           reduce using rule 22 (statement -> say_statement .)
    SET             reduce using rule 22 (statement -> say_statement .)
    GIVE            reduce using rule 22 (statement -> say_statement .)
    ATTACH          reduce using rule 22 (statement -> say_statement .)
    REPEAT          reduce using rule 22 (statement -> say_statement .)
    UNTIL           reduce using rule 22 (statement -> say_statement .)
    IF              reduce using rule 22 (statement -> say_statement .)
    WHEN            reduce using rule 22 (statement -> say_statement .)
    ASK             reduce using rule 22 (statement -> say_statement .)
    SAY             reduce using rule 22 (statement -> say_statement .)
    CALL            reduce using rule 22 (statement -> say_statement .)
    WHENEVER        reduce using rule 22 (statement -> say_statement .)
    REMOVE          reduce using rule 22 (statement -> say_statement .)
    ANNOUNCE        reduce using rule 22 (statement -> say_statement .)
    THE_WORLD       reduce using rule 22 (statement -> say_statement .)
    SAVE            reduce using rule 22 (statement -> say_statement .)
    RESTORE         reduce using rule 22 (statement -> say_statement .)
    STRING          reduce using rule 22 (statement -> say_statement .)
    NUMBER          reduce using rule 22 (statement -> say_statement .)
    LPAREN          reduce using rule 22 (statement -> say_statement .)
    IDENTIFIER      reduce using rule 22 (statement -> say_statement .)
    THE_WORLDS      reduce using rule 22 (statement -> say_statement .)
    $end            reduce using rule 22 (statement -> say_statement .)
    END             reduce using rule 22 (statement -> say_statement .)
    ELSE            reduce using rule 22 (statement -> say_statement .)
    OTHERWISE       reduce using rule 22 (statement -> say_statement .)


state 17

    (23) statement -> call_statement .

    NEWLINE         reduce using rule 23 (statement -> call_statement .)
    CLASS           reduce using rule 23 (statement -> call_statement .)
    CREATURE        reduce using rule 23 (statement -> call_statement .)
    CREATE          reduce using rule 23 (statement -> call_statement .)
    BRING           reduce using rule 23 (statement -> call_statement .)
    SET             reduce using rule 23 (statement -> call_statement .)
    GIVE            reduce using rule 23 (statement -> call_statement .)
    ATTACH          reduce using rule 23 (statement -> call_statement .)
    REPEAT          reduce using rule 23 (statement -> call_statement .)
    UNTIL           reduce using rule 23 (statement -> call_statement .)
    IF              reduce using rule 23 (statement -> call_statement .)
    WHEN            reduce using rule 23 (statement -> call_statement .)
    ASK             reduce using rule 23 (statement -> call_statement .)
    SAY             reduce using rule 23 (statement -> call_statement .)
    CALL            reduce using rule 23 (statement -> call_statement .)
    WHENEVER        reduce using rule 23 (statement -> call_statement .)
    REMOVE          reduce using rule 23 (statement -> call_statement .)
    ANNOUNCE        reduce using rule 23 (statement -> call_statement .)
    THE_WORLD       reduce using rule 23 (statement -> call_statement .)
    SAVE            reduce using rule 23 (statement -> call_statement .)
    RESTORE         reduce using rule 23 (statement -> call_statement .)
    STRING          reduce using rule 23 (statement -> call_statement .)
    NUMBER          reduce using rule 23 (statement -> call_statement .)
    LPAREN          reduce using rule 23 (statement -> call_statement .)
    IDENTIFIER      reduce using rule 23 (statement -> call_statement .)
    THE_WORLDS      reduce using rule 23 (statement -> call_statement .)
    $end            reduce using rule 23 (statement -> call_statement .)
    END             reduce using rule 23 (statement -> call_statement .)
    ELSE            reduce using rule 23 (statement -> call_statement .)
    OTHERWISE       reduce using rule 23 (statement -> call_statement .)


state 18

    (24) statement -> knows_statement .

    NEWLINE         reduce using rule 24 (statement -> knows_statement .)
    CLASS           reduce using rule 24 (statement -> knows_statement .)
    CREATURE        reduce using rule 24 (statement -> knows_statement .)
    CREATE          reduce using rule 24 (statement -> knows_statement .)
    BRING           reduce using rule 24 (statement -> knows_statement .)
    SET             reduce using rule 24 (statement -> knows_statement .)
    GIVE            reduce using rule 24 (statement -> knows_statement .)
    ATTACH          reduce using rule 24 (statement -> knows_statement .)
    REPEAT          reduce using rule 24 (statement -> knows_statement .)
    UNTIL           reduce using rule 24 (statement -> knows_statement .)
    IF              reduce using rule 24 (statement -> knows_statement .)
    WHEN            reduce using rule 24 (statement -> knows_statement .)
    ASK             reduce using rule 24 (statement -> knows_statement .)
    SAY             reduce using rule 24 (statement -> knows_statement .)
    CALL            reduce using rule 24 (statement -> knows_statement .)
    WHENEVER        reduce using rule 24 (statement -> knows_statement .)
    REMOVE          reduce using rule 24 (statement -> knows_statement .)
    ANNOUNCE        reduce using rule 24 (statement -> knows_statement .)
    THE_WORLD       reduce using rule 24 (statement -> knows_statement .)
    SAVE            reduce using rule 24 (statement -> knows_statement .)
    RESTORE         reduce using rule 24 (statement -> knows_statement .)
    STRING          reduce using rule 24 (statement -> knows_statement .)
    NUMBER          reduce using rule 24 (statement -> knows_statement .)
    LPAREN          reduce using rule 24 (statement -> knows_statement .)
    IDENTIFIER      reduce using rule 24 (statement -> knows_statement .)
    THE_WORLDS      reduce using rule 24 (statement -> knows_statement .)
    $end            reduce using rule 24 (statement -> knows_statement .)
    END             reduce using rule 24 (statement -> knows_statement .)
    ELSE            reduce using rule 24 (statement -> knows_statement .)
    OTHERWISE       reduce using rule 24 (statement -> knows_statement .)


state 19

    (25) statement -> forgets_statement .

    NEWLINE         reduce using rule 25 (statement -> forgets_statement .)
    CLASS           reduce using rule 25 (statement -> forgets_statement .)
    CREATURE        reduce using rule 25 (statement -> forgets_statement .)
    CREATE          reduce using rule 25 (statement -> forgets_statement .)
    BRING           reduce using rule 25 (statement -> forgets_statement .)
    SET             reduce using rule 25 (statement -> forgets_statement .)
    GIVE            reduce using rule 25 (statement -> forgets_statement .)
    ATTACH          reduce using rule 25 (statement -> forgets_statement .)
    REPEAT          reduce using rule 25 (statement -> forgets_statement .)
    UNTIL           reduce using rule 25 (statement -> forgets_statement .)
    IF              reduce using rule 25 (statement -> forgets_statement .)
    WHEN            reduce using rule 25 (statement -> forgets_statement .)
    ASK             reduce using rule 25 (statement -> forgets_statement .)
    SAY             reduce using rule 25 (statement -> forgets_statement .)
    CALL            reduce using rule 25 (statement -> forgets_statement .)
    WHENEVER        reduce using rule 25 (statement -> forgets_statement .)
    REMOVE          reduce using rule 25 (statement -> forgets_statement .)
    ANNOUNCE        reduce using rule 25 (statement -> forgets_statement .)
    THE_WORLD       reduce using rule 25 (statement -> forgets_statement .)
    SAVE            reduce using rule 25 (statement -> forgets_statement .)
    RESTORE         reduce using rule 25 (statement -> forgets_statement .)
    STRING          reduce using rule 25 (statement -> forgets_statement .)
    NUMBER          reduce using rule 25 (statement -> forgets_statement .)
    LPAREN          reduce using rule 25 (statement -> forgets_statement .)
    IDENTIFIER      reduce using rule 25 (statement -> forgets_statement .)
    THE_WORLDS      reduce using rule 25 (statement -> forgets_statement .)
    $end            reduce using rule 25 (statement -> forgets_statement .)
    END             reduce using rule 25 (statement -> forgets_statement .)
    ELSE            reduce using rule 25 (statement -> forgets_statement .)
    OTHERWISE       reduce using rule 25 (statement -> forgets_statement .)


state 20

    (26) statement -> whenever_statement .

    NEWLINE         reduce using rule 26 (statement -> whenever_statement .)
    CLASS           reduce using rule 26 (statement -> whenever_statement .)
    CREATURE        reduce using rule 26 (statement -> whenever_statement .)
    CREATE          reduce using rule 26 (statement -> whenever_statement .)
    BRING           reduce using rule 26 (statement -> whenever_statement .)
    SET             reduce using rule 26 (statement -> whenever_statement .)
    GIVE            reduce using rule 26 (statement -> whenever_statement .)
    ATTACH          reduce using rule 26 (statement -> whenever_statement .)
    REPEAT          reduce using rule 26 (statement -> whenever_statement .)
    UNTIL           reduce using rule 26 (statement -> whenever_statement .)
    IF              reduce using rule 26 (statement -> whenever_statement .)
    WHEN            reduce using rule 26 (statement -> whenever_statement .)
    ASK             reduce using rule 26 (statement -> whenever_statement .)
    SAY             reduce using rule 26 (statement -> whenever_statement .)
    CALL            reduce using rule 26 (statement -> whenever_statement .)
    WHENEVER        reduce using rule 26 (statement -> whenever_statement .)
    REMOVE          reduce using rule 26 (statement -> whenever_statement .)
    ANNOUNCE        reduce using rule 26 (statement -> whenever_statement .)
    THE_WORLD       reduce using rule 26 (statement -> whenever_statement .)
    SAVE            reduce using rule 26 (statement -> whenever_statement .)
    RESTORE         reduce using rule 26 (statement -> whenever_statement .)
    STRING          reduce using rule 26 (statement -> whenever_statement .)
    NUMBER          reduce using rule 26 (statement -> whenever_statement .)
    LPAREN          reduce using rule 26 (statement -> whenever_statement .)
    IDENTIFIER      reduce using rule 26 (statement -> whenever_statement .)
    THE_WORLDS      reduce using rule 26 (statement -> whenever_statement .)
    $end            reduce using rule 26 (statement -> whenever_statement .)
    END             reduce using rule 26 (statement -> whenever_statement .)
    ELSE            reduce using rule 26 (statement -> whenever_statement .)
    OTHERWISE       reduce using rule 26 (statement -> whenever_statement .)


state 21

    (27) statement -> remove_statement .

    NEWLINE         reduce using rule 27 (statement -> remove_statement .)
    CLASS           reduce using rule 27 (statement -> remove_statement .)
    CREATURE        reduce using rule 27 (statement -> remove_statement .)
    CREATE          reduce using rule 27 (statement -> remove_statement .)
    BRING           reduce using rule 27 (statement -> remove_statement .)
    SET             reduce using rule 27 (statement -> remove_statement .)
    GIVE            reduce using rule 27 (statement -> remove_statement .)
    ATTACH          reduce using rule 27 (statement -> remove_statement .)
    REPEAT          reduce using rule 27 (statement -> remove_statement .)
    UNTIL           reduce using rule 27 (statement -> remove_statement .)
    IF              reduce using rule 27 (statement -> remove_statement .)
    WHEN            reduce using rule 27 (statement -> remove_statement .)
    ASK             reduce using rule 27 (statement -> remove_statement .)
    SAY             reduce using rule 27 (statement -> remove_statement .)
    CALL            reduce using rule 27 (statement -> remove_statement .)
    WHENEVER        reduce using rule 27 (statement -> remove_statement .)
    REMOVE          reduce using rule 27 (statement -> remove_statement .)
    ANNOUNCE        reduce using rule 27 (statement -> remove_statement .)
    THE_WORLD       reduce using rule 27 (statement -> remove_statement .)
    SAVE            reduce using rule 27 (statement -> remove_statement .)
    RESTORE         reduce using rule 27 (statement -> remove_statement .)
    STRING          reduce using rule 27 (statement -> remove_statement .)
    NUMBER          reduce using rule 27 (statement -> remove_statement .)
    LPAREN          reduce using rule 27 (statement -> remove_statement .)
    IDENTIFIER      reduce using rule 27 (statement -> remove_statement .)
    THE_WORLDS      reduce using rule 27 (statement -> remove_statement .)
    $end            reduce using rule 27 (statement -> remove_statement .)
    END             reduce using rule 27 (statement -> remove_statement .)
    ELSE            reduce using rule 27 (statement -> remove_statement .)
    OTHERWISE       reduce using rule 27 (statement -> remove_statement .)


state 22

    (28) statement -> announce_statement .

    NEWLINE         reduce using rule 28 (statement -> announce_statement .)
    CLASS           reduce using rule 28 (statement -> announce_statement .)
    CREATURE        reduce using rule 28 (statement -> announce_statement .)
    CREATE          reduce using rule 28 (statement -> announce_statement .)
    BRING           reduce using rule 28 (statement -> announce_statement .)
    SET             reduce using rule 28 (statement -> announce_statement .)
    GIVE            reduce using rule 28 (statement -> announce_statement .)
    ATTACH          reduce using rule 28 (statement -> announce_statement .)
    REPEAT          reduce using rule 28 (statement -> announce_statement .)
    UNTIL           reduce using rule 28 (statement -> announce_statement .)
    IF              reduce using rule 28 (statement -> announce_statement .)
    WHEN            reduce using rule 28 (statement -> announce_statement .)
    ASK             reduce using rule 28 (statement -> announce_statement .)
    SAY             reduce using rule 28 (statement -> announce_statement .)
    CALL            reduce using rule 28 (statement -> announce_statement .)
    WHENEVER        reduce using rule 28 (statement -> announce_statement .)
    REMOVE          reduce using rule 28 (statement -> announce_statement .)
    ANNOUNCE        reduce using rule 28 (statement -> announce_statement .)
    THE_WORLD       reduce using rule 28 (statement -> announce_statement .)
    SAVE            reduce using rule 28 (statement -> announce_statement .)
    RESTORE         reduce using rule 28 (statement -> announce_statement .)
    STRING          reduce using rule 28 (statement -> announce_statement .)
    NUMBER          reduce using rule 28 (statement -> announce_statement .)
    LPAREN          reduce using rule 28 (statement -> announce_statement .)
    IDENTIFIER      reduce using rule 28 (statement -> announce_statement .)
    THE_WORLDS      reduce using rule 28 (statement -> announce_statement .)
    $end            reduce using rule 28 (statement -> announce_statement .)
    END             reduce using rule 28 (statement -> announce_statement .)
    ELSE            reduce using rule 28 (statement -> announce_statement .)
    OTHERWISE       reduce using rule 28 (statement -> announce_statement .)


state 23

    (29) statement -> world_remembers .

    NEWLINE         reduce using rule 29 (statement -> world_remembers .)
    CLASS           reduce using rule 29 (statement -> world_remembers .)
    CREATURE        reduce using rule 29 (statement -> world_remembers .)
    CREATE          reduce using rule 29 (statement -> world_remembers .)
    BRING           reduce using rule 29 (statement -> world_remembers .)
    SET             reduce using rule 29 (statement -> world_remembers .)
    GIVE            reduce using rule 29 (statement -> world_remembers .)
    ATTACH          reduce using rule 29 (statement -> world_remembers .)
    REPEAT          reduce using rule 29 (statement -> world_remembers .)
    UNTIL           reduce using rule 29 (statement -> world_remembers .)
    IF              reduce using rule 29 (statement -> world_remembers .)
    WHEN            reduce using rule 29 (statement -> world_remembers .)
    ASK             reduce using rule 29 (statement -> world_remembers .)
    SAY             reduce using rule 29 (statement -> world_remembers .)
    CALL            reduce using rule 29 (statement -> world_remembers .)
    WHENEVER        reduce using rule 29 (statement -> world_remembers .)
    REMOVE          reduce using rule 29 (statement -> world_remembers .)
    ANNOUNCE        reduce using rule 29 (statement -> world_remembers .)
    THE_WORLD       reduce using rule 29 (statement -> world_remembers .)
    SAVE            reduce using rule 29 (statement -> world_remembers .)
    RESTORE         reduce using rule 29 (statement -> world_remembers .)
    STRING          reduce using rule 29 (statement -> world_remembers .)
    NUMBER          reduce using rule 29 (statement -> world_remembers .)
    LPAREN          reduce using rule 29 (statement -> world_remembers .)
    IDENTIFIER      reduce using rule 29 (statement -> world_remembers .)
    THE_WORLDS      reduce using rule 29 (statement -> world_remembers .)
    $end            reduce using rule 29 (statement -> world_remembers .)
    END             reduce using rule 29 (statement -> world_remembers .)
    ELSE            reduce using rule 29 (statement -> world_remembers .)
    OTHERWISE       reduce using rule 29 (statement -> world_remembers .)


state 24

    (30) statement -> world_forgets .

    NEWLINE         reduce using rule 30 (statement -> world_forgets .)
    CLASS           reduce using rule 30 (statement -> world_forgets .)
    CREATURE        reduce using rule 30 (statement -> world_forgets .)
    CREATE          reduce using rule 30 (statement -> world_forgets .)
    BRING           reduce using rule 30 (statement -> world_forgets .)
    SET             reduce using rule 30 (statement -> world_forgets .)
    GIVE            reduce using rule 30 (statement -> world_forgets .)
    ATTACH          reduce using rule 30 (statement -> world_forgets .)
    REPEAT          reduce using rule 30 (statement -> world_forgets .)
    UNTIL           reduce using rule 30 (statement -> world_forgets .)
    IF              reduce using rule 30 (statement -> world_forgets .)
    WHEN            reduce using rule 30 (statement -> world_forgets .)
    ASK             reduce using rule 30 (statement -> world_forgets .)
    SAY             reduce using rule 30 (statement -> world_forgets .)
    CALL            reduce using rule 30 (statement -> world_forgets .)
    WHENEVER        reduce using rule 30 (statement -> world_forgets .)
    REMOVE          reduce using rule 30 (statement -> world_forgets .)
    ANNOUNCE        reduce using rule 30 (statement -> world_forgets .)
    THE_WORLD       reduce using rule 30 (statement -> world_forgets .)
    SAVE            reduce using rule 30 (statement -> world_forgets .)
    RESTORE         reduce using rule 30 (statement -> world_forgets .)
    STRING          reduce using rule 30 (statement -> world_forgets .)
    NUMBER          reduce using rule 30 (statement -> world_forgets .)
    LPAREN          reduce using rule 30 (statement -> world_forgets .)
    IDENTIFIER      reduce using rule 30 (statement -> world_forgets .)
    THE_WORLDS      reduce using rule 30 (statement -> world_forgets .)
    $end            reduce using rule 30 (statement -> world_forgets .)
    END             reduce using rule 30 (statement -> world_forgets .)
    ELSE            reduce using rule 30 (statement -> world_forgets .)
    OTHERWISE       reduce using rule 30 (statement -> world_forgets .)


state 25

    (31) statement -> save_world .

    NEWLINE         reduce using rule 31 (statement -> save_world .)
    CLASS           reduce using rule 31 (statement -> save_world .)
    CREATURE        reduce using rule 31 (statement -> save_world .)
    CREATE          reduce using rule 31 (statement -> save_world .)
    BRING           reduce using rule 31 (statement -> save_world .)
    SET             reduce using rule 31 (statement -> save_world .)
    GIVE            reduce using rule 31 (statement -> save_world .)
    ATTACH          reduce using rule 31 (statement -> save_world .)
    REPEAT          reduce using rule 31 (statement -> save_world .)
    UNTIL           reduce using rule 31 (statement -> save_world .)
    IF              reduce using rule 31 (statement -> save_world .)
    WHEN            reduce using rule 31 (statement -> save_world .)
    ASK             reduce using rule 31 (statement -> save_world .)
    SAY             reduce using rule 31 (statement -> save_world .)
    CALL            reduce using rule 31 (statement -> save_world .)
    WHENEVER        reduce using rule 31 (statement -> save_world .)
    REMOVE          reduce using rule 31 (statement -> save_world .)
    ANNOUNCE        reduce using rule 31 (statement -> save_world .)
    THE_WORLD       reduce using rule 31 (statement -> save_world .)
    SAVE            reduce using rule 31 (statement -> save_world .)
    RESTORE         reduce using rule 31 (statement -> save_world .)
    STRING          reduce using rule 31 (statement -> save_world .)
    NUMBER          reduce using rule 31 (statement -> save_world .)
    LPAREN          reduce using rule 31 (statement -> save_world .)
    IDENTIFIER      reduce using rule 31 (statement -> save_world .)
    THE_WORLDS      reduce using rule 31 (statement -> save_world .)
    $end            reduce using rule 31 (statement -> save_world .)
    END             reduce using rule 31 (statement -> save_world .)
    ELSE            reduce using rule 31 (statement -> save_world .)
    OTHERWISE       reduce using rule 31 (statement -> save_world .)


state 26

    (32) statement -> restore_world .

    NEWLINE         reduce using rule 32 (statement -> restore_world .)
    CLASS           reduce using rule 32 (statement -> restore_world .)
    CREATURE        reduce using rule 32 (statement -> restore_world .)
    CREATE          reduce using rule 32 (statement -> restore_world .)
    BRING           reduce using rule 32 (statement -> restore_world .)
    SET             reduce using rule 32 (statement -> restore_world .)
    GIVE            reduce using rule 32 (statement -> restore_world .)
    ATTACH          reduce using rule 32 (statement -> restore_world .)
    REPEAT          reduce using rule 32 (statement -> restore_world .)
    UNTIL           reduce using rule 32 (statement -> restore_world .)
    IF              reduce using rule 32 (statement -> restore_world .)
    WHEN            reduce using rule 32 (statement -> restore_world .)
    ASK             reduce using rule 32 (statement -> restore_world .)
    SAY             reduce using rule 32 (statement -> restore_world .)
    CALL            reduce using rule 32 (statement -> restore_world .)
    WHENEVER        reduce using rule 32 (statement -> restore_world .)
    REMOVE          reduce using rule 32 (statement -> restore_world .)
    ANNOUNCE        reduce using rule 32 (statement -> restore_world .)
    THE_WORLD       reduce using rule 32 (statement -> restore_world .)
    SAVE            reduce using rule 32 (statement -> restore_world .)
    RESTORE         reduce using rule 32 (statement -> restore_world .)
    STRING          reduce using rule 32 (statement -> restore_world .)
    NUMBER          reduce using rule 32 (statement -> restore_world .)
    LPAREN          reduce using rule 32 (statement -> restore_world .)
    IDENTIFIER      reduce using rule 32 (statement -> restore_world .)
    THE_WORLDS      reduce using rule 32 (statement -> restore_world .)
    $end            reduce using rule 32 (statement -> restore_world .)
    END             reduce using rule 32 (statement -> restore_world .)
    ELSE            reduce using rule 32 (statement -> restore_world .)
    OTHERWISE       reduce using rule 32 (statement -> restore_world .)


state 27

    (33) class_definition -> CLASS . IDENTIFIER opt_separator class_body opt_separator END CLASS
    (34) class_definition -> CLASS . IDENTIFIER FROM IDENTIFIER opt_separator class_body opt_separator END CLASS

    IDENTIFIER      shift and go to state 58


state 28

    (50) attribute_path -> IDENTIFIER .

    IDENTIFIER      reduce using rule 50 (attribute_path -> IDENTIFIER .)
    DOES            reduce using rule 50 (attribute_path -> IDENTIFIER .)
    KNOWS           reduce using rule 50 (attribute_path -> IDENTIFIER .)
    FORGETS         reduce using rule 50 (attribute_path -> IDENTIFIER .)
    PLUS            reduce using rule 50 (attribute_path -> IDENTIFIER .)
    MINUS           reduce using rule 50 (attribute_path -> IDENTIFIER .)
    TO              reduce using rule 50 (attribute_path -> IDENTIFIER .)
    TRAIT           reduce using rule 50 (attribute_path -> IDENTIFIER .)
    TIMES           reduce using rule 50 (attribute_path -> IDENTIFIER .)
    GT              reduce using rule 50 (attribute_path -> IDENTIFIER .)
    LT              reduce using rule 50 (attribute_path -> IDENTIFIER .)
    EQ              reduce using rule 50 (attribute_path -> IDENTIFIER .)
    NEQ             reduce using rule 50 (attribute_path -> IDENTIFIER .)
    NEWLINE         reduce using rule 50 (attribute_path -> IDENTIFIER .)
    CLASS           reduce using rule 50 (attribute_path -> IDENTIFIER .)
    CREATURE        reduce using rule 50 (attribute_path -> IDENTIFIER .)
    CREATE          reduce using rule 50 (attribute_path -> IDENTIFIER .)
    BRING           reduce using rule 50 (attribute_path -> IDENTIFIER .)
    SET             reduce using rule 50 (attribute_path -> IDENTIFIER .)
    GIVE            reduce using rule 50 (attribute_path -> IDENTIFIER .)
    ATTACH          reduce using rule 50 (attribute_path -> IDENTIFIER .)
    REPEAT          reduce using rule 50 (attribute_path -> IDENTIFIER .)
    UNTIL           reduce using rule 50 (attribute_path -> IDENTIFIER .)
    IF              reduce using rule 50 (attribute_path -> IDENTIFIER .)
    WHEN            reduce using rule 50 (attribute_path -> IDENTIFIER .)
    ASK             reduce using rule 50 (attribute_path -> IDENTIFIER .)
    SAY             reduce using rule 50 (attribute_path -> IDENTIFIER .)
    CALL            reduce using rule 50 (attribute_path -> IDENTIFIER .)
    WHENEVER        reduce using rule 50 (attribute_path -> IDENTIFIER .)
    REMOVE          reduce using rule 50 (attribute_path -> IDENTIFIER .)
    ANNOUNCE        reduce using rule 50 (attribute_path -> IDENTIFIER .)
    THE_WORLD       reduce using rule 50 (attribute_path -> IDENTIFIER .)
    SAVE            reduce using rule 50 (attribute_path -> IDENTIFIER .)
    RESTORE         reduce using rule 50 (attribute_path -> IDENTIFIER .)
    STRING          reduce using rule 50 (attribute_path -> IDENTIFIER .)
    NUMBER          reduce using rule 50 (attribute_path -> IDENTIFIER .)
    LPAREN          reduce using rule 50 (attribute_path -> IDENTIFIER .)
    THE_WORLDS      reduce using rule 50 (attribute_path -> IDENTIFIER .)
    $end            reduce using rule 50 (attribute_path -> IDENTIFIER .)
    END             reduce using rule 50 (attribute_path -> IDENTIFIER .)
    ELSE            reduce using rule 50 (attribute_path -> IDENTIFIER .)
    OTHERWISE       reduce using rule 50 (attribute_path -> IDENTIFIER .)
    RPAREN          reduce using rule 50 (attribute_path -> IDENTIFIER .)
    AS              reduce using rule 50 (attribute_path -> IDENTIFIER .)


state 29

    (35) class_definition -> CREATURE . IDENTIFIER opt_separator class_body opt_separator END CREATURE
    (36) class_definition -> CREATURE . IDENTIFIER FROM IDENTIFIER opt_separator class_body opt_separator END CREATURE

    IDENTIFIER      shift and go to state 59


state 30

    (52) create_statement -> CREATE . IDENTIFIER IDENTIFIER WITH expression
    (53) create_statement -> CREATE . IDENTIFIER IDENTIFIER

    IDENTIFIER      shift and go to state 60


state 31

    (70) call_statement -> expression . DOES action_name
    (71) knows_statement -> expression . KNOWS expression
    (72) knows_statement -> expression . KNOWS expression AS IDENTIFIER
    (73) forgets_statement -> expression . FORGETS IDENTIFIER
    (99) expression -> expression . PLUS expression
    (100) expression -> expression . MINUS expression

    DOES            shift and go to state 61
    KNOWS           shift and go to state 62
    FORGETS         shift and go to state 63
    PLUS            shift and go to state 64
    MINUS           shift and go to state 65


state 32

    (54) create_statement -> BRING . IDENTIFIER TO LIFE AS IDENTIFIER WITH expression
    (55) create_statement -> BRING . IDENTIFIER TO LIFE AS IDENTIFIER

    IDENTIFIER      shift and go to state 66


state 33

    (56) set_statement -> SET . attribute_path TO expression
    (50) attribute_path -> . IDENTIFIER
    (51) attribute_path -> . attribute_path IDENTIFIER

    IDENTIFIER      shift and go to state 28

    attribute_path                 shift and go to state 67

state 34

    (98) expression -> attribute_path .
    (51) attribute_path -> attribute_path . IDENTIFIER

  ! shift/reduce conflict for IDENTIFIER resolved as shift
    DOES            reduce using rule 98 (expression -> attribute_path .)
    KNOWS           reduce using rule 98 (expression -> attribute_path .)
    FORGETS         reduce using rule 98 (expression -> attribute_path .)
    PLUS            reduce using rule 98 (expression -> attribute_path .)
    MINUS           reduce using rule 98 (expression -> attribute_path .)
    TO              reduce using rule 98 (expression -> attribute_path .)
    TIMES           reduce using rule 98 (expression -> attribute_path .)
    GT              reduce using rule 98 (expression -> attribute_path .)
    LT              reduce using rule 98 (expression -> attribute_path .)
    EQ              reduce using rule 98 (expression -> attribute_path .)
    NEQ             reduce using rule 98 (expression -> attribute_path .)
    NEWLINE         reduce using rule 98 (expression -> attribute_path .)
    CLASS           reduce using rule 98 (expression -> attribute_path .)
    CREATURE        reduce using rule 98 (expression -> attribute_path .)
    CREATE          reduce using rule 98 (expression -> attribute_path .)
    BRING           reduce using rule 98 (expression -> attribute_path .)
    SET             reduce using rule 98 (expression -> attribute_path .)
    GIVE            reduce using rule 98 (expression -> attribute_path .)
    ATTACH          reduce using rule 98 (expression -> attribute_path .)
    REPEAT          reduce using rule 98 (expression -> attribute_path .)
    UNTIL           reduce using rule 98 (expression -> attribute_path .)
    IF              reduce using rule 98 (expression -> attribute_path .)
    WHEN            reduce using rule 98 (expression -> attribute_path .)
    ASK             reduce using rule 98 (expression -> attribute_path .)
    SAY             reduce using rule 98 (expression -> attribute_path .)
    CALL            reduce using rule 98 (expression -> attribute_path .)
    WHENEVER        reduce using rule 98 (expression -> attribute_path .)
    REMOVE          reduce using rule 98 (expression -> attribute_path .)
    ANNOUNCE        reduce using rule 98 (expression -> attribute_path .)
    THE_WORLD       reduce using rule 98 (expression -> attribute_path .)
    SAVE            reduce using rule 98 (expression -> attribute_path .)
    RESTORE         reduce using rule 98 (expression -> attribute_path .)
    STRING          reduce using rule 98 (expression -> attribute_path .)
    NUMBER          reduce using rule 98 (expression -> attribute_path .)
    LPAREN          reduce using rule 98 (expression -> attribute_path .)
    THE_WORLDS      reduce using rule 98 (expression -> attribute_path .)
    $end            reduce using rule 98 (expression -> attribute_path .)
    END             reduce using rule 98 (expression -> attribute_path .)
    ELSE            reduce using rule 98 (expression -> attribute_path .)
    OTHERWISE       reduce using rule 98 (expression -> attribute_path .)
    RPAREN          reduce using rule 98 (expression -> attribute_path .)
    AS              reduce using rule 98 (expression -> attribute_path .)
    IDENTIFIER      shift and go to state 68

  ! IDENTIFIER      [ reduce using rule 98 (expression -> attribute_path .) ]


state 35

    (57) set_statement -> GIVE . attribute_path IDENTIFIER TRAIT IDENTIFIER TO expression
    (58) set_statement -> GIVE . attribute_path TRAIT IDENTIFIER TO expression
    (50) attribute_path -> . IDENTIFIER
    (51) attribute_path -> . attribute_path IDENTIFIER

    IDENTIFIER      shift and go to state 28

    attribute_path                 shift and go to state 69

state 36

    (59) attach_statement -> ATTACH . expression TO expression
    (96) expression -> . STRING
    (97) expression -> . NUMBER
    (98) expression -> . attribute_path
    (99) expression -> . expression PLUS expression
    (100) expression -> . expression MINUS expression
    (101) expression -> . LPAREN expression_list RPAREN
    (102) expression -> . world_expr
    (50) attribute_path -> . IDENTIFIER
    (51) attribute_path -> . attribute_path IDENTIFIER
    (103) world_expr -> . THE_WORLD KNOWS fact_name
    (104) world_expr -> . THE_WORLDS IDENTIFIER CREATURES
    (105) world_expr -> . THE_WORLD COUNTS IDENTIFIER

    STRING          shift and go to state 42
    NUMBER          shift and go to state 51
    LPAREN          shift and go to state 52
    IDENTIFIER      shift and go to state 28
    THE_WORLD       shift and go to state 71
    THE_WORLDS      shift and go to state 54

    expression                     shift and go to state 70
    attribute_path                 shift and go to state 34
    world_expr                     shift and go to state 53

state 37

    (60) repeat_statement -> REPEAT . expression TIMES opt_separator statements opt_separator END REPEAT
    (61) repeat_through_statement -> REPEAT . THROUGH expression AS attribute_path opt_separator statements opt_separator END REPEAT
    (96) expression -> . STRING
    (97) expression -> . NUMBER
    (98) expression -> . attribute_path
    (99) expression -> . expression PLUS expression
    (100) expression -> . expression MINUS expression
    (101) expression -> . LPAREN expression_list RPAREN
    (102) expression -> . world_expr
    (50) attribute_path -> . IDENTIFIER
    (51) attribute_path -> . attribute_path IDENTIFIER
    (103) world_expr -> . THE_WORLD KNOWS fact_name
    (104) world_expr -> . THE_WORLDS IDENTIFIER CREATURES
    (105) world_expr -> . THE_WORLD COUNTS IDENTIFIER

    THROUGH         shift and go to state 73
    STRING          shift and go to state 42
    NUMBER          shift and go to state 51
    LPAREN          shift and go to state 52
    IDENTIFIER      shift and go to state 28
    THE_WORLD       shift and go to state 71
    THE_WORLDS      shift and go to state 54

    expression                     shift and go to state 72
    attribute_path                 shift and go to state 34
    world_expr                     shift and go to state 53

state 38

    (62) until_statement -> UNTIL . condition opt_separator statements opt_separator END UNTIL
    (86) condition -> . expression comparison_op expression
    (87) condition -> . expression KNOWS expression
    (88) condition -> . expression KNOWS expression AS IDENTIFIER
    (89) condition -> . expression KNOWS ANYONE AS IDENTIFIER
    (96) expression -> . STRING
    (97) expression -> . NUMBER
    (98) expression -> . attribute_path
    (99) expression -> . expression PLUS expression
    (100) expression -> . expression MINUS expression
    (101) expression -> . LPAREN expression_list RPAREN
    (102) expression -> . world_expr
    (50) attribute_path -> . IDENTIFIER
    (51) attribute_path -> . attribute_path IDENTIFIER
    (103) world_expr -> . THE_WORLD KNOWS fact_name
    (104) world_expr -> . THE_WORLDS IDENTIFIER CREATURES
    (105) world_expr -> . THE_WORLD COUNTS IDENTIFIER

    STRING          shift and go to state 42
    NUMBER          shift and go to state 51
    LPAREN          shift and go to state 52
    IDENTIFIER      shift and go to state 28
    THE_WORLD       shift and go to state 71
    THE_WORLDS      shift and go to state 54

    condition                      shift and go to state 74
    expression                     shift and go to state 75
    attribute_path                 shift and go to state 34
    world_expr                     shift and go to state 53

state 39

    (63) if_statement -> IF . condition opt_separator statements opt_separator ELSE opt_separator statements opt_separator END IF
    (64) if_statement -> IF . condition opt_separator statements opt_separator END IF
    (86) condition -> . expression comparison_op expression
    (87) condition -> . expression KNOWS expression
    (88) condition -> . expression KNOWS expression AS IDENTIFIER
    (89) condition -> . expression KNOWS ANYONE AS IDENTIFIER
    (96) expression -> . STRING
    (97) expression -> . NUMBER
    (98) expression -> . attribute_path
    (99) expression -> . expression PLUS expression
    (100) expression -> . expression MINUS expression
    (101) expression -> . LPAREN expression_list RPAREN
    (102) expression -> . world_expr
    (50) attribute_path -> . IDENTIFIER
    (51) attribute_path -> . attribute_path IDENTIFIER
    (103) world_expr -> . THE_WORLD KNOWS fact_name
    (104) world_expr -> . THE_WORLDS IDENTIFIER CREATURES
    (105) world_expr -> . THE_WORLD COUNTS IDENTIFIER

    STRING          shift and go to state 42
    NUMBER          shift and go to state 51
    LPAREN          shift and go to state 52
    IDENTIFIER      shift and go to state 28
    THE_WORLD       shift and go to state 71
    THE_WORLDS      shift and go to state 54

    condition                      shift and go to state 76
    expression                     shift and go to state 75
    attribute_path                 shift and go to state 34
    world_expr                     shift and go to state 53

state 40

    (65) if_statement -> WHEN . condition opt_separator statements opt_separator OTHERWISE opt_separator statements opt_separator END WHEN
    (66) if_statement -> WHEN . condition opt_separator statements opt_separator END WHEN
    (86) condition -> . expression comparison_op expression
    (87) condition -> . expression KNOWS expression
    (88) condition -> . expression KNOWS expression AS IDENTIFIER
    (89) condition -> . expression KNOWS ANYONE AS IDENTIFIER
    (96) expression -> . STRING
    (97) expression -> . NUMBER
    (98) expression -> . attribute_path
    (99) expression -> . expression PLUS expression
    (100) expression -> . expression MINUS expression
    (101) expression -> . LPAREN expression_list RPAREN
    (102) expression -> . world_expr
    (50) attribute_path -> . IDENTIFIER
    (51) attribute_path -> . attribute_path IDENTIFIER
    (103) world_expr -> . THE_WORLD KNOWS fact_name
    (104) world_expr -> . THE_WORLDS IDENTIFIER CREATURES
    (105) world_expr -> . THE_WORLD COUNTS IDENTIFIER

    STRING          shift and go to state 42
    NUMBER          shift and go to state 51
    LPAREN          shift and go to state 52
    IDENTIFIER      shift and go to state 28
    THE_WORLD       shift and go to state 71
    THE_WORLDS      shift and go to state 54

    condition                      shift and go to state 77
    expression                     shift and go to state 75
    attribute_path                 shift and go to state 34
    world_expr                     shift and go to state 53

state 41

    (67) ask_statement -> ASK . STRING

    STRING          shift and go to state 78


state 42

    (96) expression -> STRING .

    DOES            reduce using rule 96 (expression -> STRING .)
    KNOWS           reduce using rule 96 (expression -> STRING .)
    FORGETS         reduce using rule 96 (expression -> STRING .)
    PLUS            reduce using rule 96 (expression -> STRING .)
    MINUS           reduce using rule 96 (expression -> STRING .)
    TO              reduce using rule 96 (expression -> STRING .)
    TIMES           reduce using rule 96 (expression -> STRING .)
    GT              reduce using rule 96 (expression -> STRING .)
    LT              reduce using rule 96 (expression -> STRING .)
    EQ              reduce using rule 96 (expression -> STRING .)
    NEQ             reduce using rule 96 (expression -> STRING .)
    NEWLINE         reduce using rule 96 (expression -> STRING .)
    CLASS           reduce using rule 96 (expression -> STRING .)
    CREATURE        reduce using rule 96 (expression -> STRING .)
    CREATE          reduce using rule 96 (expression -> STRING .)
    BRING           reduce using rule 96 (expression -> STRING .)
    SET             reduce using rule 96 (expression -> STRING .)
    GIVE            reduce using rule 96 (expression -> STRING .)
    ATTACH          reduce using rule 96 (expression -> STRING .)
    REPEAT          reduce using rule 96 (expression -> STRING .)
    UNTIL           reduce using rule 96 (expression -> STRING .)
    IF              reduce using rule 96 (expression -> STRING .)
    WHEN            reduce using rule 96 (expression -> STRING .)
    ASK             reduce using rule 96 (expression -> STRING .)
    SAY             reduce using rule 96 (expression -> STRING .)
    CALL            reduce using rule 96 (expression -> STRING .)
    WHENEVER        reduce using rule 96 (expression -> STRING .)
    REMOVE          reduce using rule 96 (expression -> STRING .)
    ANNOUNCE        reduce using rule 96 (expression -> STRING .)
    THE_WORLD       reduce using rule 96 (expression -> STRING .)
    SAVE            reduce using rule 96 (expression -> STRING .)
    RESTORE         reduce using rule 96 (expression -> STRING .)
    STRING          reduce using rule 96 (expression -> STRING .)
    NUMBER          reduce using rule 96 (expression -> STRING .)
    LPAREN          reduce using rule 96 (expression -> STRING .)
    IDENTIFIER      reduce using rule 96 (expression -> STRING .)
    THE_WORLDS      reduce using rule 96 (expression -> STRING .)
    $end            reduce using rule 96 (expression -> STRING .)
    END             reduce using rule 96 (expression -> STRING .)
    ELSE            reduce using rule 96 (expression -> STRING .)
    OTHERWISE       reduce using rule 96 (expression -> STRING .)
    RPAREN          reduce using rule 96 (expression -> STRING .)
    AS              reduce using rule 96 (expression -> STRING .)


state 43

    (68) say_statement -> SAY . expression
    (96) expression -> . STRING
    (97) expression -> . NUMBER
    (98) expression -> . attribute_path
    (99) expression -> . expression PLUS expression
    (100) expression -> . expression MINUS expression
    (101) expression -> . LPAREN expression_list RPAREN
    (102) expression -> . world_expr
    (50) attribute_path -> . IDENTIFIER
    (51) attribute_path -> . attribute_path IDENTIFIER
    (103) world_expr -> . THE_WORLD KNOWS fact_name
    (104) world_expr -> . THE_WORLDS IDENTIFIER CREATURES
    (105) world_expr -> . THE_WORLD COUNTS IDENTIFIER

    STRING          shift and go to state 42
    NUMBER          shift and go to state 51
    LPAREN          shift and go to state 52
    IDENTIFIER      shift and go to state 28
    THE_WORLD       shift and go to state 71
    THE_WORLDS      shift and go to state 54

    expression                     shift and go to state 79
    attribute_path                 shift and go to state 34
    world_expr                     shift and go to state 53

state 44

    (69) call_statement -> CALL . attribute_path
    (50) attribute_path -> . IDENTIFIER
    (51) attribute_path -> . attribute_path IDENTIFIER

    IDENTIFIER      shift and go to state 28

    attribute_path                 shift and go to state 80

state 45

    (74) whenever_statement -> WHENEVER . subject DOES action_name opt_separator statements opt_separator END WHENEVER
    (75) whenever_statement -> WHENEVER . subject GETS TRAIT IDENTIFIER CHANGED opt_separator statements opt_separator END WHENEVER
    (76) whenever_statement -> WHENEVER . subject IDENTIFIER BORN opt_separator statements opt_separator END WHENEVER
    (77) whenever_statement -> WHENEVER . subject IDENTIFIER opt_separator statements opt_separator END WHENEVER
    (78) subject -> . IDENTIFIER
    (79) subject -> . ANYONE

    IDENTIFIER      shift and go to state 82
    ANYONE          shift and go to state 83

    subject                        shift and go to state 81

state 46

    (80) remove_statement -> REMOVE . IDENTIFIER FROM WORLD

    IDENTIFIER      shift and go to state 84


state 47

    (81) announce_statement -> ANNOUNCE . expression
    (96) expression -> . STRING
    (97) expression -> . NUMBER
    (98) expression -> . attribute_path
    (99) expression -> . expression PLUS expression
    (100) expression -> . expression MINUS expression
    (101) expression -> . LPAREN expression_list RPAREN
    (102) expression -> . world_expr
    (50) attribute_path -> . IDENTIFIER
    (51) attribute_path -> . attribute_path IDENTIFIER
    (103) world_expr -> . THE_WORLD KNOWS fact_name
    (104) world_expr -> . THE_WORLDS IDENTIFIER CREATURES
    (105) world_expr -> . THE_WORLD COUNTS IDENTIFIER

    STRING          shift and go to state 42
    NUMBER          shift and go to state 51
    LPAREN          shift and go to state 52
    IDENTIFIER      shift and go to state 28
    THE_WORLD       shift and go to state 71
    THE_WORLDS      shift and go to state 54

    expression                     shift and go to state 85
    attribute_path                 shift and go to state 34
    world_expr                     shift and go to state 53

state 48

    (82) world_remembers -> THE_WORLD . REMEMBERS fact_name AS expression
    (83) world_forgets -> THE_WORLD . FORGETS fact_name
    (103) world_expr -> THE_WORLD . KNOWS fact_name
    (105) world_expr -> THE_WORLD . COUNTS IDENTIFIER

    REMEMBERS       shift and go to state 86
    FORGETS         shift and go to state 87
    KNOWS           shift and go to state 88
    COUNTS          shift and go to state 89


state 49

    (84) save_world -> SAVE . THE_WORLD TO expression

    THE_WORLD       shift and go to state 90


state 50

    (85) restore_world -> RESTORE . THE_WORLD FROM expression

    THE_WORLD       shift and go to state 91


state 51

    (97) expression -> NUMBER .

    DOES            reduce using rule 97 (expression -> NUMBER .)
    KNOWS           reduce using rule 97 (expression -> NUMBER .)
    FORGETS         reduce using rule 97 (expression -> NUMBER .)
    PLUS            reduce using rule 97 (expression -> NUMBER .)
    MINUS           reduce using rule 97 (expression -> NUMBER .)
    TO              reduce using rule 97 (expression -> NUMBER .)
    TIMES           reduce using rule 97 (expression -> NUMBER .)
    GT              reduce using rule 97 (expression -> NUMBER .)
    LT              reduce using rule 97 (expression -> NUMBER .)
    EQ              reduce using rule 97 (expression -> NUMBER .)
    NEQ             reduce using rule 97 (expression -> NUMBER .)
    NEWLINE         reduce using rule 97 (expression -> NUMBER .)
    CLASS           reduce using rule 97 (expression -> NUMBER .)
    CREATURE        reduce using rule 97 (expression -> NUMBER .)
    CREATE          reduce using rule 97 (expression -> NUMBER .)
    BRING           reduce using rule 97 (expression -> NUMBER .)
    SET             reduce using rule 97 (expression -> NUMBER .)
    GIVE            reduce using rule 97 (expression -> NUMBER .)
    ATTACH          reduce using rule 97 (expression -> NUMBER .)
    REPEAT          reduce using rule 97 (expression -> NUMBER .)
    UNTIL           reduce using rule 97 (expression -> NUMBER .)
    IF              reduce using rule 97 (expression -> NUMBER .)
    WHEN            reduce using rule 97 (expression -> NUMBER .)
    ASK             reduce using rule 97 (expression -> NUMBER .)
    SAY             reduce using rule 97 (expression -> NUMBER .)
    CALL            reduce using rule 97 (expression -> NUMBER .)
    WHENEVER        reduce using rule 97 (expression -> NUMBER .)
    REMOVE          reduce using rule 97 (expression -> NUMBER .)
    ANNOUNCE        reduce using rule 97 (expression -> NUMBER .)
    THE_WORLD       reduce using rule 97 (expression -> NUMBER .)
    SAVE            reduce using rule 97 (expression -> NUMBER .)
    RESTORE         reduce using rule 97 (expression -> NUMBER .)
    STRING          reduce using rule 97 (expression -> NUMBER .)
    NUMBER          reduce using rule 97 (expression -> NUMBER .)
    LPAREN          reduce using rule 97 (expression -> NUMBER .)
    IDENTIFIER      reduce using rule 97 (expression -> NUMBER .)
    THE_WORLDS      reduce using rule 97 (expression -> NUMBER .)
    $end            reduce using rule 97 (expression -> NUMBER .)
    END             reduce using rule 97 (expression -> NUMBER .)
    ELSE            reduce using rule 97 (expression -> NUMBER .)
    OTHERWISE       reduce using rule 97 (expression -> NUMBER .)
    RPAREN          reduce using rule 97 (expression -> NUMBER .)
    AS              reduce using rule 97 (expression -> NUMBER .)


state 52

    (101) expression -> LPAREN . expression_list RPAREN
    (94) expression_list -> . expression_list expression
    (95) expression_list -> . expression
    (96) expression -> . STRING
    (97) expression -> . NUMBER
    (98) expression -> . attribute_path
    (99) expression -> . expression PLUS expression
    (100) expression -> . expression MINUS expression
    (101) expression -> . LPAREN expression_list RPAREN
    (102) expression -> . world_expr
    (50) attribute_path -> . IDENTIFIER
    (51) attribute_path -> . attribute_path IDENTIFIER
    (103) world_expr -> . THE_WORLD KNOWS fact_name
    (104) world_expr -> . THE_WORLDS IDENTIFIER CREATURES
    (105) world_expr -> . THE_WORLD COUNTS IDENTIFIER

    STRING          shift and go to state 42
    NUMBER          shift and go to state 51
    LPAREN          shift and go to state 52
    IDENTIFIER      shift and go to state 28
    THE_WORLD       shift and go to state 71
    THE_WORLDS      shift and go to state 54

    expression_list                shift and go to state 92
    expression                     shift and go to state 93
    attribute_path                 shift and go to state 34
    world_expr                     shift and go to state 53

state 53

    (102) expression -> world_expr .

    DOES            reduce using rule 102 (expression -> world_expr .)
    KNOWS           reduce using rule 102 (expression -> world_expr .)
    FORGETS         reduce using rule 102 (expression -> world_expr .)
    PLUS            reduce using rule 102 (expression -> world_expr .)
    MINUS           reduce using rule 102 (expression -> world_expr .)
    TO              reduce using rule 102 (expression -> world_expr .)
    TIMES           reduce using rule 102 (expression -> world_expr .)
    GT              reduce using rule 102 (expression -> world_expr .)
    LT              reduce using rule 102 (expression -> world_expr .)
    EQ              reduce using rule 102 (expression -> world_expr .)
    NEQ             reduce using rule 102 (expression -> world_expr .)
    NEWLINE         reduce using rule 102 (expression -> world_expr .)
    CLASS           reduce using rule 102 (expression -> world_expr .)
    CREATURE        reduce using rule 102 (expression -> world_expr .)
    CREATE          reduce using rule 102 (expression -> world_expr .)
    BRING           reduce using rule 102 (expression -> world_expr .)
    SET             reduce using rule 102 (expression -> world_expr .)
    GIVE            reduce using rule 102 (expression -> world_expr .)
    ATTACH          reduce using rule 102 (expression -> world_expr .)
    REPEAT          reduce using rule 102 (expression -> world_expr .)
    UNTIL           reduce using rule 102 (expression -> world_expr .)
    IF              reduce using rule 102 (expression -> world_expr .)
    WHEN            reduce using rule 102 (expression -> world_expr .)
    ASK             reduce using rule 102 (expression -> world_expr .)
    SAY             reduce using rule 102 (expression -> world_expr .)
    CALL            reduce using rule 102 (expression -> world_expr .)
    WHENEVER        reduce using rule 102 (expression -> world_expr .)
    REMOVE          reduce using rule 102 (expression -> world_expr .)
    ANNOUNCE        reduce using rule 102 (expression -> world_expr .)
    THE_WORLD       reduce using rule 102 (expression -> world_expr .)
    SAVE            reduce using rule 102 (expression -> world_expr .)
    RESTORE         reduce using rule 102 (expression -> world_expr .)
    STRING          reduce using rule 102 (expression -> world_expr .)
    NUMBER          reduce using rule 102 (expression -> world_expr .)
    LPAREN          reduce using rule 102 (expression -> world_expr .)
    IDENTIFIER      reduce using rule 102 (expression -> world_expr .)
    THE_WORLDS      reduce using rule 102 (expression -> world_expr .)
    $end            reduce using rule 102 (expression -> world_expr .)
    END             reduce using rule 102 (expression -> world_expr .)
    ELSE            reduce using rule 102 (expression -> world_expr .)
    OTHERWISE       reduce using rule 102 (expression -> world_expr .)
    RPAREN          reduce using rule 102 (expression -> world_expr .)
    AS              reduce using rule 102 (expression -> world_expr .)


state 54

    (104) world_expr -> THE_WORLDS . IDENTIFIER CREATURES

    IDENTIFIER      shift and go to state 94


state 55

    (5) statements -> statements statement_with_newline .

    CLASS           reduce using rule 5 (statements -> statements statement_with_newline .)
    CREATURE        reduce using rule 5 (statements -> statements statement_with_newline .)
    CREATE          reduce using rule 5 (statements -> statements statement_with_newline .)
    BRING           reduce using rule 5 (statements -> statements statement_with_newline .)
    SET             reduce using rule 5 (statements -> statements statement_with_newline .)
    GIVE            reduce using rule 5 (statements -> statements statement_with_newline .)
    ATTACH          reduce using rule 5 (statements -> statements statement_with_newline .)
    REPEAT          reduce using rule 5 (statements -> statements statement_with_newline .)
    UNTIL           reduce using rule 5 (statements -> statements statement_with_newline .)
    IF              reduce using rule 5 (statements -> statements statement_with_newline .)
    WHEN            reduce using rule 5 (statements -> statements statement_with_newline .)
    ASK             reduce using rule 5 (statements -> statements statement_with_newline .)
    SAY             reduce using rule 5 (statements -> statements statement_with_newline .)
    CALL            reduce using rule 5 (statements -> statements statement_with_newline .)
    WHENEVER        reduce using rule 5 (statements -> statements statement_with_newline .)
    REMOVE          reduce using rule 5 (statements -> statements statement_with_newline .)
    ANNOUNCE        reduce using rule 5 (statements -> statements statement_with_newline .)
    THE_WORLD       reduce using rule 5 (statements -> statements statement_with_newline .)
    SAVE            reduce using rule 5 (statements -> statements statement_with_newline .)
    RESTORE         reduce using rule 5 (statements -> statements statement_with_newline .)
    STRING          reduce using rule 5 (statements -> statements statement_with_newline .)
    NUMBER          reduce using rule 5 (statements -> statements statement_with_newline .)
    LPAREN          reduce using rule 5 (statements -> statements statement_with_newline .)
    IDENTIFIER      reduce using rule 5 (statements -> statements statement_with_newline .)
    THE_WORLDS      reduce using rule 5 (statements -> statements statement_with_newline .)
    $end            reduce using rule 5 (statements -> statements statement_with_newline .)
    NEWLINE         reduce using rule 5 (statements -> statements statement_with_newline .)
    END             reduce using rule 5 (statements -> statements statement_with_newline .)
    ELSE            reduce using rule 5 (statements -> statements statement_with_newline .)
    OTHERWISE       reduce using rule 5 (statements -> statements statement_with_newline .)


state 56

    (7) statement_with_newline -> statement separator .
    (9) separator -> separator . NEWLINE

  ! shift/reduce conflict for NEWLINE resolved as shift
    CLASS           reduce using rule 7 (statement_with_newline -> statement separator .)
    CREATURE        reduce using rule 7 (statement_with_newline -> statement separator .)
    CREATE          reduce using rule 7 (statement_with_newline -> statement separator .)
    BRING           reduce using rule 7 (statement_with_newline -> statement separator .)
    SET             reduce using rule 7 (statement_with_newline -> statement separator .)
    GIVE            reduce using rule 7 (statement_with_newline -> statement separator .)
    ATTACH          reduce using rule 7 (statement_with_newline -> statement separator .)
    REPEAT          reduce using rule 7 (statement_with_newline -> statement separator .)
    UNTIL           reduce using rule 7 (statement_with_newline -> statement separator .)
    IF              reduce using rule 7 (statement_with_newline -> statement separator .)
    WHEN            reduce using rule 7 (statement_with_newline -> statement separator .)
    ASK             reduce using rule 7 (statement_with_newline -> statement separator .)
    SAY             reduce using rule 7 (statement_with_newline -> statement separator .)
    CALL            reduce using rule 7 (statement_with_newline -> statement separator .)
    WHENEVER        reduce using rule 7 (statement_with_newline -> statement separator .)
    REMOVE          reduce using rule 7 (statement_with_newline -> statement separator .)
    ANNOUNCE        reduce using rule 7 (statement_with_newline -> statement separator .)
    THE_WORLD       reduce using rule 7 (statement_with_newline -> statement separator .)
    SAVE            reduce using rule 7 (statement_with_newline -> statement separator .)
    RESTORE         reduce using rule 7 (statement_with_newline -> statement separator .)
    STRING          reduce using rule 7 (statement_with_newline -> statement separator .)
    NUMBER          reduce using rule 7 (statement_with_newline -> statement separator .)
    LPAREN          reduce using rule 7 (statement_with_newline -> statement separator .)
    IDENTIFIER      reduce using rule 7 (statement_with_newline -> statement separator .)
    THE_WORLDS      reduce using rule 7 (statement_with_newline -> statement separator .)
    $end            reduce using rule 7 (statement_with_newline -> statement separator .)
    END             reduce using rule 7 (statement_with_newline -> statement separator .)
    ELSE            reduce using rule 7 (statement_with_newline -> statement separator .)
    OTHERWISE       reduce using rule 7 (statement_with_newline -> statement separator .)
    NEWLINE         shift and go to state 95

  ! NEWLINE         [ reduce using rule 7 (statement_with_newline -> statement separator .) ]


state 57

    (10) separator -> NEWLINE .

    NEWLINE         reduce using rule 10 (separator -> NEWLINE .)
    CLASS           reduce using rule 10 (separator -> NEWLINE .)
    CREATURE        reduce using rule 10 (separator -> NEWLINE .)
    CREATE          reduce using rule 10 (separator -> NEWLINE .)
    BRING           reduce using rule 10 (separator -> NEWLINE .)
    SET             reduce using rule 10 (separator -> NEWLINE .)
    GIVE            reduce using rule 10 (separator -> NEWLINE .)
    ATTACH          reduce using rule 10 (separator -> NEWLINE .)
    REPEAT          reduce using rule 10 (separator -> NEWLINE .)
    UNTIL           reduce using rule 10 (separator -> NEWLINE .)
    IF              reduce using rule 10 (separator -> NEWLINE .)
    WHEN            reduce using rule 10 (separator -> NEWLINE .)
    ASK             reduce using rule 10 (separator -> NEWLINE .)
    SAY             reduce using rule 10 (separator -> NEWLINE .)
    CALL            reduce using rule 10 (separator -> NEWLINE .)
    WHENEVER        reduce using rule 10 (separator -> NEWLINE .)
    REMOVE          reduce using rule 10 (separator -> NEWLINE .)
    ANNOUNCE        reduce using rule 10 (separator -> NEWLINE .)
    THE_WORLD       reduce using rule 10 (separator -> NEWLINE .)
    SAVE            reduce using rule 10 (separator -> NEWLINE .)
    RESTORE         reduce using rule 10 (separator -> NEWLINE .)
    STRING          reduce using rule 10 (separator -> NEWLINE .)
    NUMBER          reduce using rule 10 (separator -> NEWLINE .)
    LPAREN          reduce using rule 10 (separator -> NEWLINE .)
    IDENTIFIER      reduce using rule 10 (separator -> NEWLINE .)
    THE_WORLDS      reduce using rule 10 (separator -> NEWLINE .)
    $end            reduce using rule 10 (separator -> NEWLINE .)
    END             reduce using rule 10 (separator -> NEWLINE .)
    ELSE            reduce using rule 10 (separator -> NEWLINE .)
    OTHERWISE       reduce using rule 10 (separator -> NEWLINE .)
    METHOD          reduce using rule 10 (separator -> NEWLINE .)
    ACTION          reduce using rule 10 (separator -> NEWLINE .)


state 58

    (33) class_definition -> CLASS IDENTIFIER . opt_separator class_body opt_separator END CLASS
    (34) class_definition -> CLASS IDENTIFIER . FROM IDENTIFIER opt_separator class_body opt_separator END CLASS
    (11) opt_separator -> . separator
    (12) opt_separator -> .
    (9) separator -> . separator NEWLINE
    (10) separator -> . NEWLINE

    FROM            shift and go to state 97
    CREATE          reduce using rule 12 (opt_separator -> .)
    WHEN            reduce using rule 12 (opt_separator -> .)
    METHOD          reduce using rule 12 (opt_separator -> .)
    ACTION          reduce using rule 12 (opt_separator -> .)
    NEWLINE         shift and go to state 57

    opt_separator                  shift and go to state 96
    separator                      shift and go to state 98

state 59

    (35) class_definition -> CREATURE IDENTIFIER . opt_separator class_body opt_separator END CREATURE
    (36) class_definition -> CREATURE IDENTIFIER . FROM IDENTIFIER opt_separator class_body opt_separator END CREATURE
    (11) opt_separator -> . separator
    (12) opt_separator -> .
    (9) separator -> . separator NEWLINE
    (10) separator -> . NEWLINE

    FROM            shift and go to state 100
    CREATE          reduce using rule 12 (opt_separator -> .)
    WHEN            reduce using rule 12 (opt_separator -> .)
    METHOD          reduce using rule 12 (opt_separator -> .)
    ACTION          reduce using rule 12 (opt_separator -> .)
    NEWLINE         shift and go to state 57

    opt_separator                  shift and go to state 99
    separator                      shift and go to state 98

state 60

    (52) create_statement -> CREATE IDENTIFIER . IDENTIFIER WITH expression
    (53) create_statement -> CREATE IDENTIFIER . IDENTIFIER

    IDENTIFIER      shift and go to state 101


state 61

    (70) call_statement -> expression DOES . action_name
    (46) action_name -> . IDENTIFIER
    (47) action_name -> . action_name IDENTIFIER

    IDENTIFIER      shift and go to state 103

    action_name                    shift and go to state 102

state 62

    (71) knows_statement -> expression KNOWS . expression
    (72) knows_statement -> expression KNOWS . expression AS IDENTIFIER
    (96) expression -> . STRING
    (97) expression -> . NUMBER
    (98) expression -> . attribute_path
    (99) expression -> . expression PLUS expression
    (100) expression -> . expression MINUS expression
    (101) expression -> . LPAREN expression_list RPAREN
    (102) expression -> . world_expr
    (50) attribute_path -> . IDENTIFIER
    (51) attribute_path -> . attribute_path IDENTIFIER
    (103) world_expr -> . THE_WORLD KNOWS fact_name
    (104) world_expr -> . THE_WORLDS IDENTIFIER CREATURES
    (105) world_expr -> . THE_WORLD COUNTS IDENTIFIER

    STRING          shift and go to state 42
    NUMBER          shift and go to state 51
    LPAREN          shift and go to state 52
    IDENTIFIER      shift and go to state 28
    THE_WORLD       shift and go to state 71
    THE_WORLDS      shift and go to state 54

    expression                     shift and go to state 104
    attribute_path                 shift and go to state 34
    world_expr                     shift and go to state 53

state 63

    (73) forgets_statement -> expression FORGETS . IDENTIFIER

    IDENTIFIER      shift and go to state 105


state 64

    (99) expression -> expression PLUS . expression
    (96) expression -> . STRING
    (97) expression -> . NUMBER
    (98) expression -> . attribute_path
    (99) expression -> . expression PLUS expression
    (100) expression -> . expression MINUS expression
    (101) expression -> . LPAREN expression_list RPAREN
    (102) expression -> . world_expr
    (50) attribute_path -> . IDENTIFIER
    (51) attribute_path -> . attribute_path IDENTIFIER
    (103) world_expr -> . THE_WORLD KNOWS fact_name
    (104) world_expr -> . THE_WORLDS IDENTIFIER CREATURES
    (105) world_expr -> . THE_WORLD COUNTS IDENTIFIER

    STRING          shift and go to state 42
    NUMBER          shift and go to state 51
    LPAREN          shift and go to state 52
    IDENTIFIER      shift and go to state 28
    THE_WORLD       shift and go to state 71
    THE_WORLDS      shift and go to state 54

    expression                     shift and go to state 106
    attribute_path                 shift and go to state 34
    world_expr                     shift and go to state 53

state 65

    (100) expression -> expression MINUS . expression
    (96) expression -> . STRING
    (97) expression -> . NUMBER
    (98) expression -> . attribute_path
    (99) expression -> . expression PLUS expression
    (100) expression -> . expression MINUS expression
    (101) expression -> . LPAREN expression_list RPAREN
    (102) expression -> . world_expr
    (50) attribute_path -> . IDENTIFIER
    (51) attribute_path -> . attribute_path IDENTIFIER
    (103) world_expr -> . THE_WORLD KNOWS fact_name
    (104) world_expr -> . THE_WORLDS IDENTIFIER CREATURES
    (105) world_expr -> . THE_WORLD COUNTS IDENTIFIER

    STRING          shift and go to state 42
    NUMBER          shift and go to state 51
    LPAREN          shift and go to state 52
    IDENTIFIER      shift and go to state 28
    THE_WORLD       shift and go to state 71
    THE_WORLDS      shift and go to state 54

    expression                     shift and go to state 107
    attribute_path                 shift and go to state 34
    world_expr                     shift and go to state 53

state 66

    (54) create_statement -> BRING IDENTIFIER . TO LIFE AS IDENTIFIER WITH expression
    (55) create_statement -> BRING IDENTIFIER . TO LIFE AS IDENTIFIER

    TO              shift and go to state 108


state 67

    (56) set_statement -> SET attribute_path . TO expression
    (51) attribute_path -> attribute_path . IDENTIFIER

    TO              shift and go to state 109
    IDENTIFIER      shift and go to state 68


state 68

    (51) attribute_path -> attribute_path IDENTIFIER .

    IDENTIFIER      reduce using rule 51 (attribute_path -> attribute_path IDENTIFIER .)
    DOES            reduce using rule 51 (attribute_path -> attribute_path IDENTIFIER .)
    KNOWS           reduce using rule 51 (attribute_path -> attribute_path IDENTIFIER .)
    FORGETS         reduce using rule 51 (attribute_path -> attribute_path IDENTIFIER .)
    PLUS            reduce using rule 51 (attribute_path -> attribute_path IDENTIFIER .)
    MINUS           reduce using rule 51 (attribute_path -> attribute_path IDENTIFIER .)
    TO              reduce using rule 51 (attribute_path -> attribute_path IDENTIFIER .)
    TIMES           reduce using rule 51 (attribute_path -> attribute_path IDENTIFIER .)
    GT              reduce using rule 51 (attribute_path -> attribute_path IDENTIFIER .)
    LT              reduce using rule 51 (attribute_path -> attribute_path IDENTIFIER .)
    EQ              reduce using rule 51 (attribute_path -> attribute_path IDENTIFIER .)
    NEQ             reduce using rule 51 (attribute_path -> attribute_path IDENTIFIER .)
    NEWLINE         reduce using rule 51 (attribute_path -> attribute_path IDENTIFIER .)
    CLASS           reduce using rule 51 (attribute_path -> attribute_path IDENTIFIER .)
    CREATURE        reduce using rule 51 (attribute_path -> attribute_path IDENTIFIER .)
    CREATE          reduce using rule 51 (attribute_path -> attribute_path IDENTIFIER .)
    BRING           reduce using rule 51 (attribute_path -> attribute_path IDENTIFIER .)
    SET             reduce using rule 51 (attribute_path -> attribute_path IDENTIFIER .)
    GIVE            reduce using rule 51 (attribute_path -> attribute_path IDENTIFIER .)
    ATTACH          reduce using rule 51 (attribute_path -> attribute_path IDENTIFIER .)
    REPEAT          reduce using rule 51 (attribute_path -> attribute_path IDENTIFIER .)
    UNTIL           reduce using rule 51 (attribute_path -> attribute_path IDENTIFIER .)
    IF              reduce using rule 51 (attribute_path -> attribute_path IDENTIFIER .)
    WHEN            reduce using rule 51 (attribute_path -> attribute_path IDENTIFIER .)
    ASK             reduce using rule 51 (attribute_path -> attribute_path IDENTIFIER .)
    SAY             reduce using rule 51 (attribute_path -> attribute_path IDENTIFIER .)
    CALL            reduce using rule 51 (attribute_path -> attribute_path IDENTIFIER .)
    WHENEVER        reduce using rule 51 (attribute_path -> attribute_path IDENTIFIER .)
    REMOVE          reduce using rule 51 (attribute_path -> attribute_path IDENTIFIER .)
    ANNOUNCE        reduce using rule 51 (attribute_path -> attribute_path IDENTIFIER .)
    THE_WORLD       reduce using rule 51 (attribute_path -> attribute_path IDENTIFIER .)
    SAVE            reduce using rule 51 (attribute_path -> attribute_path IDENTIFIER .)
    RESTORE         reduce using rule 51 (attribute_path -> attribute_path IDENTIFIER .)
    STRING          reduce using rule 51 (attribute_path -> attribute_path IDENTIFIER .)
    NUMBER          reduce using rule 51 (attribute_path -> attribute_path IDENTIFIER .)
    LPAREN          reduce using rule 51 (attribute_path -> attribute_path IDENTIFIER .)
    THE_WORLDS      reduce using rule 51 (attribute_path -> attribute_path IDENTIFIER .)
    $end            reduce using rule 51 (attribute_path -> attribute_path IDENTIFIER .)
    END             reduce using rule 51 (attribute_path -> attribute_path IDENTIFIER .)
    ELSE            reduce using rule 51 (attribute_path -> attribute_path IDENTIFIER .)
    OTHERWISE       reduce using rule 51 (attribute_path -> attribute_path IDENTIFIER .)
    RPAREN          reduce using rule 51 (attribute_path -> attribute_path IDENTIFIER .)
    AS              reduce using rule 51 (attribute_path -> attribute_path IDENTIFIER .)


state 69

    (57) set_statement -> GIVE attribute_path . IDENTIFIER TRAIT IDENTIFIER TO expression
    (58) set_statement -> GIVE attribute_path . TRAIT IDENTIFIER TO expression
    (51) attribute_path -> attribute_path . IDENTIFIER

    IDENTIFIER      shift and go to state 110
    TRAIT           shift and go to state 111


state 70

    (59) attach_statement -> ATTACH expression . TO expression
    (99) expression -> expression . PLUS expression
    (100) expression -> expression . MINUS expression

    TO              shift and go to state 112
    PLUS            shift and go to state 64
    MINUS           shift and go to state 65


state 71

    (103) world_expr -> THE_WORLD . KNOWS fact_name
    (105) world_expr -> THE_WORLD . COUNTS IDENTIFIER

    KNOWS           shift and go to state 88
    COUNTS          shift and go to state 89


state 72

    (60) repeat_statement -> REPEAT expression . TIMES opt_separator statements opt_separator END REPEAT
    (99) expression -> expression . PLUS expression
    (100) expression -> expression . MINUS expression

    TIMES           shift and go to state 113
    PLUS            shift and go to state 64
    MINUS           shift and go to state 65


state 73

    (61) repeat_through_statement -> REPEAT THROUGH . expression AS attribute_path opt_separator statements opt_separator END REPEAT
    (96) expression -> . STRING
    (97) expression -> . NUMBER
    (98) expression -> . attribute_path
    (99) expression -> . expression PLUS expression
    (100) expression -> . expression MINUS expression
    (101) expression -> . LPAREN expression_list RPAREN
    (102) expression -> . world_expr
    (50) attribute_path -> . IDENTIFIER
    (51) attribute_path -> . attribute_path IDENTIFIER
    (103) world_expr -> . THE_WORLD KNOWS fact_name
    (104) world_expr -> . THE_WORLDS IDENTIFIER CREATURES
    (105) world_expr -> . THE_WORLD COUNTS IDENTIFIER

    STRING          shift and go to state 42
    NUMBER          shift and go to state 51
    LPAREN          shift and go to state 52
    IDENTIFIER      shift and go to state 28
    THE_WORLD       shift and go to state 71
    THE_WORLDS      shift and go to state 54

    expression                     shift and go to state 114
    attribute_path                 shift and go to state 34
    world_expr                     shift and go to state 53

state 74

    (62) until_statement -> UNTIL condition . opt_separator statements opt_separator END UNTIL
    (11) opt_separator -> . separator
    (12) opt_separator -> .
    (9) separator -> . separator NEWLINE
    (10) separator -> . NEWLINE

    CLASS           reduce using rule 12 (opt_separator -> .)
    CREATURE        reduce using rule 12 (opt_separator -> .)
    CREATE          reduce using rule 12 (opt_separator -> .)
    BRING           reduce using rule 12 (opt_separator -> .)
    SET             reduce using rule 12 (opt_separator -> .)
    GIVE            reduce using rule 12 (opt_separator -> .)
    ATTACH          reduce using rule 12 (opt_separator -> .)
    REPEAT          reduce using rule 12 (opt_separator -> .)
    UNTIL           reduce using rule 12 (opt_separator -> .)
    IF              reduce using rule 12 (opt_separator -> .)
    WHEN            reduce using rule 12 (opt_separator -> .)
    ASK             reduce using rule 12 (opt_separator -> .)
    SAY             reduce using rule 12 (opt_separator -> .)
    CALL            reduce using rule 12 (opt_separator -> .)
    WHENEVER        reduce using rule 12 (opt_separator -> .)
    REMOVE          reduce using rule 12 (opt_separator -> .)
    ANNOUNCE        reduce using rule 12 (opt_separator -> .)
    THE_WORLD       reduce using rule 12 (opt_separator -> .)
    SAVE            reduce using rule 12 (opt_separator -> .)
    RESTORE         reduce using rule 12 (opt_separator -> .)
    STRING          reduce using rule 12 (opt_separator -> .)
    NUMBER          reduce using rule 12 (opt_separator -> .)
    LPAREN          reduce using rule 12 (opt_separator -> .)
    IDENTIFIER      reduce using rule 12 (opt_separator -> .)
    THE_WORLDS      reduce using rule 12 (opt_separator -> .)
    NEWLINE         shift and go to state 57

    opt_separator                  shift and go to state 115
    separator                      shift and go to state 98

state 75

    (86) condition -> expression . comparison_op expression
    (87) condition -> expression . KNOWS expression
    (88) condition -> expression . KNOWS expression AS IDENTIFIER
    (89) condition -> expression . KNOWS ANYONE AS IDENTIFIER
    (99) expression -> expression . PLUS expression
    (100) expression -> expression . MINUS expression
    (90) comparison_op -> . GT
    (91) comparison_op -> . LT
    (92) comparison_op -> . EQ
    (93) comparison_op -> . NEQ

    KNOWS           shift and go to state 117
    PLUS            shift and go to state 64
    MINUS           shift and go to state 65
    GT              shift and go to state 118
    LT              shift and go to state 119
    EQ              shift and go to state 120
    NEQ             shift and go to state 121

    comparison_op                  shift and go to state 116

state 76

    (63) if_statement -> IF condition . opt_separator statements opt_separator ELSE opt_separator statements opt_separator END IF
    (64) if_statement -> IF condition . opt_separator statements opt_separator END IF
    (11) opt_separator -> . separator
    (12) opt_separator -> .
    (9) separator -> . separator NEWLINE
    (10) separator -> . NEWLINE

    CLASS           reduce using rule 12 (opt_separator -> .)
    CREATURE        reduce using rule 12 (opt_separator -> .)
    CREATE          reduce using rule 12 (opt_separator -> .)
    BRING           reduce using rule 12 (opt_separator -> .)
    SET             reduce using rule 12 (opt_separator -> .)
    GIVE            reduce using rule 12 (opt_separator -> .)
    ATTACH          reduce using rule 12 (opt_separator -> .)
    REPEAT          reduce using rule 12 (opt_separator -> .)
    UNTIL           reduce using rule 12 (opt_separator -> .)
    IF              reduce using rule 12 (opt_separator -> .)
    WHEN            reduce using rule 12 (opt_separator -> .)
    ASK             reduce using rule 12 (opt_separator -> .)
    SAY             reduce using rule 12 (opt_separator -> .)
    CALL            reduce using rule 12 (opt_separator -> .)
    WHENEVER        reduce using rule 12 (opt_separator -> .)
    REMOVE          reduce using rule 12 (opt_separator -> .)
    ANNOUNCE        reduce using rule 12 (opt_separator -> .)
    THE_WORLD       reduce using rule 12 (opt_separator -> .)
    SAVE            reduce using rule 12 (opt_separator -> .)
    RESTORE         reduce using rule 12 (opt_separator -> .)
    STRING          reduce using rule 12 (opt_separator -> .)
    NUMBER          reduce using rule 12 (opt_separator -> .)
    LPAREN          reduce using rule 12 (opt_separator -> .)
    IDENTIFIER      reduce using rule 12 (opt_separator -> .)
    THE_WORLDS      reduce using rule 12 (opt_separator -> .)
    NEWLINE         shift and go to state 57

    opt_separator                  shift and go to state 122
    separator                      shift and go to state 98

state 77

    (65) if_statement -> WHEN condition . opt_separator statements opt_separator OTHERWISE opt_separator statements opt_separator END WHEN
    (66) if_statement -> WHEN condition . opt_separator statements opt_separator END WHEN
    (11) opt_separator -> . separator
    (12) opt_separator -> .
    (9) separator -> . separator NEWLINE
    (10) separator -> . NEWLINE

    CLASS           reduce using rule 12 (opt_separator -> .)
    CREATURE        reduce using rule 12 (opt_separator -> .)
    CREATE          reduce using rule 12 (opt_separator -> .)
    BRING           reduce using rule 12 (opt_separator -> .)
    SET             reduce using rule 12 (opt_separator -> .)
    GIVE            reduce using rule 12 (opt_separator -> .)
    ATTACH          reduce using rule 12 (opt_separator -> .)
    REPEAT          reduce using rule 12 (opt_separator -> .)
    UNTIL           reduce using rule 12 (opt_separator -> .)
    IF              reduce using rule 12 (opt_separator -> .)
    WHEN            reduce using rule 12 (opt_separator -> .)
    ASK             reduce using rule 12 (opt_separator -> .)
    SAY             reduce using rule 12 (opt_separator -> .)
    CALL            reduce using rule 12 (opt_separator -> .)
    WHENEVER        reduce using rule 12 (opt_separator -> .)
    REMOVE          reduce using rule 12 (opt_separator -> .)
    ANNOUNCE        reduce using rule 12 (opt_separator -> .)
    THE_WORLD       reduce using rule 12 (opt_separator -> .)
    SAVE            reduce using rule 12 (opt_separator -> .)
    RESTORE         reduce using rule 12 (opt_separator -> .)
    STRING          reduce using rule 12 (opt_separator -> .)
    NUMBER          reduce using rule 12 (opt_separator -> .)
    LPAREN          reduce using rule 12 (opt_separator -> .)
    IDENTIFIER      reduce using rule 12 (opt_separator -> .)
    THE_WORLDS      reduce using rule 12 (opt_separator -> .)
    NEWLINE         shift and go to state 57

    opt_separator                  shift and go to state 123
    separator                      shift and go to state 98

state 78

    (67) ask_statement -> ASK STRING .

    NEWLINE         reduce using rule 67 (ask_statement -> ASK STRING .)
    CLASS           reduce using rule 67 (ask_statement -> ASK STRING .)
    CREATURE        reduce using rule 67 (ask_statement -> ASK STRING .)
    CREATE          reduce using rule 67 (ask_statement -> ASK STRING .)
    BRING           reduce using rule 67 (ask_statement -> ASK STRING .)
    SET             reduce using rule 67 (ask_statement -> ASK STRING .)
    GIVE            reduce using rule 67 (ask_statement -> ASK STRING .)
    ATTACH          reduce using rule 67 (ask_statement -> ASK STRING .)
    REPEAT          reduce using rule 67 (ask_statement -> ASK STRING .)
    UNTIL           reduce using rule 67 (ask_statement -> ASK STRING .)
    IF              reduce using rule 67 (ask_statement -> ASK STRING .)
    WHEN            reduce using rule 67 (ask_statement -> ASK STRING .)
    ASK             reduce using rule 67 (ask_statement -> ASK STRING .)
    SAY             reduce using rule 67 (ask_statement -> ASK STRING .)
    CALL            reduce using rule 67 (ask_statement -> ASK STRING .)
    WHENEVER        reduce using rule 67 (ask_statement -> ASK STRING .)
    REMOVE          reduce using rule 67 (ask_statement -> ASK STRING .)
    ANNOUNCE        reduce using rule 67 (ask_statement -> ASK STRING .)
    THE_WORLD       reduce using rule 67 (ask_statement -> ASK STRING .)
    SAVE            reduce using rule 67 (ask_statement -> ASK STRING .)
    RESTORE         reduce using rule 67 (ask_statement -> ASK STRING .)
    STRING          reduce using rule 67 (ask_statement -> ASK STRING .)
    NUMBER          reduce using rule 67 (ask_statement -> ASK STRING .)
    LPAREN          reduce using rule 67 (ask_statement -> ASK STRING .)
    IDENTIFIER      reduce using rule 67 (ask_statement -> ASK STRING .)
    THE_WORLDS      reduce using rule 67 (ask_statement -> ASK STRING .)
    $end            reduce using rule 67 (ask_statement -> ASK STRING .)
    END             reduce using rule 67 (ask_statement -> ASK STRING .)
    ELSE            reduce using rule 67 (ask_statement -> ASK STRING .)
    OTHERWISE       reduce using rule 67 (ask_statement -> ASK STRING .)


state 79

    (68) say_statement -> SAY expression .
    (99) expression -> expression . PLUS expression
    (100) expression -> expression . MINUS expression

    NEWLINE         reduce using rule 68 (say_statement -> SAY expression .)
    CLASS           reduce using rule 68 (say_statement -> SAY expression .)
    CREATURE        reduce using rule 68 (say_statement -> SAY expression .)
    CREATE          reduce using rule 68 (say_statement -> SAY expression .)
    BRING           reduce using rule 68 (say_statement -> SAY expression .)
    SET             reduce using rule 68 (say_statement -> SAY expression .)
    GIVE            reduce using rule 68 (say_statement -> SAY expression .)
    ATTACH          reduce using rule 68 (say_statement -> SAY expression .)
    REPEAT          reduce using rule 68 (say_statement -> SAY expression .)
    UNTIL           reduce using rule 68 (say_statement -> SAY expression .)
    IF              reduce using rule 68 (say_statement -> SAY expression .)
    WHEN            reduce using rule 68 (say_statement -> SAY expression .)
    ASK             reduce using rule 68 (say_statement -> SAY expression .)
    SAY             reduce using rule 68 (say_statement -> SAY expression .)
    CALL            reduce using rule 68 (say_statement -> SAY expression .)
    WHENEVER        reduce using rule 68 (say_statement -> SAY expression .)
    REMOVE          reduce using rule 68 (say_statement -> SAY expression .)
    ANNOUNCE        reduce using rule 68 (say_statement -> SAY expression .)
    THE_WORLD       reduce using rule 68 (say_statement -> SAY expression .)
    SAVE            reduce using rule 68 (say_statement -> SAY expression .)
    RESTORE         reduce using rule 68 (say_statement -> SAY expression .)
    STRING          reduce using rule 68 (say_statement -> SAY expression .)
    NUMBER          reduce using rule 68 (say_statement -> SAY expression .)
    LPAREN          reduce using rule 68 (say_statement -> SAY expression .)
    IDENTIFIER      reduce using rule 68 (say_statement -> SAY expression .)
    THE_WORLDS      reduce using rule 68 (say_statement -> SAY expression .)
    $end            reduce using rule 68 (say_statement -> SAY expression .)
    END             reduce using rule 68 (say_statement -> SAY expression .)
    ELSE            reduce using rule 68 (say_statement -> SAY expression .)
    OTHERWISE       reduce using rule 68 (say_statement -> SAY expression .)
    PLUS            shift and go to state 64
    MINUS           shift and go to state 65


state 80

    (69) call_statement -> CALL attribute_path .
    (51) attribute_path -> attribute_path . IDENTIFIER

  ! shift/reduce conflict for IDENTIFIER resolved as shift
    NEWLINE         reduce using rule 69 (call_statement -> CALL attribute_path .)
    CLASS           reduce using rule 69 (call_statement -> CALL attribute_path .)
    CREATURE        reduce using rule 69 (call_statement -> CALL attribute_path .)
    CREATE          reduce using rule 69 (call_statement -> CALL attribute_path .)
    BRING           reduce using rule 69 (call_statement -> CALL attribute_path .)
    SET             reduce using rule 69 (call_statement -> CALL attribute_path .)
    GIVE            reduce using rule 69 (call_statement -> CALL attribute_path .)
    ATTACH          reduce using rule 69 (call_statement -> CALL attribute_path .)
    REPEAT          reduce using rule 69 (call_statement -> CALL attribute_path .)
    UNTIL           reduce using rule 69 (call_statement -> CALL attribute_path .)
    IF              reduce using rule 69 (call_statement -> CALL attribute_path .)
    WHEN            reduce using rule 69 (call_statement -> CALL attribute_path .)
    ASK             reduce using rule 69 (call_statement -> CALL attribute_path .)
    SAY             reduce using rule 69 (call_statement -> CALL attribute_path .)
    CALL            reduce using rule 69 (call_statement -> CALL attribute_path .)
    WHENEVER        reduce using rule 69 (call_statement -> CALL attribute_path .)
    REMOVE          reduce using rule 69 (call_statement -> CALL attribute_path .)
    ANNOUNCE        reduce using rule 69 (call_statement -> CALL attribute_path .)
    THE_WORLD       reduce using rule 69 (call_statement -> CALL attribute_path .)
    SAVE            reduce using rule 69 (call_statement -> CALL attribute_path .)
    RESTORE         reduce using rule 69 (call_statement -> CALL attribute_path .)
    STRING          reduce using rule 69 (call_statement -> CALL attribute_path .)
    NUMBER          reduce using rule 69 (call_statement -> CALL attribute_path .)
    LPAREN          reduce using rule 69 (call_statement -> CALL attribute_path .)
    THE_WORLDS      reduce using rule 69 (call_statement -> CALL attribute_path .)
    $end            reduce using rule 69 (call_statement -> CALL attribute_path .)
    END             reduce using rule 69 (call_statement -> CALL attribute_path .)
    ELSE            reduce using rule 69 (call_statement -> CALL attribute_path .)
    OTHERWISE       reduce using rule 69 (call_statement -> CALL attribute_path .)
    IDENTIFIER      shift and go to state 68

  ! IDENTIFIER      [ reduce using rule 69 (call_statement -> CALL attribute_path .) ]


state 81

    (74) whenever_statement -> WHENEVER subject . DOES action_name opt_separator statements opt_separator END WHENEVER
    (75) whenever_statement -> WHENEVER subject . GETS TRAIT IDENTIFIER CHANGED opt_separator statements opt_separator END WHENEVER
    (76) whenever_statement -> WHENEVER subject . IDENTIFIER BORN opt_separator statements opt_separator END WHENEVER
    (77) whenever_statement -> WHENEVER subject . IDENTIFIER opt_separator statements opt_separator END WHENEVER

    DOES            shift and go to state 124
    GETS            shift and go to state 125
    IDENTIFIER      shift and go to state 126


state 82

    (78) subject -> IDENTIFIER .

    DOES            reduce using rule 78 (subject -> IDENTIFIER .)
    GETS            reduce using rule 78 (subject -> IDENTIFIER .)
    IDENTIFIER      reduce using rule 78 (subject -> IDENTIFIER .)


state 83

    (79) subject -> ANYONE .

    DOES            reduce using rule 79 (subject -> ANYONE .)
    GETS            reduce using rule 79 (subject -> ANYONE .)
    IDENTIFIER      reduce using rule 79 (subject -> ANYONE .)


state 84

    (80) remove_statement -> REMOVE IDENTIFIER . FROM WORLD

    FROM            shift and go to state 127


state 85

    (81) announce_statement -> ANNOUNCE expression .
    (99) expression -> expression . PLUS expression
    (100) expression -> expression . MINUS expression

    NEWLINE         reduce using rule 81 (announce_statement -> ANNOUNCE expression .)
    CLASS           reduce using rule 81 (announce_statement -> ANNOUNCE expression .)
    CREATURE        reduce using rule 81 (announce_statement -> ANNOUNCE expression .)
    CREATE          reduce using rule 81 (announce_statement -> ANNOUNCE expression .)
    BRING           reduce using rule 81 (announce_statement -> ANNOUNCE expression .)
    SET             reduce using rule 81 (announce_statement -> ANNOUNCE expression .)
    GIVE            reduce using rule 81 (announce_statement -> ANNOUNCE expression .)
    ATTACH          reduce using rule 81 (announce_statement -> ANNOUNCE expression .)
    REPEAT          reduce using rule 81 (announce_statement -> ANNOUNCE expression .)
    UNTIL           reduce using rule 81 (announce_statement -> ANNOUNCE expression .)
    IF              reduce using rule 81 (announce_statement -> ANNOUNCE expression .)
    WHEN            reduce using rule 81 (announce_statement -> ANNOUNCE expression .)
    ASK             reduce using rule 81 (announce_statement -> ANNOUNCE expression .)
    SAY             reduce using rule 81 (announce_statement -> ANNOUNCE expression .)
    CALL            reduce using rule 81 (announce_statement -> ANNOUNCE expression .)
    WHENEVER        reduce using rule 81 (announce_statement -> ANNOUNCE expression .)
    REMOVE          reduce using rule 81 (announce_statement -> ANNOUNCE expression .)
    ANNOUNCE        reduce using rule 81 (announce_statement -> ANNOUNCE expression .)
    THE_WORLD       reduce using rule 81 (announce_statement -> ANNOUNCE expression .)
    SAVE            reduce using rule 81 (announce_statement -> ANNOUNCE expression .)
    RESTORE         reduce using rule 81 (announce_statement -> ANNOUNCE expression .)
    STRING          reduce using rule 81 (announce_statement -> ANNOUNCE expression .)
    NUMBER          reduce using rule 81 (announce_statement -> ANNOUNCE expression .)
    LPAREN          reduce using rule 81 (announce_statement -> ANNOUNCE expression .)
    IDENTIFIER      reduce using rule 81 (announce_statement -> ANNOUNCE expression .)
    THE_WORLDS      reduce using rule 81 (announce_statement -> ANNOUNCE expression .)
    $end            reduce using rule 81 (announce_statement -> ANNOUNCE expression .)
    END             reduce using rule 81 (announce_statement -> ANNOUNCE expression .)
    ELSE            reduce using rule 81 (announce_statement -> ANNOUNCE expression .)
    OTHERWISE       reduce using rule 81 (announce_statement -> ANNOUNCE expression .)
    PLUS            shift and go to state 64
    MINUS           shift and go to state 65


state 86

    (82) world_remembers -> THE_WORLD REMEMBERS . fact_name AS expression
    (106) fact_name -> . IDENTIFIER
    (107) fact_name -> . fact_name IDENTIFIER

    IDENTIFIER      shift and go to state 129

    fact_name                      shift and go to state 128

state 87

    (83) world_forgets -> THE_WORLD FORGETS . fact_name
    (106) fact_name -> . IDENTIFIER
    (107) fact_name -> . fact_name IDENTIFIER

    IDENTIFIER      shift and go to state 129

    fact_name                      shift and go to state 130

state 88

    (103) world_expr -> THE_WORLD KNOWS . fact_name
    (106) fact_name -> . IDENTIFIER
    (107) fact_name -> . fact_name IDENTIFIER

    IDENTIFIER      shift and go to state 129

    fact_name                      shift and go to state 131

state 89

    (105) world_expr -> THE_WORLD COUNTS . IDENTIFIER

    IDENTIFIER      shift and go to state 132


state 90

    (84) save_world -> SAVE THE_WORLD . TO expression

    TO              shift and go to state 133


state 91

    (85) restore_world -> RESTORE THE_WORLD . FROM expression

    FROM            shift and go to state 134


state 92

    (101) expression -> LPAREN expression_list . RPAREN
    (94) expression_list -> expression_list . expression
    (96) expression -> . STRING
    (97) expression -> . NUMBER
    (98) expression -> . attribute_path
    (99) expression -> . expression PLUS expression
    (100) expression -> . expression MINUS expression
    (101) expression -> . LPAREN expression_list RPAREN
    (102) expression -> . world_expr
    (50) attribute_path -> . IDENTIFIER
    (51) attribute_path -> . attribute_path IDENTIFIER
    (103) world_expr -> . THE_WORLD KNOWS fact_name
    (104) world_expr -> . THE_WORLDS IDENTIFIER CREATURES
    (105) world_expr -> . THE_WORLD COUNTS IDENTIFIER

    RPAREN          shift and go to state 135
    STRING          shift and go to state 42
    NUMBER          shift and go to state 51
    LPAREN          shift and go to state 52
    IDENTIFIER      shift and go to state 28
    THE_WORLD       shift and go to state 71
    THE_WORLDS      shift and go to state 54

    expression                     shift and go to state 136
    attribute_path                 shift and go to state 34
    world_expr                     shift and go to state 53

state 93

    (95) expression_list -> expression .
    (99) expression -> expression . PLUS expression
    (100) expression -> expression . MINUS expression

    RPAREN          reduce using rule 95 (expression_list -> expression .)
    STRING          reduce using rule 95 (expression_list -> expression .)
    NUMBER          reduce using rule 95 (expression_list -> expression .)
    LPAREN          reduce using rule 95 (expression_list -> expression .)
    IDENTIFIER      reduce using rule 95 (expression_list -> expression .)
    THE_WORLD       reduce using rule 95 (expression_list -> expression .)
    THE_WORLDS      reduce using rule 95 (expression_list -> expression .)
    PLUS            shift and go to state 64
    MINUS           shift and go to state 65


state 94

    (104) world_expr -> THE_WORLDS IDENTIFIER . CREATURES

    CREATURES       shift and go to state 137


state 95

    (9) separator -> separator NEWLINE .

    NEWLINE         reduce using rule 9 (separator -> separator NEWLINE .)
    CLASS           reduce using rule 9 (separator -> separator NEWLINE .)
    CREATURE        reduce using rule 9 (separator -> separator NEWLINE .)
    CREATE          reduce using rule 9 (separator -> separator NEWLINE .)
    BRING           reduce using rule 9 (separator -> separator NEWLINE .)
    SET             reduce using rule 9 (separator -> separator NEWLINE .)
    GIVE            reduce using rule 9 (separator -> separator NEWLINE .)
    ATTACH          reduce using rule 9 (separator -> separator NEWLINE .)
    REPEAT          reduce using rule 9 (separator -> separator NEWLINE .)
    UNTIL           reduce using rule 9 (separator -> separator NEWLINE .)
    IF              reduce using rule 9 (separator -> separator NEWLINE .)
    WHEN            reduce using rule 9 (separator -> separator NEWLINE .)
    ASK             reduce using rule 9 (separator -> separator NEWLINE .)
    SAY             reduce using rule 9 (separator -> separator NEWLINE .)
    CALL            reduce using rule 9 (separator -> separator NEWLINE .)
    WHENEVER        reduce using rule 9 (separator -> separator NEWLINE .)
    REMOVE          reduce using rule 9 (separator -> separator NEWLINE .)
    ANNOUNCE        reduce using rule 9 (separator -> separator NEWLINE .)
    THE_WORLD       reduce using rule 9 (separator -> separator NEWLINE .)
    SAVE            reduce using rule 9 (separator -> separator NEWLINE .)
    RESTORE         reduce using rule 9 (separator -> separator NEWLINE .)
    STRING          reduce using rule 9 (separator -> separator NEWLINE .)
    NUMBER          reduce using rule 9 (separator -> separator NEWLINE .)
    LPAREN          reduce using rule 9 (separator -> separator NEWLINE .)
    IDENTIFIER      reduce using rule 9 (separator -> separator NEWLINE .)
    THE_WORLDS      reduce using rule 9 (separator -> separator NEWLINE .)
    $end            reduce using rule 9 (separator -> separator NEWLINE .)
    END             reduce using rule 9 (separator -> separator NEWLINE .)
    ELSE            reduce using rule 9 (separator -> separator NEWLINE .)
    OTHERWISE       reduce using rule 9 (separator -> separator NEWLINE .)
    METHOD          reduce using rule 9 (separator -> separator NEWLINE .)
    ACTION          reduce using rule 9 (separator -> separator NEWLINE .)


state 96

    (33) class_definition -> CLASS IDENTIFIER opt_separator . class_body opt_separator END CLASS
    (37) class_body -> . class_body separator class_member
    (38) class_body -> . class_member
    (39) class_member -> . constructor
    (40) class_member -> . method
    (41) constructor -> . CREATE WITH LPAREN parameters RPAREN opt_separator statements opt_separator END CREATE
    (42) constructor -> . WHEN BORN WITH LPAREN parameters RPAREN opt_separator statements opt_separator END BORN
    (43) constructor -> . WHEN BORN opt_separator statements opt_separator END BORN
    (44) method -> . METHOD IDENTIFIER opt_separator statements opt_separator END METHOD
    (45) method -> . ACTION action_name opt_separator statements opt_separator END ACTION

    CREATE          shift and go to state 142
    WHEN            shift and go to state 143
    METHOD          shift and go to state 144
    ACTION          shift and go to state 145

    class_body                     shift and go to state 138
    class_member                   shift and go to state 139
    constructor                    shift and go to state 140
    method                         shift and go to state 141

state 97

    (34) class_definition -> CLASS IDENTIFIER FROM . IDENTIFIER opt_separator class_body opt_separator END CLASS

    IDENTIFIER      shift and go to state 146


state 98

    (11) opt_separator -> separator .
    (9) separator -> separator . NEWLINE

    CREATE          reduce using rule 11 (opt_separator -> separator .)
    WHEN            reduce using rule 11 (opt_separator -> separator .)
    METHOD          reduce using rule 11 (opt_separator -> separator .)
    ACTION          reduce using rule 11 (opt_separator -> separator .)
    CLASS           reduce using rule 11 (opt_separator -> separator .)
    CREATURE        reduce using rule 11 (opt_separator -> separator .)
    BRING           reduce using rule 11 (opt_separator -> separator .)
    SET             reduce using rule 11 (opt_separator -> separator .)
    GIVE            reduce using rule 11 (opt_separator -> separator .)
    ATTACH          reduce using rule 11 (opt_separator -> separator .)
    REPEAT          reduce using rule 11 (opt_separator -> separator .)
    UNTIL           reduce using rule 11 (opt_separator -> separator .)
    IF              reduce using rule 11 (opt_separator -> separator .)
    ASK             reduce using rule 11 (opt_separator -> separator .)
    SAY             reduce using rule 11 (opt_separator -> separator .)
    CALL            reduce using rule 11 (opt_separator -> separator .)
    WHENEVER        reduce using rule 11 (opt_separator -> separator .)
    REMOVE          reduce using rule 11 (opt_separator -> separator .)
    ANNOUNCE        reduce using rule 11 (opt_separator -> separator .)
    THE_WORLD       reduce using rule 11 (opt_separator -> separator .)
    SAVE            reduce using rule 11 (opt_separator -> separator .)
    RESTORE         reduce using rule 11 (opt_separator -> separator .)
    STRING          reduce using rule 11 (opt_separator -> separator .)
    NUMBER          reduce using rule 11 (opt_separator -> separator .)
    LPAREN          reduce using rule 11 (opt_separator -> separator .)
    IDENTIFIER      reduce using rule 11 (opt_separator -> separator .)
    THE_WORLDS      reduce using rule 11 (opt_separator -> separator .)
    END             reduce using rule 11 (opt_separator -> separator .)
    ELSE            reduce using rule 11 (opt_separator -> separator .)
    OTHERWISE       reduce using rule 11 (opt_separator -> separator .)
    NEWLINE         shift and go to state 95


state 99

    (35) class_definition -> CREATURE IDENTIFIER opt_separator . class_body opt_separator END CREATURE
    (37) class_body -> . class_body separator class_member
    (38) class_body -> . class_member
    (39) class_member -> . constructor
    (40) class_member -> . method
    (41) constructor -> . CREATE WITH LPAREN parameters RPAREN opt_separator statements opt_separator END CREATE
    (42) constructor -> . WHEN BORN WITH LPAREN parameters RPAREN opt_separator statements opt_separator END BORN
    (43) constructor -> . WHEN BORN opt_separator statements opt_separator END BORN
    (44) method -> . METHOD IDENTIFIER opt_separator statements opt_separator END METHOD
    (45) method -> . ACTION action_name opt_separator statements opt_separator END ACTION

    CREATE          shift and go to state 142
    WHEN            shift and go to state 143
    METHOD          shift and go to state 144
    ACTION          shift and go to state 145

    class_body                     shift and go to state 147
    class_member                   shift and go to state 139
    constructor                    shift and go to state 140
    method                         shift and go to state 141

state 100

    (36) class_definition -> CREATURE IDENTIFIER FROM . IDENTIFIER opt_separator class_body opt_separator END CREATURE

    IDENTIFIER      shift and go to state 148


state 101

    (52) create_statement -> CREATE IDENTIFIER IDENTIFIER . WITH expression
    (53) create_statement -> CREATE IDENTIFIER IDENTIFIER .

    WITH            shift and go to state 149
    NEWLINE         reduce using rule 53 (create_statement -> CREATE IDENTIFIER IDENTIFIER .)
    CLASS           reduce using rule 53 (create_statement -> CREATE IDENTIFIER IDENTIFIER .)
    CREATURE        reduce using rule 53 (create_statement -> CREATE IDENTIFIER IDENTIFIER .)
    CREATE          reduce using rule 53 (create_statement -> CREATE IDENTIFIER IDENTIFIER .)
    BRING           reduce using rule 53 (create_statement -> CREATE IDENTIFIER IDENTIFIER .)
    SET             reduce using rule 53 (create_statement -> CREATE IDENTIFIER IDENTIFIER .)
    GIVE            reduce using rule 53 (create_statement -> CREATE IDENTIFIER IDENTIFIER .)
    ATTACH          reduce using rule 53 (create_statement -> CREATE IDENTIFIER IDENTIFIER .)
    REPEAT          reduce using rule 53 (create_statement -> CREATE IDENTIFIER IDENTIFIER .)
    UNTIL           reduce using rule 53 (create_statement -> CREATE IDENTIFIER IDENTIFIER .)
    IF              reduce using rule 53 (create_statement -> CREATE IDENTIFIER IDENTIFIER .)
    WHEN            reduce using rule 53 (create_statement -> CREATE IDENTIFIER IDENTIFIER .)
    ASK             reduce using rule 53 (create_statement -> CREATE IDENTIFIER IDENTIFIER .)
    SAY             reduce using rule 53 (create_statement -> CREATE IDENTIFIER IDENTIFIER .)
    CALL            reduce using rule 53 (create_statement -> CREATE IDENTIFIER IDENTIFIER .)
    WHENEVER        reduce using rule 53 (create_statement -> CREATE IDENTIFIER IDENTIFIER .)
    REMOVE          reduce using rule 53 (create_statement -> CREATE IDENTIFIER IDENTIFIER .)
    ANNOUNCE        reduce using rule 53 (create_statement -> CREATE IDENTIFIER IDENTIFIER .)
    THE_WORLD       reduce using rule 53 (create_statement -> CREATE IDENTIFIER IDENTIFIER .)
    SAVE            reduce using rule 53 (create_statement -> CREATE IDENTIFIER IDENTIFIER .)
    RESTORE         reduce using rule 53 (create_statement -> CREATE IDENTIFIER IDENTIFIER .)
    STRING          reduce using rule 53 (create_statement -> CREATE IDENTIFIER IDENTIFIER .)
    NUMBER          reduce using rule 53 (create_statement -> CREATE IDENTIFIER IDENTIFIER .)
    LPAREN          reduce using rule 53 (create_statement -> CREATE IDENTIFIER IDENTIFIER .)
    IDENTIFIER      reduce using rule 53 (create_statement -> CREATE IDENTIFIER IDENTIFIER .)
    THE_WORLDS      reduce using rule 53 (create_statement -> CREATE IDENTIFIER IDENTIFIER .)
    $end            reduce using rule 53 (create_statement -> CREATE IDENTIFIER IDENTIFIER .)
    END             reduce using rule 53 (create_statement -> CREATE IDENTIFIER IDENTIFIER .)
    ELSE            reduce using rule 53 (create_statement -> CREATE IDENTIFIER IDENTIFIER .)
    OTHERWISE       reduce using rule 53 (create_statement -> CREATE IDENTIFIER IDENTIFIER .)


state 102

    (70) call_statement -> expression DOES action_name .
    (47) action_name -> action_name . IDENTIFIER

  ! shift/reduce conflict for IDENTIFIER resolved as shift
    NEWLINE         reduce using rule 70 (call_statement -> expression DOES action_name .)
    CLASS           reduce using rule 70 (call_statement -> expression DOES action_name .)
    CREATURE        reduce using rule 70 (call_statement -> expression DOES action_name .)
    CREATE          reduce using rule 70 (call_statement -> expression DOES action_name .)
    BRING           reduce using rule 70 (call_statement -> expression DOES action_name .)
    SET             reduce using rule 70 (call_statement -> expression DOES action_name .)
    GIVE            reduce using rule 70 (call_statement -> expression DOES action_name .)
    ATTACH          reduce using rule 70 (call_statement -> expression DOES action_name .)
    REPEAT          reduce using rule 70 (call_statement -> expression DOES action_name .)
    UNTIL           reduce using rule 70 (call_statement -> expression DOES action_name .)
    IF              reduce using rule 70 (call_statement -> expression DOES action_name .)
    WHEN            reduce using rule 70 (call_statement -> expression DOES action_name .)
    ASK             reduce using rule 70 (call_statement -> expression DOES action_name .)
    SAY             reduce using rule 70 (call_statement -> expression DOES action_name .)
    CALL            reduce using rule 70 (call_statement -> expression DOES action_name .)
    WHENEVER        reduce using rule 70 (call_statement -> expression DOES action_name .)
    REMOVE          reduce using rule 70 (call_statement -> expression DOES action_name .)
    ANNOUNCE        reduce using rule 70 (call_statement -> expression DOES action_name .)
    THE_WORLD       reduce using rule 70 (call_statement -> expression DOES action_name .)
    SAVE            reduce using rule 70 (call_statement -> expression DOES action_name .)
    RESTORE         reduce using rule 70 (call_statement -> expression DOES action_name .)
    STRING          reduce using rule 70 (call_statement -> expression DOES action_name .)
    NUMBER          reduce using rule 70 (call_statement -> expression DOES action_name .)
    LPAREN          reduce using rule 70 (call_statement -> expression DOES action_name .)
    THE_WORLDS      reduce using rule 70 (call_statement -> expression DOES action_name .)
    $end            reduce using rule 70 (call_statement -> expression DOES action_name .)
    END             reduce using rule 70 (call_statement -> expression DOES action_name .)
    ELSE            reduce using rule 70 (call_statement -> expression DOES action_name .)
    OTHERWISE       reduce using rule 70 (call_statement -> expression DOES action_name .)
    IDENTIFIER      shift and go to state 150

  ! IDENTIFIER      [ reduce using rule 70 (call_statement -> expression DOES action_name .) ]


state 103

    (46) action_name -> IDENTIFIER .

    IDENTIFIER      reduce using rule 46 (action_name -> IDENTIFIER .)
    NEWLINE         reduce using rule 46 (action_name -> IDENTIFIER .)
    CLASS           reduce using rule 46 (action_name -> IDENTIFIER .)
    CREATURE        reduce using rule 46 (action_name -> IDENTIFIER .)
    CREATE          reduce using rule 46 (action_name -> IDENTIFIER .)
    BRING           reduce using rule 46 (action_name -> IDENTIFIER .)
    SET             reduce using rule 46 (action_name -> IDENTIFIER .)
    GIVE            reduce using rule 46 (action_name -> IDENTIFIER .)
    ATTACH          reduce using rule 46 (action_name -> IDENTIFIER .)
    REPEAT          reduce using rule 46 (action_name -> IDENTIFIER .)
    UNTIL           reduce using rule 46 (action_name -> IDENTIFIER .)
    IF              reduce using rule 46 (action_name -> IDENTIFIER .)
    WHEN            reduce using rule 46 (action_name -> IDENTIFIER .)
    ASK             reduce using rule 46 (action_name -> IDENTIFIER .)
    SAY             reduce using rule 46 (action_name -> IDENTIFIER .)
    CALL            reduce using rule 46 (action_name -> IDENTIFIER .)
    WHENEVER        reduce using rule 46 (action_name -> IDENTIFIER .)
    REMOVE          reduce using rule 46 (action_name -> IDENTIFIER .)
    ANNOUNCE        reduce using rule 46 (action_name -> IDENTIFIER .)
    THE_WORLD       reduce using rule 46 (action_name -> IDENTIFIER .)
    SAVE            reduce using rule 46 (action_name -> IDENTIFIER .)
    RESTORE         reduce using rule 46 (action_name -> IDENTIFIER .)
    STRING          reduce using rule 46 (action_name -> IDENTIFIER .)
    NUMBER          reduce using rule 46 (action_name -> IDENTIFIER .)
    LPAREN          reduce using rule 46 (action_name -> IDENTIFIER .)
    THE_WORLDS      reduce using rule 46 (action_name -> IDENTIFIER .)
    $end            reduce using rule 46 (action_name -> IDENTIFIER .)
    END             reduce using rule 46 (action_name -> IDENTIFIER .)
    ELSE            reduce using rule 46 (action_name -> IDENTIFIER .)
    OTHERWISE       reduce using rule 46 (action_name -> IDENTIFIER .)


state 104

    (71) knows_statement -> expression KNOWS expression .
    (72) knows_statement -> expression KNOWS expression . AS IDENTIFIER
    (99) expression -> expression . PLUS expression
    (100) expression -> expression . MINUS expression

    NEWLINE         reduce using rule 71 (knows_statement -> expression KNOWS expression .)
    CLASS           reduce using rule 71 (knows_statement -> expression KNOWS expression .)
    CREATURE        reduce using rule 71 (knows_statement -> expression KNOWS expression .)
    CREATE          reduce using rule 71 (knows_statement -> expression KNOWS expression .)
    BRING           reduce using rule 71 (knows_statement -> expression KNOWS expression .)
    SET             reduce using rule 71 (knows_statement -> expression KNOWS expression .)
    GIVE            reduce using rule 71 (knows_statement -> expression KNOWS expression .)
    ATTACH          reduce using rule 71 (knows_statement -> expression KNOWS expression .)
    REPEAT          reduce using rule 71 (knows_statement -> expression KNOWS expression .)
    UNTIL           reduce using rule 71 (knows_statement -> expression KNOWS expression .)
    IF              reduce using rule 71 (knows_statement -> expression KNOWS expression .)
    WHEN            reduce using rule 71 (knows_statement -> expression KNOWS expression .)
    ASK             reduce using rule 71 (knows_statement -> expression KNOWS expression .)
    SAY             reduce using rule 71 (knows_statement -> expression KNOWS expression .)
    CALL            reduce using rule 71 (knows_statement -> expression KNOWS expression .)
    WHENEVER        reduce using rule 71 (knows_statement -> expression KNOWS expression .)
    REMOVE          reduce using rule 71 (knows_statement -> expression KNOWS expression .)
    ANNOUNCE        reduce using rule 71 (knows_statement -> expression KNOWS expression .)
    THE_WORLD       reduce using rule 71 (knows_statement -> expression KNOWS expression .)
    SAVE            reduce using rule 71 (knows_statement -> expression KNOWS expression .)
    RESTORE         reduce using rule 71 (knows_statement -> expression KNOWS expression .)
    STRING          reduce using rule 71 (knows_statement -> expression KNOWS expression .)
    NUMBER          reduce using rule 71 (knows_statement -> expression KNOWS expression .)
    LPAREN          reduce using rule 71 (knows_statement -> expression KNOWS expression .)
    IDENTIFIER      reduce using rule 71 (knows_statement -> expression KNOWS expression .)
    THE_WORLDS      reduce using rule 71 (knows_statement -> expression KNOWS expression .)
    $end            reduce using rule 71 (knows_statement -> expression KNOWS expression .)
    END             reduce using rule 71 (knows_statement -> expression KNOWS expression .)
    ELSE            reduce using rule 71 (knows_statement -> expression KNOWS expression .)
    OTHERWISE       reduce using rule 71 (knows_statement -> expression KNOWS expression .)
    AS              shift and go to state 151
    PLUS            shift and go to state 64
    MINUS           shift and go to state 65


state 105

    (73) forgets_statement -> expression FORGETS IDENTIFIER .

    NEWLINE         reduce using rule 73 (forgets_statement -> expression FORGETS IDENTIFIER .)
    CLASS           reduce using rule 73 (forgets_statement -> expression FORGETS IDENTIFIER .)
    CREATURE        reduce using rule 73 (forgets_statement -> expression FORGETS IDENTIFIER .)
    CREATE          reduce using rule 73 (forgets_statement -> expression FORGETS IDENTIFIER .)
    BRING           reduce using rule 73 (forgets_statement -> expression FORGETS IDENTIFIER .)
    SET             reduce using rule 73 (forgets_statement -> expression FORGETS IDENTIFIER .)
    GIVE            reduce using rule 73 (forgets_statement -> expression FORGETS IDENTIFIER .)
    ATTACH          reduce using rule 73 (forgets_statement -> expression FORGETS IDENTIFIER .)
    REPEAT          reduce using rule 73 (forgets_statement -> expression FORGETS IDENTIFIER .)
    UNTIL           reduce using rule 73 (forgets_statement -> expression FORGETS IDENTIFIER .)
    IF              reduce using rule 73 (forgets_statement -> expression FORGETS IDENTIFIER .)
    WHEN            reduce using rule 73 (forgets_statement -> expression FORGETS IDENTIFIER .)
    ASK             reduce using rule 73 (forgets_statement -> expression FORGETS IDENTIFIER .)
    SAY             reduce using rule 73 (forgets_statement -> expression FORGETS IDENTIFIER .)
    CALL            reduce using rule 73 (forgets_statement -> expression FORGETS IDENTIFIER .)
    WHENEVER        reduce using rule 73 (forgets_statement -> expression FORGETS IDENTIFIER .)
    REMOVE          reduce using rule 73 (forgets_statement -> expression FORGETS IDENTIFIER .)
    ANNOUNCE        reduce using rule 73 (forgets_statement -> expression FORGETS IDENTIFIER .)
    THE_WORLD       reduce using rule 73 (forgets_statement -> expression FORGETS IDENTIFIER .)
    SAVE            reduce using rule 73 (forgets_statement -> expression FORGETS IDENTIFIER .)
    RESTORE         reduce using rule 73 (forgets_statement -> expression FORGETS IDENTIFIER .)
    STRING          reduce using rule 73 (forgets_statement -> expression FORGETS IDENTIFIER .)
    NUMBER          reduce using rule 73 (forgets_statement -> expression FORGETS IDENTIFIER .)
    LPAREN          reduce using rule 73 (forgets_statement -> expression FORGETS IDENTIFIER .)
    IDENTIFIER      reduce using rule 73 (forgets_statement -> expression FORGETS IDENTIFIER .)
    THE_WORLDS      reduce using rule 73 (forgets_statement -> expression FORGETS IDENTIFIER .)
    $end            reduce using rule 73 (forgets_statement -> expression FORGETS IDENTIFIER .)
    END             reduce using rule 73 (forgets_statement -> expression FORGETS IDENTIFIER .)
    ELSE            reduce using rule 73 (forgets_statement -> expression FORGETS IDENTIFIER .)
    OTHERWISE       reduce using rule 73 (forgets_statement -> expression FORGETS IDENTIFIER .)


state 106

    (99) expression -> expression PLUS expression .
    (99) expression -> expression . PLUS expression
    (100) expression -> expression . MINUS expression

  ! shift/reduce conflict for PLUS resolved as shift
  ! shift/reduce conflict for MINUS resolved as shift
    DOES            reduce using rule 99 (expression -> expression PLUS expression .)
    KNOWS           reduce using rule 99 (expression -> expression PLUS expression .)
    FORGETS         reduce using rule 99 (expression -> expression PLUS expression .)
    TO              reduce using rule 99 (expression -> expression PLUS expression .)
    TIMES           reduce using rule 99 (expression -> expression PLUS expression .)
    GT              reduce using rule 99 (expression -> expression PLUS expression .)
    LT              reduce using rule 99 (expression -> expression PLUS expression .)
    EQ              reduce using rule 99 (expression -> expression PLUS expression .)
    NEQ             reduce using rule 99 (expression -> expression PLUS expression .)
    NEWLINE         reduce using rule 99 (expression -> expression PLUS expression .)
    CLASS           reduce using rule 99 (expression -> expression PLUS expression .)
    CREATURE        reduce using rule 99 (expression -> expression PLUS expression .)
    CREATE          reduce using rule 99 (expression -> expression PLUS expression .)
    BRING           reduce using rule 99 (expression -> expression PLUS expression .)
    SET             reduce using rule 99 (expression -> expression PLUS expression .)
    GIVE            reduce using rule 99 (expression -> expression PLUS expression .)
    ATTACH          reduce using rule 99 (expression -> expression PLUS expression .)
    REPEAT          reduce using rule 99 (expression -> expression PLUS expression .)
    UNTIL           reduce using rule 99 (expression -> expression PLUS expression .)
    IF              reduce using rule 99 (expression -> expression PLUS expression .)
    WHEN            reduce using rule 99 (expression -> expression PLUS expression .)
    ASK             reduce using rule 99 (expression -> expression PLUS expression .)
    SAY             reduce using rule 99 (expression -> expression PLUS expression .)
    CALL            reduce using rule 99 (expression -> expression PLUS expression .)
    WHENEVER        reduce using rule 99 (expression -> expression PLUS expression .)
    REMOVE          reduce using rule 99 (expression -> expression PLUS expression .)
    ANNOUNCE        reduce using rule 99 (expression -> expression PLUS expression .)
    THE_WORLD       reduce using rule 99 (expression -> expression PLUS expression .)
    SAVE            reduce using rule 99 (expression -> expression PLUS expression .)
    RESTORE         reduce using rule 99 (expression -> expression PLUS expression .)
    STRING          reduce using rule 99 (expression -> expression PLUS expression .)
    NUMBER          reduce using rule 99 (expression -> expression PLUS expression .)
    LPAREN          reduce using rule 99 (expression -> expression PLUS expression .)
    IDENTIFIER      reduce using rule 99 (expression -> expression PLUS expression .)
    THE_WORLDS      reduce using rule 99 (expression -> expression PLUS expression .)
    $end            reduce using rule 99 (expression -> expression PLUS expression .)
    END             reduce using rule 99 (expression -> expression PLUS expression .)
    ELSE            reduce using rule 99 (expression -> expression PLUS expression .)
    OTHERWISE       reduce using rule 99 (expression -> expression PLUS expression .)
    RPAREN          reduce using rule 99 (expression -> expression PLUS expression .)
    AS              reduce using rule 99 (expression -> expression PLUS expression .)
    PLUS            shift and go to state 64
    MINUS           shift and go to state 65

  ! PLUS            [ reduce using rule 99 (expression -> expression PLUS expression .) ]
  ! MINUS           [ reduce using rule 99 (expression -> expression PLUS expression .) ]


state 107

    (100) expression -> expression MINUS expression .
    (99) expression -> expression . PLUS expression
    (100) expression -> expression . MINUS expression

  ! shift/reduce conflict for PLUS resolved as shift
  ! shift/reduce conflict for MINUS resolved as shift
    DOES            reduce using rule 100 (expression -> expression MINUS expression .)
    KNOWS           reduce using rule 100 (expression -> expression MINUS expression .)
    FORGETS         reduce using rule 100 (expression -> expression MINUS expression .)
    TO              reduce using rule 100 (expression -> expression MINUS expression .)
    TIMES           reduce using rule 100 (expression -> expression MINUS expression .)
    GT              reduce using rule 100 (expression -> expression MINUS expression .)
    LT              reduce using rule 100 (expression -> expression MINUS expression .)
    EQ              reduce using rule 100 (expression -> expression MINUS expression .)
    NEQ             reduce using rule 100 (expression -> expression MINUS expression .)
    NEWLINE         reduce using rule 100 (expression -> expression MINUS expression .)
    CLASS           reduce using rule 100 (expression -> expression MINUS expression .)
    CREATURE        reduce using rule 100 (expression -> expression MINUS expression .)
    CREATE          reduce using rule 100 (expression -> expression MINUS expression .)
    BRING           reduce using rule 100 (expression -> expression MINUS expression .)
    SET             reduce using rule 100 (expression -> expression MINUS expression .)
    GIVE            reduce using rule 100 (expression -> expression MINUS expression .)
    ATTACH          reduce using rule 100 (expression -> expression MINUS expression .)
    REPEAT          reduce using rule 100 (expression -> expression MINUS expression .)
    UNTIL           reduce using rule 100 (expression -> expression MINUS expression .)
    IF              reduce using rule 100 (expression -> expression MINUS expression .)
    WHEN            reduce using rule 100 (expression -> expression MINUS expression .)
    ASK             reduce using rule 100 (expression -> expression MINUS expression .)
    SAY             reduce using rule 100 (expression -> expression MINUS expression .)
    CALL            reduce using rule 100 (expression -> expression MINUS expression .)
    WHENEVER        reduce using rule 100 (expression -> expression MINUS expression .)
    REMOVE          reduce using rule 100 (expression -> expression MINUS expression .)
    ANNOUNCE        reduce using rule 100 (expression -> expression MINUS expression .)
    THE_WORLD       reduce using rule 100 (expression -> expression MINUS expression .)
    SAVE            reduce using rule 100 (expression -> expression MINUS expression .)
    RESTORE         reduce using rule 100 (expression -> expression MINUS expression .)
    STRING          reduce using rule 100 (expression -> expression MINUS expression .)
    NUMBER          reduce using rule 100 (expression -> expression MINUS expression .)
    LPAREN          reduce using rule 100 (expression -> expression MINUS expression .)
    IDENTIFIER      reduce using rule 100 (expression -> expression MINUS expression .)
    THE_WORLDS      reduce using rule 100 (expression -> expression MINUS expression .)
    $end            reduce using rule 100 (expression -> expression MINUS expression .)
    END             reduce using rule 100 (expression -> expression MINUS expression .)
    ELSE            reduce using rule 100 (expression -> expression MINUS expression .)
    OTHERWISE       reduce using rule 100 (expression -> expression MINUS expression .)
    RPAREN          reduce using rule 100 (expression -> expression MINUS expression .)
    AS              reduce using rule 100 (expression -> expression MINUS expression .)
    PLUS            shift and go to state 64
    MINUS           shift and go to state 65

  ! PLUS            [ reduce using rule 100 (expression -> expression MINUS expression .) ]
  ! MINUS           [ reduce using rule 100 (expression -> expression MINUS expression .) ]


state 108

    (54) create_statement -> BRING IDENTIFIER TO . LIFE AS IDENTIFIER WITH expression
    (55) create_statement -> BRING IDENTIFIER TO . LIFE AS IDENTIFIER

    LIFE            shift and go to state 152


state 109

    (56) set_statement -> SET attribute_path TO . expression
    (96) expression -> . STRING
    (97) expression -> . NUMBER
    (98) expression -> . attribute_path
    (99) expression -> . expression PLUS expression
    (100) expression -> . expression MINUS expression
    (101) expression -> . LPAREN expression_list RPAREN
    (102) expression -> . world_expr
    (50) attribute_path -> . IDENTIFIER
    (51) attribute_path -> . attribute_path IDENTIFIER
    (103) world_expr -> . THE_WORLD KNOWS fact_name
    (104) world_expr -> . THE_WORLDS IDENTIFIER CREATURES
    (105) world_expr -> . THE_WORLD COUNTS IDENTIFIER

    STRING          shift and go to state 42
    NUMBER          shift and go to state 51
    LPAREN          shift and go to state 52
    IDENTIFIER      shift and go to state 28
    THE_WORLD       shift and go to state 71
    THE_WORLDS      shift and go to state 54

    attribute_path                 shift and go to state 34
    expression                     shift and go to state 153
    world_expr                     shift and go to state 53

state 110

    (57) set_statement -> GIVE attribute_path IDENTIFIER . TRAIT IDENTIFIER TO expression
    (51) attribute_path -> attribute_path IDENTIFIER .

  ! shift/reduce conflict for TRAIT resolved as shift
    TRAIT           shift and go to state 154
    IDENTIFIER      reduce using rule 51 (attribute_path -> attribute_path IDENTIFIER .)

  ! TRAIT           [ reduce using rule 51 (attribute_path -> attribute_path IDENTIFIER .) ]


state 111

    (58) set_statement -> GIVE attribute_path TRAIT . IDENTIFIER TO expression

    IDENTIFIER      shift and go to state 155


state 112

    (59) attach_statement -> ATTACH expression TO . expression
    (96) expression -> . STRING
    (97) expression -> . NUMBER
    (98) expression -> . attribute_path
    (99) expression -> . expression PLUS expression
    (100) expression -> . expression MINUS expression
    (101) expression -> . LPAREN expression_list RPAREN
    (102) expression -> . world_expr
    (50) attribute_path -> . IDENTIFIER
    (51) attribute_path -> . attribute_path IDENTIFIER
    (103) world_expr -> . THE_WORLD KNOWS fact_name
    (104) world_expr -> . THE_WORLDS IDENTIFIER CREATURES
    (105) world_expr -> . THE_WORLD COUNTS IDENTIFIER

    STRING          shift and go to state 42
    NUMBER          shift and go to state 51
    LPAREN          shift and go to state 52
    IDENTIFIER      shift and go to state 28
    THE_WORLD       shift and go to state 71
    THE_WORLDS      shift and go to state 54

    expression                     shift and go to state 156
    attribute_path                 shift and go to state 34
    world_expr                     shift and go to state 53

state 113

    (60) repeat_statement -> REPEAT expression TIMES . opt_separator statements opt_separator END REPEAT
    (11) opt_separator -> . separator
    (12) opt_separator -> .
    (9) separator -> . separator NEWLINE
    (10) separator -> . NEWLINE

    CLASS           reduce using rule 12 (opt_separator -> .)
    CREATURE        reduce using rule 12 (opt_separator -> .)
    CREATE          reduce using rule 12 (opt_separator -> .)
    BRING           reduce using rule 12 (opt_separator -> .)
    SET             reduce using rule 12 (opt_separator -> .)
    GIVE            reduce using rule 12 (opt_separator -> .)
    ATTACH          reduce using rule 12 (opt_separator -> .)
    REPEAT          reduce using rule 12 (opt_separator -> .)
    UNTIL           reduce using rule 12 (opt_separator -> .)
    IF              reduce using rule 12 (opt_separator -> .)
    WHEN            reduce using rule 12 (opt_separator -> .)
    ASK             reduce using rule 12 (opt_separator -> .)
    SAY             reduce using rule 12 (opt_separator -> .)
    CALL            reduce using rule 12 (opt_separator -> .)
    WHENEVER        reduce using rule 12 (opt_separator -> .)
    REMOVE          reduce using rule 12 (opt_separator -> .)
    ANNOUNCE        reduce using rule 12 (opt_separator -> .)
    THE_WORLD       reduce using rule 12 (opt_separator -> .)
    SAVE            reduce using rule 12 (opt_separator -> .)
    RESTORE         reduce using rule 12 (opt_separator -> .)
    STRING          reduce using rule 12 (opt_separator -> .)
    NUMBER          reduce using rule 12 (opt_separator -> .)
    LPAREN          reduce using rule 12 (opt_separator -> .)
    IDENTIFIER      reduce using rule 12 (opt_separator -> .)
    THE_WORLDS      reduce using rule 12 (opt_separator -> .)
    NEWLINE         shift and go to state 57

    opt_separator                  shift and go to state 157
    separator                      shift and go to state 98

state 114

    (61) repeat_through_statement -> REPEAT THROUGH expression . AS attribute_path opt_separator statements opt_separator END REPEAT
    (99) expression -> expression . PLUS expression
    (100) expression -> expression . MINUS expression

    AS              shift and go to state 158
    PLUS            shift and go to state 64
    MINUS           shift and go to state 65


state 115

    (62) until_statement -> UNTIL condition opt_separator . statements opt_separator END UNTIL
    (5) statements -> . statements statement_with_newline
    (6) statements -> . statement_with_newline
    (7) statement_with_newline -> . statement separator
    (8) statement_with_newline -> . statement
    (13) statement -> . class_definition
    (14) statement -> . create_statement
    (15) statement -> . set_statement
    (16) statement -> . attach_statement
    (17) statement -> . repeat_statement
    (18) statement -> . repeat_through_statement
    (19) statement -> . until_statement
    (20) statement -> . if_statement
    (21) statement -> . ask_statement
    (22) statement -> . say_statement
    (23) statement -> . call_statement
    (24) statement -> . knows_statement
    (25) statement -> . forgets_statement
    (26) statement -> . whenever_statement
    (27) statement -> . remove_statement
    (28) statement -> . announce_statement
    (29) statement -> . world_remembers
    (30) statement -> . world_forgets
    (31) statement -> . save_world
    (32) statement -> . restore_world
    (33) class_definition -> . CLASS IDENTIFIER opt_separator class_body opt_separator END CLASS
    (34) class_definition -> . CLASS IDENTIFIER FROM IDENTIFIER opt_separator class_body opt_separator END CLASS
    (35) class_definition -> . CREATURE IDENTIFIER opt_separator class_body opt_separator END CREATURE
    (36) class_definition -> . CREATURE IDENTIFIER FROM IDENTIFIER opt_separator class_body opt_separator END CREATURE
    (52) create_statement -> . CREATE IDENTIFIER IDENTIFIER WITH expression
    (53) create_statement -> . CREATE IDENTIFIER IDENTIFIER
    (54) create_statement -> . BRING IDENTIFIER TO LIFE AS IDENTIFIER WITH expression
    (55) create_statement -> . BRING IDENTIFIER TO LIFE AS IDENTIFIER
    (56) set_statement -> . SET attribute_path TO expression
    (57) set_statement -> . GIVE attribute_path IDENTIFIER TRAIT IDENTIFIER TO expression
    (58) set_statement -> . GIVE attribute_path TRAIT IDENTIFIER TO expression
    (59) attach_statement -> . ATTACH expression TO expression
    (60) repeat_statement -> . REPEAT expression TIMES opt_separator statements opt_separator END REPEAT
    (61) repeat_through_statement -> . REPEAT THROUGH expression AS attribute_path opt_separator statements opt_separator END REPEAT
    (62) until_statement -> . UNTIL condition opt_separator statements opt_separator END UNTIL
    (63) if_statement -> . IF condition opt_separator statements opt_separator ELSE opt_separator statements opt_separator END IF
    (64) if_statement -> . IF condition opt_separator statements opt_separator END IF
    (65) if_statement -> . WHEN condition opt_separator statements opt_separator OTHERWISE opt_separator statements opt_separator END WHEN
    (66) if_statement -> . WHEN condition opt_separator statements opt_separator END WHEN
    (67) ask_statement -> . ASK STRING
    (68) say_statement -> . SAY expression
    (69) call_statement -> . CALL attribute_path
    (70) call_statement -> . expression DOES action_name
    (71) knows_statement -> . expression KNOWS expression
    (72) knows_statement -> . expression KNOWS expression AS IDENTIFIER
    (73) forgets_statement -> . expression FORGETS IDENTIFIER
    (74) whenever_statement -> . WHENEVER subject DOES action_name opt_separator statements opt_separator END WHENEVER
    (75) whenever_statement -> . WHENEVER subject GETS TRAIT IDENTIFIER CHANGED opt_separator statements opt_separator END WHENEVER
    (76) whenever_statement -> . WHENEVER subject IDENTIFIER BORN opt_separator statements opt_separator END WHENEVER
    (77) whenever_statement -> . WHENEVER subject IDENTIFIER opt_separator statements opt_separator END WHENEVER
    (80) remove_statement -> . REMOVE IDENTIFIER FROM WORLD
    (81) announce_statement -> . ANNOUNCE expression
    (82) world_remembers -> . THE_WORLD REMEMBERS fact_name AS expression
    (83) world_forgets -> . THE_WORLD FORGETS fact_name
    (84) save_world -> . SAVE THE_WORLD TO expression
    (85) restore_world -> . RESTORE THE_WORLD FROM expression
    (96) expression -> . STRING
    (97) expression -> . NUMBER
    (98) expression -> . attribute_path
    (99) expression -> . expression PLUS expression
    (100) expression -> . expression MINUS expression
    (101) expression -> . LPAREN expression_list RPAREN
    (102) expression -> . world_expr
    (50) attribute_path -> . IDENTIFIER
    (51) attribute_path -> . attribute_path IDENTIFIER
    (103) world_expr -> . THE_WORLD KNOWS fact_name
    (104) world_expr -> . THE_WORLDS IDENTIFIER CREATURES
    (105) world_expr -> . THE_WORLD COUNTS IDENTIFIER

    CLASS           shift and go to state 27
    CREATURE        shift and go to state 29
    CREATE          shift and go to state 30
    BRING           shift and go to state 32
    SET             shift and go to state 33
    GIVE            shift and go to state 35
    ATTACH          shift and go to state 36
    REPEAT          shift and go to state 37
    UNTIL           shift and go to state 38
    IF              shift and go to state 39
    WHEN            shift and go to state 40
    ASK             shift and go to state 41
    SAY             shift and go to state 43
    CALL            shift and go to state 44
    WHENEVER        shift and go to state 45
    REMOVE          shift and go to state 46
    ANNOUNCE        shift and go to state 47
    THE_WORLD       shift and go to state 48
    SAVE            shift and go to state 49
    RESTORE         shift and go to state 50
    STRING          shift and go to state 42
    NUMBER          shift and go to state 51
    LPAREN          shift and go to state 52
    IDENTIFIER      shift and go to state 28
    THE_WORLDS      shift and go to state 54

    statements                     shift and go to state 159
    statement_with_newline         shift and go to state 5
    statement                      shift and go to state 6
    class_definition               shift and go to state 7
    create_statement               shift and go to state 8
    set_statement                  shift and go to state 9
    attach_statement               shift and go to state 10
    repeat_statement               shift and go to state 11
    repeat_through_statement       shift and go to state 12
    until_statement                shift and go to state 13
    if_statement                   shift and go to state 14
    ask_statement                  shift and go to state 15
    say_statement                  shift and go to state 16
    call_statement                 shift and go to state 17
    knows_statement                shift and go to state 18
    forgets_statement              shift and go to state 19
    whenever_statement             shift and go to state 20
    remove_statement               shift and go to state 21
    announce_statement             shift and go to state 22
    world_remembers                shift and go to state 23
    world_forgets                  shift and go to state 24
    save_world                     shift and go to state 25
    restore_world                  shift and go to state 26
    expression                     shift and go to state 31
    attribute_path                 shift and go to state 34
    world_expr                     shift and go to state 53

state 116

    (86) condition -> expression comparison_op . expression
    (96) expression -> . STRING
    (97) expression -> . NUMBER
    (98) expression -> . attribute_path
    (99) expression -> . expression PLUS expression
    (100) expression -> . expression MINUS expression
    (101) expression -> . LPAREN expression_list RPAREN
    (102) expression -> . world_expr
    (50) attribute_path -> . IDENTIFIER
    (51) attribute_path -> . attribute_path IDENTIFIER
    (103) world_expr -> . THE_WORLD KNOWS fact_name
    (104) world_expr -> . THE_WORLDS IDENTIFIER CREATURES
    (105) world_expr -> . THE_WORLD COUNTS IDENTIFIER

    STRING          shift and go to state 42
    NUMBER          shift and go to state 51
    LPAREN          shift and go to state 52
    IDENTIFIER      shift and go to state 28
    THE_WORLD       shift and go to state 71
    THE_WORLDS      shift and go to state 54

    expression                     shift and go to state 160
    attribute_path                 shift and go to state 34
    world_expr                     shift and go to state 53

state 117

    (87) condition -> expression KNOWS . expression
    (88) condition -> expression KNOWS . expression AS IDENTIFIER
    (89) condition -> expression KNOWS . ANYONE AS IDENTIFIER
    (96) expression -> . STRING
    (97) expression -> . NUMBER
    (98) expression -> . attribute_path
    (99) expression -> . expression PLUS expression
    (100) expression -> . expression MINUS expression
    (101) expression -> . LPAREN expression_list RPAREN
    (102) expression -> . world_expr
    (50) attribute_path -> . IDENTIFIER
    (51) attribute_path -> . attribute_path IDENTIFIER
    (103) world_expr -> . THE_WORLD KNOWS fact_name
    (104) world_expr -> . THE_WORLDS IDENTIFIER CREATURES
    (105) world_expr -> . THE_WORLD COUNTS IDENTIFIER

    ANYONE          shift and go to state 162
    STRING          shift and go to state 42
    NUMBER          shift and go to state 51
    LPAREN          shift and go to state 52
    IDENTIFIER      shift and go to state 28
    THE_WORLD       shift and go to state 71
    THE_WORLDS      shift and go to state 54

    expression                     shift and go to state 161
    attribute_path                 shift and go to state 34
    world_expr                     shift and go to state 53

state 118

    (90) comparison_op -> GT .

    STRING          reduce using rule 90 (comparison_op -> GT .)
    NUMBER          reduce using rule 90 (comparison_op -> GT .)
    LPAREN          reduce using rule 90 (comparison_op -> GT .)
    IDENTIFIER      reduce using rule 90 (comparison_op -> GT .)
    THE_WORLD       reduce using rule 90 (comparison_op -> GT .)
    THE_WORLDS      reduce using rule 90 (comparison_op -> GT .)


state 119

    (91) comparison_op -> LT .

    STRING          reduce using rule 91 (comparison_op -> LT .)
    NUMBER          reduce using rule 91 (comparison_op -> LT .)
    LPAREN          reduce using rule 91 (comparison_op -> LT .)
    IDENTIFIER      reduce using rule 91 (comparison_op -> LT .)
    THE_WORLD       reduce using rule 91 (comparison_op -> LT .)
    THE_WORLDS      reduce using rule 91 (comparison_op -> LT .)


state 120

    (92) comparison_op -> EQ .

    STRING          reduce using rule 92 (comparison_op -> EQ .)
    NUMBER          reduce using rule 92 (comparison_op -> EQ .)
    LPAREN          reduce using rule 92 (comparison_op -> EQ .)
    IDENTIFIER      reduce using rule 92 (comparison_op -> EQ .)
    THE_WORLD       reduce using rule 92 (comparison_op -> EQ .)
    THE_WORLDS      reduce using rule 92 (comparison_op -> EQ .)


state 121

    (93) comparison_op -> NEQ .

    STRING          reduce using rule 93 (comparison_op -> NEQ .)
    NUMBER          reduce using rule 93 (comparison_op -> NEQ .)
    LPAREN          reduce using rule 93 (comparison_op -> NEQ .)
    IDENTIFIER      reduce using rule 93 (comparison_op -> NEQ .)
    THE_WORLD       reduce using rule 93 (comparison_op -> NEQ .)
    THE_WORLDS      reduce using rule 93 (comparison_op -> NEQ .)


state 122

    (63) if_statement -> IF condition opt_separator . statements opt_separator ELSE opt_separator statements opt_separator END IF
    (64) if_statement -> IF condition opt_separator . statements opt_separator END IF
    (5) statements -> . statements statement_with_newline
    (6) statements -> . statement_with_newline
    (7) statement_with_newline -> . statement separator
    (8) statement_with_newline -> . statement
    (13) statement -> . class_definition
    (14) statement -> . create_statement
    (15) statement -> . set_statement
    (16) statement -> . attach_statement
    (17) statement -> . repeat_statement
    (18) statement -> . repeat_through_statement
    (19) statement -> . until_statement
    (20) statement -> . if_statement
    (21) statement -> . ask_statement
    (22) statement -> . say_statement
    (23) statement -> . call_statement
    (24) statement -> . knows_statement
    (25) statement -> . forgets_statement
    (26) statement -> . whenever_statement
    (27) statement -> . remove_statement
    (28) statement -> . announce_statement
    (29) statement -> . world_remembers
    (30) statement -> . world_forgets
    (31) statement -> . save_world
    (32) statement -> . restore_world
    (33) class_definition -> . CLASS IDENTIFIER opt_separator class_body opt_separator END CLASS
    (34) class_definition -> . CLASS IDENTIFIER FROM IDENTIFIER opt_separator class_body opt_separator END CLASS
    (35) class_definition -> . CREATURE IDENTIFIER opt_separator class_body opt_separator END CREATURE
    (36) class_definition -> . CREATURE IDENTIFIER FROM IDENTIFIER opt_separator class_body opt_separator END CREATURE
    (52) create_statement -> . CREATE IDENTIFIER IDENTIFIER WITH expression
    (53) create_statement -> . CREATE IDENTIFIER IDENTIFIER
    (54) create_statement -> . BRING IDENTIFIER TO LIFE AS IDENTIFIER WITH expression
    (55) create_statement -> . BRING IDENTIFIER TO LIFE AS IDENTIFIER
    (56) set_statement -> . SET attribute_path TO expression
    (57) set_statement -> . GIVE attribute_path IDENTIFIER TRAIT IDENTIFIER TO expression
    (58) set_statement -> . GIVE attribute_path TRAIT IDENTIFIER TO expression
    (59) attach_statement -> . ATTACH expression TO expression
    (60) repeat_statement -> . REPEAT expression TIMES opt_separator statements opt_separator END REPEAT
    (61) repeat_through_statement -> . REPEAT THROUGH expression AS attribute_path opt_separator statements opt_separator END REPEAT
    (62) until_statement -> . UNTIL condition opt_separator statements opt_separator END UNTIL
    (63) if_statement -> . IF condition opt_separator statements opt_separator ELSE opt_separator statements opt_separator END IF
    (64) if_statement -> . IF condition opt_separator statements opt_separator END IF
    (65) if_statement -> . WHEN condition opt_separator statements opt_separator OTHERWISE opt_separator statements opt_separator END WHEN
    (66) if_statement -> . WHEN condition opt_separator statements opt_separator END WHEN
    (67) ask_statement -> . ASK STRING
    (68) say_statement -> . SAY expression
    (69) call_statement -> . CALL attribute_path
    (70) call_statement -> . expression DOES action_name
    (71) knows_statement -> . expression KNOWS expression
    (72) knows_statement -> . expression KNOWS expression AS IDENTIFIER
    (73) forgets_statement -> . expression FORGETS IDENTIFIER
    (74) whenever_statement -> . WHENEVER subject DOES action_name opt_separator statements opt_separator END WHENEVER
    (75) whenever_statement -> . WHENEVER subject GETS TRAIT IDENTIFIER CHANGED opt_separator statements opt_separator END WHENEVER
    (76) whenever_statement -> . WHENEVER subject IDENTIFIER BORN opt_separator statements opt_separator END WHENEVER
    (77) whenever_statement -> . WHENEVER subject IDENTIFIER opt_separator statements opt_separator END WHENEVER
    (80) remove_statement -> . REMOVE IDENTIFIER FROM WORLD
    (81) announce_statement -> . ANNOUNCE expression
    (82) world_remembers -> . THE_WORLD REMEMBERS fact_name AS expression
    (83) world_forgets -> . THE_WORLD FORGETS fact_name
    (84) save_world -> . SAVE THE_WORLD TO expression
    (85) restore_world -> . RESTORE THE_WORLD FROM expression
    (96) expression -> . STRING
    (97) expression -> . NUMBER
    (98) expression -> . attribute_path
    (99) expression -> . expression PLUS expression
    (100) expression -> . expression MINUS expression
    (101) expression -> . LPAREN expression_list RPAREN
    (102) expression -> . world_expr
    (50) attribute_path -> . IDENTIFIER
    (51) attribute_path -> . attribute_path IDENTIFIER
    (103) world_expr -> . THE_WORLD KNOWS fact_name
    (104) world_expr -> . THE_WORLDS IDENTIFIER CREATURES
    (105) world_expr -> . THE_WORLD COUNTS IDENTIFIER

    CLASS           shift and go to state 27
    CREATURE        shift and go to state 29
    CREATE          shift and go to state 30
    BRING           shift and go to state 32
    SET             shift and go to state 33
    GIVE            shift and go to state 35
    ATTACH          shift and go to state 36
    REPEAT          shift and go to state 37
    UNTIL           shift and go to state 38
    IF              shift and go to state 39
    WHEN            shift and go to state 40
    ASK             shift and go to state 41
    SAY             shift and go to state 43
    CALL            shift and go to state 44
    WHENEVER        shift and go to state 45
    REMOVE          shift and go to state 46
    ANNOUNCE        shift and go to state 47
    THE_WORLD       shift and go to state 48
    SAVE            shift and go to state 49
    RESTORE         shift and go to state 50
    STRING          shift and go to state 42
    NUMBER          shift and go to state 51
    LPAREN          shift and go to state 52
    IDENTIFIER      shift and go to state 28
    THE_WORLDS      shift and go to state 54

    statements                     shift and go to state 163
    statement_with_newline         shift and go to state 5
    statement                      shift and go to state 6
    class_definition               shift and go to state 7
    create_statement               shift and go to state 8
    set_statement                  shift and go to state 9
    attach_statement               shift and go to state 10
    repeat_statement               shift and go to state 11
    repeat_through_statement       shift and go to state 12
    until_statement                shift and go to state 13
    if_statement                   shift and go to state 14
    ask_statement                  shift and go to state 15
    say_statement                  shift and go to state 16
    call_statement                 shift and go to state 17
    knows_statement                shift and go to state 18
    forgets_statement              shift and go to state 19
    whenever_statement             shift and go to state 20
    remove_statement               shift and go to state 21
    announce_statement             shift and go to state 22
    world_remembers                shift and go to state 23
    world_forgets                  shift and go to state 24
    save_world                     shift and go to state 25
    restore_world                  shift and go to state 26
    expression                     shift and go to state 31
    attribute_path                 shift and go to state 34
    world_expr                     shift and go to state 53

state 123

    (65) if_statement -> WHEN condition opt_separator . statements opt_separator OTHERWISE opt_separator statements opt_separator END WHEN
    (66) if_statement -> WHEN condition opt_separator . statements opt_separator END WHEN
    (5) statements -> . statements statement_with_newline
    (6) statements -> . statement_with_newline
    (7) statement_with_newline -> . statement separator
    (8) statement_with_newline -> . statement
    (13) statement -> . class_definition
    (14) statement -> . create_statement
    (15) statement -> . set_statement
    (16) statement -> . attach_statement
    (17) statement -> . repeat_statement
    (18) statement -> . repeat_through_statement
    (19) statement -> . until_statement
    (20) statement -> . if_statement
    (21) statement -> . ask_statement
    (22) statement -> . say_statement
    (23) statement -> . call_statement
    (24) statement -> . knows_statement
    (25) statement -> . forgets_statement
    (26) statement -> . whenever_statement
    (27) statement -> . remove_statement
    (28) statement -> . announce_statement
    (29) statement -> . world_remembers
    (30) statement -> . world_forgets
    (31) statement -> . save_world
    (32) statement -> . restore_world
    (33) class_definition -> . CLASS IDENTIFIER opt_separator class_body opt_separator END CLASS
    (34) class_definition -> . CLASS IDENTIFIER FROM IDENTIFIER opt_separator class_body opt_separator END CLASS
    (35) class_definition -> . CREATURE IDENTIFIER opt_separator class_body opt_separator END CREATURE
    (36) class_definition -> . CREATURE IDENTIFIER FROM IDENTIFIER opt_separator class_body opt_separator END CREATURE
    (52) create_statement -> . CREATE IDENTIFIER IDENTIFIER WITH expression
    (53) create_statement -> . CREATE IDENTIFIER IDENTIFIER
    (54) create_statement -> . BRING IDENTIFIER TO LIFE AS IDENTIFIER WITH expression
    (55) create_statement -> . BRING IDENTIFIER TO LIFE AS IDENTIFIER
    (56) set_statement -> . SET attribute_path TO expression
    (57) set_statement -> . GIVE attribute_path IDENTIFIER TRAIT IDENTIFIER TO expression
    (58) set_statement -> . GIVE attribute_path TRAIT IDENTIFIER TO expression
    (59) attach_statement -> . ATTACH expression TO expression
    (60) repeat_statement -> . REPEAT expression TIMES opt_separator statements opt_separator END REPEAT
    (61) repeat_through_statement -> . REPEAT THROUGH expression AS attribute_path opt_separator statements opt_separator END REPEAT
    (62) until_statement -> . UNTIL condition opt_separator statements opt_separator END UNTIL
    (63) if_statement -> . IF condition opt_separator statements opt_separator ELSE opt_separator statements opt_separator END IF
    (64) if_statement -> . IF condition opt_separator statements opt_separator END IF
    (65) if_statement -> . WHEN condition opt_separator statements opt_separator OTHERWISE opt_separator statements opt_separator END WHEN
    (66) if_statement -> . WHEN condition opt_separator statements opt_separator END WHEN
    (67) ask_statement -> . ASK STRING
    (68) say_statement -> . SAY expression
    (69) call_statement -> . CALL attribute_path
    (70) call_statement -> . expression DOES action_name
    (71) knows_statement -> . expression KNOWS expression
    (72) knows_statement -> . expression KNOWS expression AS IDENTIFIER
    (73) forgets_statement -> . expression FORGETS IDENTIFIER
    (74) whenever_statement -> . WHENEVER subject DOES action_name opt_separator statements opt_separator END WHENEVER
    (75) whenever_statement -> . WHENEVER subject GETS TRAIT IDENTIFIER CHANGED opt_separator statements opt_separator END WHENEVER
    (76) whenever_statement -> . WHENEVER subject IDENTIFIER BORN opt_separator statements opt_separator END WHENEVER
    (77) whenever_statement -> . WHENEVER subject IDENTIFIER opt_separator statements opt_separator END WHENEVER
    (80) remove_statement -> . REMOVE IDENTIFIER FROM WORLD
    (81) announce_statement -> . ANNOUNCE expression
    (82) world_remembers -> . THE_WORLD REMEMBERS fact_name AS expression
    (83) world_forgets -> . THE_WORLD FORGETS fact_name
    (84) save_world -> . SAVE THE_WORLD TO expression
    (85) restore_world -> . RESTORE THE_WORLD FROM expression
    (96) expression -> . STRING
    (97) expression -> . NUMBER
    (98) expression -> . attribute_path
    (99) expression -> . expression PLUS expression
    (100) expression -> . expression MINUS expression
    (101) expression -> . LPAREN expression_list RPAREN
    (102) expression -> . world_expr
    (50) attribute_path -> . IDENTIFIER
    (51) attribute_path -> . attribute_path IDENTIFIER
    (103) world_expr -> . THE_WORLD KNOWS fact_name
    (104) world_expr -> . THE_WORLDS IDENTIFIER CREATURES
    (105) world_expr -> . THE_WORLD COUNTS IDENTIFIER

    CLASS           shift and go to state 27
    CREATURE        shift and go to state 29
    CREATE          shift and go to state 30
    BRING           shift and go to state 32
    SET             shift and go to state 33
    GIVE            shift and go to state 35
    ATTACH          shift and go to state 36
    REPEAT          shift and go to state 37
    UNTIL           shift and go to state 38
    IF              shift and go to state 39
    WHEN            shift and go to state 40
    ASK             shift and go to state 41
    SAY             shift and go to state 43
    CALL            shift and go to state 44
    WHENEVER        shift and go to state 45
    REMOVE          shift and go to state 46
    ANNOUNCE        shift and go to state 47
    THE_WORLD       shift and go to state 48
    SAVE            shift and go to state 49
    RESTORE         shift and go to state 50
    STRING          shift and go to state 42
    NUMBER          shift and go to state 51
    LPAREN          shift and go to state 52
    IDENTIFIER      shift and go to state 28
    THE_WORLDS      shift and go to state 54

    statements                     shift and go to state 164
    statement_with_newline         shift and go to state 5
    statement                      shift and go to state 6
    class_definition               shift and go to state 7
    create_statement               shift and go to state 8
    set_statement                  shift and go to state 9
    attach_statement               shift and go to state 10
    repeat_statement               shift and go to state 11
    repeat_through_statement       shift and go to state 12
    until_statement                shift and go to state 13
    if_statement                   shift and go to state 14
    ask_statement                  shift and go to state 15
    say_statement                  shift and go to state 16
    call_statement                 shift and go to state 17
    knows_statement                shift and go to state 18
    forgets_statement              shift and go to state 19
    whenever_statement             shift and go to state 20
    remove_statement               shift and go to state 21
    announce_statement             shift and go to state 22
    world_remembers                shift and go to state 23
    world_forgets                  shift and go to state 24
    save_world                     shift and go to state 25
    restore_world                  shift and go to state 26
    expression                     shift and go to state 31
    attribute_path                 shift and go to state 34
    world_expr                     shift and go to state 53

state 124

    (74) whenever_statement -> WHENEVER subject DOES . action_name opt_separator statements opt_separator END WHENEVER
    (46) action_name -> . IDENTIFIER
    (47) action_name -> . action_name IDENTIFIER

    IDENTIFIER      shift and go to state 103

    action_name                    shift and go to state 165

state 125

    (75) whenever_statement -> WHENEVER subject GETS . TRAIT IDENTIFIER CHANGED opt_separator statements opt_separator END WHENEVER

    TRAIT           shift and go to state 166


state 126

    (76) whenever_statement -> WHENEVER subject IDENTIFIER . BORN opt_separator statements opt_separator END WHENEVER
    (77) whenever_statement -> WHENEVER subject IDENTIFIER . opt_separator statements opt_separator END WHENEVER
    (11) opt_separator -> . separator
    (12) opt_separator -> .
    (9) separator -> . separator NEWLINE
    (10) separator -> . NEWLINE

    BORN            shift and go to state 167
    CLASS           reduce using rule 12 (opt_separator -> .)
    CREATURE        reduce using rule 12 (opt_separator -> .)
    CREATE          reduce using rule 12 (opt_separator -> .)
    BRING           reduce using rule 12 (opt_separator -> .)
    SET             reduce using rule 12 (opt_separator -> .)
    GIVE            reduce using rule 12 (opt_separator -> .)
    ATTACH          reduce using rule 12 (opt_separator -> .)
    REPEAT          reduce using rule 12 (opt_separator -> .)
    UNTIL           reduce using rule 12 (opt_separator -> .)
    IF              reduce using rule 12 (opt_separator -> .)
    WHEN            reduce using rule 12 (opt_separator -> .)
    ASK             reduce using rule 12 (opt_separator -> .)
    SAY             reduce using rule 12 (opt_separator -> .)
    CALL            reduce using rule 12 (opt_separator -> .)
    WHENEVER        reduce using rule 12 (opt_separator -> .)
    REMOVE          reduce using rule 12 (opt_separator -> .)
    ANNOUNCE        reduce using rule 12 (opt_separator -> .)
    THE_WORLD       reduce using rule 12 (opt_separator -> .)
    SAVE            reduce using rule 12 (opt_separator -> .)
    RESTORE         reduce using rule 12 (opt_separator -> .)
    STRING          reduce using rule 12 (opt_separator -> .)
    NUMBER          reduce using rule 12 (opt_separator -> .)
    LPAREN          reduce using rule 12 (opt_separator -> .)
    IDENTIFIER      reduce using rule 12 (opt_separator -> .)
    THE_WORLDS      reduce using rule 12 (opt_separator -> .)
    NEWLINE         shift and go to state 57

    opt_separator                  shift and go to state 168
    separator                      shift and go to state 98

state 127

    (80) remove_statement -> REMOVE IDENTIFIER FROM . WORLD

    WORLD           shift and go to state 169


state 128

    (82) world_remembers -> THE_WORLD REMEMBERS fact_name . AS expression
    (107) fact_name -> fact_name . IDENTIFIER

    AS              shift and go to state 170
    IDENTIFIER      shift and go to state 171


state 129

    (106) fact_name -> IDENTIFIER .

    AS              reduce using rule 106 (fact_name -> IDENTIFIER .)
    IDENTIFIER      reduce using rule 106 (fact_name -> IDENTIFIER .)
    NEWLINE         reduce using rule 106 (fact_name -> IDENTIFIER .)
    CLASS           reduce using rule 106 (fact_name -> IDENTIFIER .)
    CREATURE        reduce using rule 106 (fact_name -> IDENTIFIER .)
    CREATE          reduce using rule 106 (fact_name -> IDENTIFIER .)
    BRING           reduce using rule 106 (fact_name -> IDENTIFIER .)
    SET             reduce using rule 106 (fact_name -> IDENTIFIER .)
    GIVE            reduce using rule 106 (fact_name -> IDENTIFIER .)
    ATTACH          reduce using rule 106 (fact_name -> IDENTIFIER .)
    REPEAT          reduce using rule 106 (fact_name -> IDENTIFIER .)
    UNTIL           reduce using rule 106 (fact_name -> IDENTIFIER .)
    IF              reduce using rule 106 (fact_name -> IDENTIFIER .)
    WHEN            reduce using rule 106 (fact_name -> IDENTIFIER .)
    ASK             reduce using rule 106 (fact_name -> IDENTIFIER .)
    SAY             reduce using rule 106 (fact_name -> IDENTIFIER .)
    CALL            reduce using rule 106 (fact_name -> IDENTIFIER .)
    WHENEVER        reduce using rule 106 (fact_name -> IDENTIFIER .)
    REMOVE          reduce using rule 106 (fact_name -> IDENTIFIER .)
    ANNOUNCE        reduce using rule 106 (fact_name -> IDENTIFIER .)
    THE_WORLD       reduce using rule 106 (fact_name -> IDENTIFIER .)
    SAVE            reduce using rule 106 (fact_name -> IDENTIFIER .)
    RESTORE         reduce using rule 106 (fact_name -> IDENTIFIER .)
    STRING          reduce using rule 106 (fact_name -> IDENTIFIER .)
    NUMBER          reduce using rule 106 (fact_name -> IDENTIFIER .)
    LPAREN          reduce using rule 106 (fact_name -> IDENTIFIER .)
    THE_WORLDS      reduce using rule 106 (fact_name -> IDENTIFIER .)
    $end            reduce using rule 106 (fact_name -> IDENTIFIER .)
    END             reduce using rule 106 (fact_name -> IDENTIFIER .)
    ELSE            reduce using rule 106 (fact_name -> IDENTIFIER .)
    OTHERWISE       reduce using rule 106 (fact_name -> IDENTIFIER .)
    DOES            reduce using rule 106 (fact_name -> IDENTIFIER .)
    KNOWS           reduce using rule 106 (fact_name -> IDENTIFIER .)
    FORGETS         reduce using rule 106 (fact_name -> IDENTIFIER .)
    PLUS            reduce using rule 106 (fact_name -> IDENTIFIER .)
    MINUS           reduce using rule 106 (fact_name -> IDENTIFIER .)
    TO              reduce using rule 106 (fact_name -> IDENTIFIER .)
    TIMES           reduce using rule 106 (fact_name -> IDENTIFIER .)
    GT              reduce using rule 106 (fact_name -> IDENTIFIER .)
    LT              reduce using rule 106 (fact_name -> IDENTIFIER .)
    EQ              reduce using rule 106 (fact_name -> IDENTIFIER .)
    NEQ             reduce using rule 106 (fact_name -> IDENTIFIER .)
    RPAREN          reduce using rule 106 (fact_name -> IDENTIFIER .)


state 130

    (83) world_forgets -> THE_WORLD FORGETS fact_name .
    (107) fact_name -> fact_name . IDENTIFIER

  ! shift/reduce conflict for IDENTIFIER resolved as shift
    NEWLINE         reduce using rule 83 (world_forgets -> THE_WORLD FORGETS fact_name .)
    CLASS           reduce using rule 83 (world_forgets -> THE_WORLD FORGETS fact_name .)
    CREATURE        reduce using rule 83 (world_forgets -> THE_WORLD FORGETS fact_name .)
    CREATE          reduce using rule 83 (world_forgets -> THE_WORLD FORGETS fact_name .)
    BRING           reduce using rule 83 (world_forgets -> THE_WORLD FORGETS fact_name .)
    SET             reduce using rule 83 (world_forgets -> THE_WORLD FORGETS fact_name .)
    GIVE            reduce using rule 83 (world_forgets -> THE_WORLD FORGETS fact_name .)
    ATTACH          reduce using rule 83 (world_forgets -> THE_WORLD FORGETS fact_name .)
    REPEAT          reduce using rule 83 (world_forgets -> THE_WORLD FORGETS fact_name .)
    UNTIL           reduce using rule 83 (world_forgets -> THE_WORLD FORGETS fact_name .)
    IF              reduce using rule 83 (world_forgets -> THE_WORLD FORGETS fact_name .)
    WHEN            reduce using rule 83 (world_forgets -> THE_WORLD FORGETS fact_name .)
    ASK             reduce using rule 83 (world_forgets -> THE_WORLD FORGETS fact_name .)
    SAY             reduce using rule 83 (world_forgets -> THE_WORLD FORGETS fact_name .)
    CALL            reduce using rule 83 (world_forgets -> THE_WORLD FORGETS fact_name .)
    WHENEVER        reduce using rule 83 (world_forgets -> THE_WORLD FORGETS fact_name .)
    REMOVE          reduce using rule 83 (world_forgets -> THE_WORLD FORGETS fact_name .)
    ANNOUNCE        reduce using rule 83 (world_forgets -> THE_WORLD FORGETS fact_name .)
    THE_WORLD       reduce using rule 83 (world_forgets -> THE_WORLD FORGETS fact_name .)
    SAVE            reduce using rule 83 (world_forgets -> THE_WORLD FORGETS fact_name .)
    RESTORE         reduce using rule 83 (world_forgets -> THE_WORLD FORGETS fact_name .)
    STRING          reduce using rule 83 (world_forgets -> THE_WORLD FORGETS fact_name .)
    NUMBER          reduce using rule 83 (world_forgets -> THE_WORLD FORGETS fact_name .)
    LPAREN          reduce using rule 83 (world_forgets -> THE_WORLD FORGETS fact_name .)
    THE_WORLDS      reduce using rule 83 (world_forgets -> THE_WORLD FORGETS fact_name .)
    $end            reduce using rule 83 (world_forgets -> THE_WORLD FORGETS fact_name .)
    END             reduce using rule 83 (world_forgets -> THE_WORLD FORGETS fact_name .)
    ELSE            reduce using rule 83 (world_forgets -> THE_WORLD FORGETS fact_name .)
    OTHERWISE       reduce using rule 83 (world_forgets -> THE_WORLD FORGETS fact_name .)
    IDENTIFIER      shift and go to state 171

  ! IDENTIFIER      [ reduce using rule 83 (world_forgets -> THE_WORLD FORGETS fact_name .) ]


state 131

    (103) world_expr -> THE_WORLD KNOWS fact_name .
    (107) fact_name -> fact_name . IDENTIFIER

  ! shift/reduce conflict for IDENTIFIER resolved as shift
    DOES            reduce using rule 103 (world_expr -> THE_WORLD KNOWS fact_name .)
    KNOWS           reduce using rule 103 (world_expr -> THE_WORLD KNOWS fact_name .)
    FORGETS         reduce using rule 103 (world_expr -> THE_WORLD KNOWS fact_name .)
    PLUS            reduce using rule 103 (world_expr -> THE_WORLD KNOWS fact_name .)
    MINUS           reduce using rule 103 (world_expr -> THE_WORLD KNOWS fact_name .)
    TO              reduce using rule 103 (world_expr -> THE_WORLD KNOWS fact_name .)
    TIMES           reduce using rule 103 (world_expr -> THE_WORLD KNOWS fact_name .)
    GT              reduce using rule 103 (world_expr -> THE_WORLD KNOWS fact_name .)
    LT              reduce using rule 103 (world_expr -> THE_WORLD KNOWS fact_name .)
    EQ              reduce using rule 103 (world_expr -> THE_WORLD KNOWS fact_name .)
    NEQ             reduce using rule 103 (world_expr -> THE_WORLD KNOWS fact_name .)
    NEWLINE         reduce using rule 103 (world_expr -> THE_WORLD KNOWS fact_name .)
    CLASS           reduce using rule 103 (world_expr -> THE_WORLD KNOWS fact_name .)
    CREATURE        reduce using rule 103 (world_expr -> THE_WORLD KNOWS fact_name .)
    CREATE          reduce using rule 103 (world_expr -> THE_WORLD KNOWS fact_name .)
    BRING           reduce using rule 103 (world_expr -> THE_WORLD KNOWS fact_name .)
    SET             reduce using rule 103 (world_expr -> THE_WORLD KNOWS fact_name .)
    GIVE            reduce using rule 103 (world_expr -> THE_WORLD KNOWS fact_name .)
    ATTACH          reduce using rule 103 (world_expr -> THE_WORLD KNOWS fact_name .)
    REPEAT          reduce using rule 103 (world_expr -> THE_WORLD KNOWS fact_name .)
    UNTIL           reduce using rule 103 (world_expr -> THE_WORLD KNOWS fact_name .)
    IF              reduce using rule 103 (world_expr -> THE_WORLD KNOWS fact_name .)
    WHEN            reduce using rule 103 (world_expr -> THE_WORLD KNOWS fact_name .)
    ASK             reduce using rule 103 (world_expr -> THE_WORLD KNOWS fact_name .)
    SAY             reduce using rule 103 (world_expr -> THE_WORLD KNOWS fact_name .)
    CALL            reduce using rule 103 (world_expr -> THE_WORLD KNOWS fact_name .)
    WHENEVER        reduce using rule 103 (world_expr -> THE_WORLD KNOWS fact_name .)
    REMOVE          reduce using rule 103 (world_expr -> THE_WORLD KNOWS fact_name .)
    ANNOUNCE        reduce using rule 103 (world_expr -> THE_WORLD KNOWS fact_name .)
    THE_WORLD       reduce using rule 103 (world_expr -> THE_WORLD KNOWS fact_name .)
    SAVE            reduce using rule 103 (world_expr -> THE_WORLD KNOWS fact_name .)
    RESTORE         reduce using rule 103 (world_expr -> THE_WORLD KNOWS fact_name .)
    STRING          reduce using rule 103 (world_expr -> THE_WORLD KNOWS fact_name .)
    NUMBER          reduce using rule 103 (world_expr -> THE_WORLD KNOWS fact_name .)
    LPAREN          reduce using rule 103 (world_expr -> THE_WORLD KNOWS fact_name .)
    THE_WORLDS      reduce using rule 103 (world_expr -> THE_WORLD KNOWS fact_name .)
    $end            reduce using rule 103 (world_expr -> THE_WORLD KNOWS fact_name .)
    END             reduce using rule 103 (world_expr -> THE_WORLD KNOWS fact_name .)
    ELSE            reduce using rule 103 (world_expr -> THE_WORLD KNOWS fact_name .)
    OTHERWISE       reduce using rule 103 (world_expr -> THE_WORLD KNOWS fact_name .)
    RPAREN          reduce using rule 103 (world_expr -> THE_WORLD KNOWS fact_name .)
    AS              reduce using rule 103 (world_expr -> THE_WORLD KNOWS fact_name .)
    IDENTIFIER      shift and go to state 171

  ! IDENTIFIER      [ reduce using rule 103 (world_expr -> THE_WORLD KNOWS fact_name .) ]


state 132

    (105) world_expr -> THE_WORLD COUNTS IDENTIFIER .

    DOES            reduce using rule 105 (world_expr -> THE_WORLD COUNTS IDENTIFIER .)
    KNOWS           reduce using rule 105 (world_expr -> THE_WORLD COUNTS IDENTIFIER .)
    FORGETS         reduce using rule 105 (world_expr -> THE_WORLD COUNTS IDENTIFIER .)
    PLUS            reduce using rule 105 (world_expr -> THE_WORLD COUNTS IDENTIFIER .)
    MINUS           reduce using rule 105 (world_expr -> THE_WORLD COUNTS IDENTIFIER .)
    TO              reduce using rule 105 (world_expr -> THE_WORLD COUNTS IDENTIFIER .)
    TIMES           reduce using rule 105 (world_expr -> THE_WORLD COUNTS IDENTIFIER .)
    GT              reduce using rule 105 (world_expr -> THE_WORLD COUNTS IDENTIFIER .)
    LT              reduce using rule 105 (world_expr -> THE_WORLD COUNTS IDENTIFIER .)
    EQ              reduce using rule 105 (world_expr -> THE_WORLD COUNTS IDENTIFIER .)
    NEQ             reduce using rule 105 (world_expr -> THE_WORLD COUNTS IDENTIFIER .)
    NEWLINE         reduce using rule 105 (world_expr -> THE_WORLD COUNTS IDENTIFIER .)
    CLASS           reduce using rule 105 (world_expr -> THE_WORLD COUNTS IDENTIFIER .)
    CREATURE        reduce using rule 105 (world_expr -> THE_WORLD COUNTS IDENTIFIER .)
    CREATE          reduce using rule 105 (world_expr -> THE_WORLD COUNTS IDENTIFIER .)
    BRING           reduce using rule 105 (world_expr -> THE_WORLD COUNTS IDENTIFIER .)
    SET             reduce using rule 105 (world_expr -> THE_WORLD COUNTS IDENTIFIER .)
    GIVE            reduce using rule 105 (world_expr -> THE_WORLD COUNTS IDENTIFIER .)
    ATTACH          reduce using rule 105 (world_expr -> THE_WORLD COUNTS IDENTIFIER .)
    REPEAT          reduce using rule 105 (world_expr -> THE_WORLD COUNTS IDENTIFIER .)
    UNTIL           reduce using rule 105 (world_expr -> THE_WORLD COUNTS IDENTIFIER .)
    IF              reduce using rule 105 (world_expr -> THE_WORLD COUNTS IDENTIFIER .)
    WHEN            reduce using rule 105 (world_expr -> THE_WORLD COUNTS IDENTIFIER .)
    ASK             reduce using rule 105 (world_expr -> THE_WORLD COUNTS IDENTIFIER .)
    SAY             reduce using rule 105 (world_expr -> THE_WORLD COUNTS IDENTIFIER .)
    CALL            reduce using rule 105 (world_expr -> THE_WORLD COUNTS IDENTIFIER .)
    WHENEVER        reduce using rule 105 (world_expr -> THE_WORLD COUNTS IDENTIFIER .)
    REMOVE          reduce using rule 105 (world_expr -> THE_WORLD COUNTS IDENTIFIER .)
    ANNOUNCE        reduce using rule 105 (world_expr -> THE_WORLD COUNTS IDENTIFIER .)
    THE_WORLD       reduce using rule 105 (world_expr -> THE_WORLD COUNTS IDENTIFIER .)
    SAVE            reduce using rule 105 (world_expr -> THE_WORLD COUNTS IDENTIFIER .)
    RESTORE         reduce using rule 105 (world_expr -> THE_WORLD COUNTS IDENTIFIER .)
    STRING          reduce using rule 105 (world_expr -> THE_WORLD COUNTS IDENTIFIER .)
    NUMBER          reduce using rule 105 (world_expr -> THE_WORLD COUNTS IDENTIFIER .)
    LPAREN          reduce using rule 105 (world_expr -> THE_WORLD COUNTS IDENTIFIER .)
    IDENTIFIER      reduce using rule 105 (world_expr -> THE_WORLD COUNTS IDENTIFIER .)
    THE_WORLDS      reduce using rule 105 (world_expr -> THE_WORLD COUNTS IDENTIFIER .)
    $end            reduce using rule 105 (world_expr -> THE_WORLD COUNTS IDENTIFIER .)
    END             reduce using rule 105 (world_expr -> THE_WORLD COUNTS IDENTIFIER .)
    ELSE            reduce using rule 105 (world_expr -> THE_WORLD COUNTS IDENTIFIER .)
    OTHERWISE       reduce using rule 105 (world_expr -> THE_WORLD COUNTS IDENTIFIER .)
    RPAREN          reduce using rule 105 (world_expr -> THE_WORLD COUNTS IDENTIFIER .)
    AS              reduce using rule 105 (world_expr -> THE_WORLD COUNTS IDENTIFIER .)


state 133

    (84) save_world -> SAVE THE_WORLD TO . expression
    (96) expression -> . STRING
    (97) expression -> . NUMBER
    (98) expression -> . attribute_path
    (99) expression -> . expression PLUS expression
    (100) expression -> . expression MINUS expression
    (101) expression -> . LPAREN expression_list RPAREN
    (102) expression -> . world_expr
    (50) attribute_path -> . IDENTIFIER
    (51) attribute_path -> . attribute_path IDENTIFIER
    (103) world_expr -> . THE_WORLD KNOWS fact_name
    (104) world_expr -> . THE_WORLDS IDENTIFIER CREATURES
    (105) world_expr -> . THE_WORLD COUNTS IDENTIFIER

    STRING          shift and go to state 42
    NUMBER          shift and go to state 51
    LPAREN          shift and go to state 52
    IDENTIFIER      shift and go to state 28
    THE_WORLD       shift and go to state 71
    THE_WORLDS      shift and go to state 54

    expression                     shift and go to state 172
    attribute_path                 shift and go to state 34
    world_expr                     shift and go to state 53

state 134

    (85) restore_world -> RESTORE THE_WORLD FROM . expression
    (96) expression -> . STRING
    (97) expression -> . NUMBER
    (98) expression -> . attribute_path
    (99) expression -> . expression PLUS expression
    (100) expression -> . expression MINUS expression
    (101) expression -> . LPAREN expression_list RPAREN
    (102) expression -> . world_expr
    (50) attribute_path -> . IDENTIFIER
    (51) attribute_path -> . attribute_path IDENTIFIER
    (103) world_expr -> . THE_WORLD KNOWS fact_name
    (104) world_expr -> . THE_WORLDS IDENTIFIER CREATURES
    (105) world_expr -> . THE_WORLD COUNTS IDENTIFIER

    STRING          shift and go to state 42
    NUMBER          shift and go to state 51
    LPAREN          shift and go to state 52
    IDENTIFIER      shift and go to state 28
    THE_WORLD       shift and go to state 71
    THE_WORLDS      shift and go to state 54

    expression                     shift and go to state 173
    attribute_path                 shift and go to state 34
    world_expr                     shift and go to state 53

state 135

    (101) expression -> LPAREN expression_list RPAREN .

    DOES            reduce using rule 101 (expression -> LPAREN expression_list RPAREN .)
    KNOWS           reduce using rule 101 (expression -> LPAREN expression_list RPAREN .)
    FORGETS         reduce using rule 101 (expression -> LPAREN expression_list RPAREN .)
    PLUS            reduce using rule 101 (expression -> LPAREN expression_list RPAREN .)
    MINUS           reduce using rule 101 (expression -> LPAREN expression_list RPAREN .)
    TO              reduce using rule 101 (expression -> LPAREN expression_list RPAREN .)
    TIMES           reduce using rule 101 (expression -> LPAREN expression_list RPAREN .)
    GT              reduce using rule 101 (expression -> LPAREN expression_list RPAREN .)
    LT              reduce using rule 101 (expression -> LPAREN expression_list RPAREN .)
    EQ              reduce using rule 101 (expression -> LPAREN expression_list RPAREN .)
    NEQ             reduce using rule 101 (expression -> LPAREN expression_list RPAREN .)
    NEWLINE         reduce using rule 101 (expression -> LPAREN expression_list RPAREN .)
    CLASS           reduce using rule 101 (expression -> LPAREN expression_list RPAREN .)
    CREATURE        reduce using rule 101 (expression -> LPAREN expression_list RPAREN .)
    CREATE          reduce using rule 101 (expression -> LPAREN expression_list RPAREN .)
    BRING           reduce using rule 101 (expression -> LPAREN expression_list RPAREN .)
    SET             reduce using rule 101 (expression -> LPAREN expression_list RPAREN .)
    GIVE            reduce using rule 101 (expression -> LPAREN expression_list RPAREN .)
    ATTACH          reduce using rule 101 (expression -> LPAREN expression_list RPAREN .)
    REPEAT          reduce using rule 101 (expression -> LPAREN expression_list RPAREN .)
    UNTIL           reduce using rule 101 (expression -> LPAREN expression_list RPAREN .)
    IF              reduce using rule 101 (expression -> LPAREN expression_list RPAREN .)
    WHEN            reduce using rule 101 (expression -> LPAREN expression_list RPAREN .)
    ASK             reduce using rule 101 (expression -> LPAREN expression_list RPAREN .)
    SAY             reduce using rule 101 (expression -> LPAREN expression_list RPAREN .)
    CALL            reduce using rule 101 (expression -> LPAREN expression_list RPAREN .)
    WHENEVER        reduce using rule 101 (expression -> LPAREN expression_list RPAREN .)
    REMOVE          reduce using rule 101 (expression -> LPAREN expression_list RPAREN .)
    ANNOUNCE        reduce using rule 101 (expression -> LPAREN expression_list RPAREN .)
    THE_WORLD       reduce using rule 101 (expression -> LPAREN expression_list RPAREN .)
    SAVE            reduce using rule 101 (expression -> LPAREN expression_list RPAREN .)
    RESTORE         reduce using rule 101 (expression -> LPAREN expression_list RPAREN .)
    STRING          reduce using rule 101 (expression -> LPAREN expression_list RPAREN .)
    NUMBER          reduce using rule 101 (expression -> LPAREN expression_list RPAREN .)
    LPAREN          reduce using rule 101 (expression -> LPAREN expression_list RPAREN .)
    IDENTIFIER      reduce using rule 101 (expression -> LPAREN expression_list RPAREN .)
    THE_WORLDS      reduce using rule 101 (expression -> LPAREN expression_list RPAREN .)
    $end            reduce using rule 101 (expression -> LPAREN expression_list RPAREN .)
    END             reduce using rule 101 (expression -> LPAREN expression_list RPAREN .)
    ELSE            reduce using rule 101 (expression -> LPAREN expression_list RPAREN .)
    OTHERWISE       reduce using rule 101 (expression -> LPAREN expression_list RPAREN .)
    RPAREN          reduce using rule 101 (expression -> LPAREN expression_list RPAREN .)
    AS              reduce using rule 101 (expression -> LPAREN expression_list RPAREN .)


state 136

    (94) expression_list -> expression_list expression .
    (99) expression -> expression . PLUS expression
    (100) expression -> expression . MINUS expression

    RPAREN          reduce using rule 94 (expression_list -> expression_list expression .)
    STRING          reduce using rule 94 (expression_list -> expression_list expression .)
    NUMBER          reduce using rule 94 (expression_list -> expression_list expression .)
    LPAREN          reduce using rule 94 (expression_list -> expression_list expression .)
    IDENTIFIER      reduce using rule 94 (expression_list -> expression_list expression .)
    THE_WORLD       reduce using rule 94 (expression_list -> expression_list expression .)
    THE_WORLDS      reduce using rule 94 (expression_list -> expression_list expression .)
    PLUS            shift and go to state 64
    MINUS           shift and go to state 65


state 137

    (104) world_expr -> THE_WORLDS IDENTIFIER CREATURES .

    DOES            reduce using rule 104 (world_expr -> THE_WORLDS IDENTIFIER CREATURES .)
    KNOWS           reduce using rule 104 (world_expr -> THE_WORLDS IDENTIFIER CREATURES .)
    FORGETS         reduce using rule 104 (world_expr -> THE_WORLDS IDENTIFIER CREATURES .)
    PLUS            reduce using rule 104 (world_expr -> THE_WORLDS IDENTIFIER CREATURES .)
    MINUS           reduce using rule 104 (world_expr -> THE_WORLDS IDENTIFIER CREATURES .)
    TO              reduce using rule 104 (world_expr -> THE_WORLDS IDENTIFIER CREATURES .)
    TIMES           reduce using rule 104 (world_expr -> THE_WORLDS IDENTIFIER CREATURES .)
    GT              reduce using rule 104 (world_expr -> THE_WORLDS IDENTIFIER CREATURES .)
    LT              reduce using rule 104 (world_expr -> THE_WORLDS IDENTIFIER CREATURES .)
    EQ              reduce using rule 104 (world_expr -> THE_WORLDS IDENTIFIER CREATURES .)
    NEQ             reduce using rule 104 (world_expr -> THE_WORLDS IDENTIFIER CREATURES .)
    NEWLINE         reduce using rule 104 (world_expr -> THE_WORLDS IDENTIFIER CREATURES .)
    CLASS           reduce using rule 104 (world_expr -> THE_WORLDS IDENTIFIER CREATURES .)
    CREATURE        reduce using rule 104 (world_expr -> THE_WORLDS IDENTIFIER CREATURES .)
    CREATE          reduce using rule 104 (world_expr -> THE_WORLDS IDENTIFIER CREATURES .)
    BRING           reduce using rule 104 (world_expr -> THE_WORLDS IDENTIFIER CREATURES .)
    SET             reduce using rule 104 (world_expr -> THE_WORLDS IDENTIFIER CREATURES .)
    GIVE            reduce using rule 104 (world_expr -> THE_WORLDS IDENTIFIER CREATURES .)
    ATTACH          reduce using rule 104 (world_expr -> THE_WORLDS IDENTIFIER CREATURES .)
    REPEAT          reduce using rule 104 (world_expr -> THE_WORLDS IDENTIFIER CREATURES .)
    UNTIL           reduce using rule 104 (world_expr -> THE_WORLDS IDENTIFIER CREATURES .)
    IF              reduce using rule 104 (world_expr -> THE_WORLDS IDENTIFIER CREATURES .)
    WHEN            reduce using rule 104 (world_expr -> THE_WORLDS IDENTIFIER CREATURES .)
    ASK             reduce using rule 104 (world_expr -> THE_WORLDS IDENTIFIER CREATURES .)
    SAY             reduce using rule 104 (world_expr -> THE_WORLDS IDENTIFIER CREATURES .)
    CALL            reduce using rule 104 (world_expr -> THE_WORLDS IDENTIFIER CREATURES .)
    WHENEVER        reduce using rule 104 (world_expr -> THE_WORLDS IDENTIFIER CREATURES .)
    REMOVE          reduce using rule 104 (world_expr -> THE_WORLDS IDENTIFIER CREATURES .)
    ANNOUNCE        reduce using rule 104 (world_expr -> THE_WORLDS IDENTIFIER CREATURES .)
    THE_WORLD       reduce using rule 104 (world_expr -> THE_WORLDS IDENTIFIER CREATURES .)
    SAVE            reduce using rule 104 (world_expr -> THE_WORLDS IDENTIFIER CREATURES .)
    RESTORE         reduce using rule 104 (world_expr -> THE_WORLDS IDENTIFIER CREATURES .)
    STRING          reduce using rule 104 (world_expr -> THE_WORLDS IDENTIFIER CREATURES .)
    NUMBER          reduce using rule 104 (world_expr -> THE_WORLDS IDENTIFIER CREATURES .)
    LPAREN          reduce using rule 104 (world_expr -> THE_WORLDS IDENTIFIER CREATURES .)
    IDENTIFIER      reduce using rule 104 (world_expr -> THE_WORLDS IDENTIFIER CREATURES .)
    THE_WORLDS      reduce using rule 104 (world_expr -> THE_WORLDS IDENTIFIER CREATURES .)
    $end            reduce using rule 104 (world_expr -> THE_WORLDS IDENTIFIER CREATURES .)
    END             reduce using rule 104 (world_expr -> THE_WORLDS IDENTIFIER CREATURES .)
    ELSE            reduce using rule 104 (world_expr -> THE_WORLDS IDENTIFIER CREATURES .)
    OTHERWISE       reduce using rule 104 (world_expr -> THE_WORLDS IDENTIFIER CREATURES .)
    RPAREN          reduce using rule 104 (world_expr -> THE_WORLDS IDENTIFIER CREATURES .)
    AS              reduce using rule 104 (world_expr -> THE_WORLDS IDENTIFIER CREATURES .)


state 138

    (33) class_definition -> CLASS IDENTIFIER opt_separator class_body . opt_separator END CLASS
    (37) class_body -> class_body . separator class_member
    (11) opt_separator -> . separator
    (12) opt_separator -> .
    (9) separator -> . separator NEWLINE
    (10) separator -> . NEWLINE

    END             reduce using rule 12 (opt_separator -> .)
    NEWLINE         shift and go to state 57

    opt_separator                  shift and go to state 174
    separator                      shift and go to state 175

state 139

    (38) class_body -> class_member .

    NEWLINE         reduce using rule 38 (class_body -> class_member .)
    END             reduce using rule 38 (class_body -> class_member .)


state 140

    (39) class_member -> constructor .

    NEWLINE         reduce using rule 39 (class_member -> constructor .)
    END             reduce using rule 39 (class_member -> constructor .)


state 141

    (40) class_member -> method .

    NEWLINE         reduce using rule 40 (class_member -> method .)
    END             reduce using rule 40 (class_member -> method .)


state 142

    (41) constructor -> CREATE . WITH LPAREN parameters RPAREN opt_separator statements opt_separator END CREATE

    WITH            shift and go to state 176


state 143

    (42) constructor -> WHEN . BORN WITH LPAREN parameters RPAREN opt_separator statements opt_separator END BORN
    (43) constructor -> WHEN . BORN opt_separator statements opt_separator END BORN

    BORN            shift and go to state 177


state 144

    (44) method -> METHOD . IDENTIFIER opt_separator statements opt_separator END METHOD

    IDENTIFIER      shift and go to state 178


state 145

    (45) method -> ACTION . action_name opt_separator statements opt_separator END ACTION
    (46) action_name -> . IDENTIFIER
    (47) action_name -> . action_name IDENTIFIER

    IDENTIFIER      shift and go to state 103

    action_name                    shift and go to state 179

state 146

    (34) class_definition -> CLASS IDENTIFIER FROM IDENTIFIER . opt_separator class_body opt_separator END CLASS
    (11) opt_separator -> . separator
    (12) opt_separator -> .
    (9) separator -> . separator NEWLINE
    (10) separator -> . NEWLINE

    CREATE          reduce using rule 12 (opt_separator -> .)
    WHEN            reduce using rule 12 (opt_separator -> .)
    METHOD          reduce using rule 12 (opt_separator -> .)
    ACTION          reduce using rule 12 (opt_separator -> .)
    NEWLINE         shift and go to state 57

    opt_separator                  shift and go to state 180
    separator                      shift and go to state 98

state 147

    (35) class_definition -> CREATURE IDENTIFIER opt_separator class_body . opt_separator END CREATURE
    (37) class_body -> class_body . separator class_member
    (11) opt_separator -> . separator
    (12) opt_separator -> .
    (9) separator -> . separator NEWLINE
    (10) separator -> . NEWLINE

    END             reduce using rule 12 (opt_separator -> .)
    NEWLINE         shift and go to state 57

    opt_separator                  shift and go to state 181
    separator                      shift and go to state 175

state 148

    (36) class_definition -> CREATURE IDENTIFIER FROM IDENTIFIER . opt_separator class_body opt_separator END CREATURE
    (11) opt_separator -> . separator
    (12) opt_separator -> .
    (9) separator -> . separator NEWLINE
    (10) separator -> . NEWLINE

    CREATE          reduce using rule 12 (opt_separator -> .)
    WHEN            reduce using rule 12 (opt_separator -> .)
    METHOD          reduce using rule 12 (opt_separator -> .)
    ACTION          reduce using rule 12 (opt_separator -> .)
    NEWLINE         shift and go to state 57

    opt_separator                  shift and go to state 182
    separator                      shift and go to state 98

state 149

    (52) create_statement -> CREATE IDENTIFIER IDENTIFIER WITH . expression
    (96) expression -> . STRING
    (97) expression -> . NUMBER
    (98) expression -> . attribute_path
    (99) expression -> . expression PLUS expression
    (100) expression -> . expression MINUS expression
    (101) expression -> . LPAREN expression_list RPAREN
    (102) expression -> . world_expr
    (50) attribute_path -> . IDENTIFIER
    (51) attribute_path -> . attribute_path IDENTIFIER
    (103) world_expr -> . THE_WORLD KNOWS fact_name
    (104) world_expr -> . THE_WORLDS IDENTIFIER CREATURES
    (105) world_expr -> . THE_WORLD COUNTS IDENTIFIER

    STRING          shift and go to state 42
    NUMBER          shift and go to state 51
    LPAREN          shift and go to state 52
    IDENTIFIER      shift and go to state 28
    THE_WORLD       shift and go to state 71
    THE_WORLDS      shift and go to state 54

    expression                     shift and go to state 183
    attribute_path                 shift and go to state 34
    world_expr                     shift and go to state 53

state 150

    (47) action_name -> action_name IDENTIFIER .

    IDENTIFIER      reduce using rule 47 (action_name -> action_name IDENTIFIER .)
    NEWLINE         reduce using rule 47 (action_name -> action_name IDENTIFIER .)
    CLASS           reduce using rule 47 (action_name -> action_name IDENTIFIER .)
    CREATURE        reduce using rule 47 (action_name -> action_name IDENTIFIER .)
    CREATE          reduce using rule 47 (action_name -> action_name IDENTIFIER .)
    BRING           reduce using rule 47 (action_name -> action_name IDENTIFIER .)
    SET             reduce using rule 47 (action_name -> action_name IDENTIFIER .)
    GIVE            reduce using rule 47 (action_name -> action_name IDENTIFIER .)
    ATTACH          reduce using rule 47 (action_name -> action_name IDENTIFIER .)
    REPEAT          reduce using rule 47 (action_name -> action_name IDENTIFIER .)
    UNTIL           reduce using rule 47 (action_name -> action_name IDENTIFIER .)
    IF              reduce using rule 47 (action_name -> action_name IDENTIFIER .)
    WHEN            reduce using rule 47 (action_name -> action_name IDENTIFIER .)
    ASK             reduce using rule 47 (action_name -> action_name IDENTIFIER .)
    SAY             reduce using rule 47 (action_name -> action_name IDENTIFIER .)
    CALL            reduce using rule 47 (action_name -> action_name IDENTIFIER .)
    WHENEVER        reduce using rule 47 (action_name -> action_name IDENTIFIER .)
    REMOVE          reduce using rule 47 (action_name -> action_name IDENTIFIER .)
    ANNOUNCE        reduce using rule 47 (action_name -> action_name IDENTIFIER .)
    THE_WORLD       reduce using rule 47 (action_name -> action_name IDENTIFIER .)
    SAVE            reduce using rule 47 (action_name -> action_name IDENTIFIER .)
    RESTORE         reduce using rule 47 (action_name -> action_name IDENTIFIER .)
    STRING          reduce using rule 47 (action_name -> action_name IDENTIFIER .)
    NUMBER          reduce using rule 47 (action_name -> action_name IDENTIFIER .)
    LPAREN          reduce using rule 47 (action_name -> action_name IDENTIFIER .)
    THE_WORLDS      reduce using rule 47 (action_name -> action_name IDENTIFIER .)
    $end            reduce using rule 47 (action_name -> action_name IDENTIFIER .)
    END             reduce using rule 47 (action_name -> action_name IDENTIFIER .)
    ELSE            reduce using rule 47 (action_name -> action_name IDENTIFIER .)
    OTHERWISE       reduce using rule 47 (action_name -> action_name IDENTIFIER .)


state 151

    (72) knows_statement -> expression KNOWS expression AS . IDENTIFIER

    IDENTIFIER      shift and go to state 184


state 152

    (54) create_statement -> BRING IDENTIFIER TO LIFE . AS IDENTIFIER WITH expression
    (55) create_statement -> BRING IDENTIFIER TO LIFE . AS IDENTIFIER

    AS              shift and go to state 185


state 153

    (56) set_statement -> SET attribute_path TO expression .
    (99) expression -> expression . PLUS expression
    (100) expression -> expression . MINUS expression

    NEWLINE         reduce using rule 56 (set_statement -> SET attribute_path TO expression .)
    CLASS           reduce using rule 56 (set_statement -> SET attribute_path TO expression .)
    CREATURE        reduce using rule 56 (set_statement -> SET attribute_path TO expression .)
    CREATE          reduce using rule 56 (set_statement -> SET attribute_path TO expression .)
    BRING           reduce using rule 56 (set_statement -> SET attribute_path TO expression .)
    SET             reduce using rule 56 (set_statement -> SET attribute_path TO expression .)
    GIVE            reduce using rule 56 (set_statement -> SET attribute_path TO expression .)
    ATTACH          reduce using rule 56 (set_statement -> SET attribute_path TO expression .)
    REPEAT          reduce using rule 56 (set_statement -> SET attribute_path TO expression .)
    UNTIL           reduce using rule 56 (set_statement -> SET attribute_path TO expression .)
    IF              reduce using rule 56 (set_statement -> SET attribute_path TO expression .)
    WHEN            reduce using rule 56 (set_statement -> SET attribute_path TO expression .)
    ASK             reduce using rule 56 (set_statement -> SET attribute_path TO expression .)
    SAY             reduce using rule 56 (set_statement -> SET attribute_path TO expression .)
    CALL            reduce using rule 56 (set_statement -> SET attribute_path TO expression .)
    WHENEVER        reduce using rule 56 (set_statement -> SET attribute_path TO expression .)
    REMOVE          reduce using rule 56 (set_statement -> SET attribute_path TO expression .)
    ANNOUNCE        reduce using rule 56 (set_statement -> SET attribute_path TO expression .)
    THE_WORLD       reduce using rule 56 (set_statement -> SET attribute_path TO expression .)
    SAVE            reduce using rule 56 (set_statement -> SET attribute_path TO expression .)
    RESTORE         reduce using rule 56 (set_statement -> SET attribute_path TO expression .)
    STRING          reduce using rule 56 (set_statement -> SET attribute_path TO expression .)
    NUMBER          reduce using rule 56 (set_statement -> SET attribute_path TO expression .)
    LPAREN          reduce using rule 56 (set_statement -> SET attribute_path TO expression .)
    IDENTIFIER      reduce using rule 56 (set_statement -> SET attribute_path TO expression .)
    THE_WORLDS      reduce using rule 56 (set_statement -> SET attribute_path TO expression .)
    $end            reduce using rule 56 (set_statement -> SET attribute_path TO expression .)
    END             reduce using rule 56 (set_statement -> SET attribute_path TO expression .)
    ELSE            reduce using rule 56 (set_statement -> SET attribute_path TO expression .)
    OTHERWISE       reduce using rule 56 (set_statement -> SET attribute_path TO expression .)
    PLUS            shift and go to state 64
    MINUS           shift and go to state 65


state 154

    (57) set_statement -> GIVE attribute_path IDENTIFIER TRAIT . IDENTIFIER TO expression

    IDENTIFIER      shift and go to state 186


state 155

    (58) set_statement -> GIVE attribute_path TRAIT IDENTIFIER . TO expression

    TO              shift and go to state 187


state 156

    (59) attach_statement -> ATTACH expression TO expression .
    (99) expression -> expression . PLUS expression
    (100) expression -> expression . MINUS expression

    NEWLINE         reduce using rule 59 (attach_statement -> ATTACH expression TO expression .)
    CLASS           reduce using rule 59 (attach_statement -> ATTACH expression TO expression .)
    CREATURE        reduce using rule 59 (attach_statement -> ATTACH expression TO expression .)
    CREATE          reduce using rule 59 (attach_statement -> ATTACH expression TO expression .)
    BRING           reduce using rule 59 (attach_statement -> ATTACH expression TO expression .)
    SET             reduce using rule 59 (attach_statement -> ATTACH expression TO expression .)
    GIVE            reduce using rule 59 (attach_statement -> ATTACH expression TO expression .)
    ATTACH          reduce using rule 59 (attach_statement -> ATTACH expression TO expression .)
    REPEAT          reduce using rule 59 (attach_statement -> ATTACH expression TO expression .)
    UNTIL           reduce using rule 59 (attach_statement -> ATTACH expression TO expression .)
    IF              reduce using rule 59 (attach_statement -> ATTACH expression TO expression .)
    WHEN            reduce using rule 59 (attach_statement -> ATTACH expression TO expression .)
    ASK             reduce using rule 59 (attach_statement -> ATTACH expression TO expression .)
    SAY             reduce using rule 59 (attach_statement -> ATTACH expression TO expression .)
    CALL            reduce using rule 59 (attach_statement -> ATTACH expression TO expression .)
    WHENEVER        reduce using rule 59 (attach_statement -> ATTACH expression TO expression .)
    REMOVE          reduce using rule 59 (attach_statement -> ATTACH expression TO expression .)
    ANNOUNCE        reduce using rule 59 (attach_statement -> ATTACH expression TO expression .)
    THE_WORLD       reduce using rule 59 (attach_statement -> ATTACH expression TO expression .)
    SAVE            reduce using rule 59 (attach_statement -> ATTACH expression TO expression .)
    RESTORE         reduce using rule 59 (attach_statement -> ATTACH expression TO expression .)
    STRING          reduce using rule 59 (attach_statement -> ATTACH expression TO expression .)
    NUMBER          reduce using rule 59 (attach_statement -> ATTACH expression TO expression .)
    LPAREN          reduce using rule 59 (attach_statement -> ATTACH expression TO expression .)
    IDENTIFIER      reduce using rule 59 (attach_statement -> ATTACH expression TO expression .)
    THE_WORLDS      reduce using rule 59 (attach_statement -> ATTACH expression TO expression .)
    $end            reduce using rule 59 (attach_statement -> ATTACH expression TO expression .)
    END             reduce using rule 59 (attach_statement -> ATTACH expression TO expression .)
    ELSE            reduce using rule 59 (attach_statement -> ATTACH expression TO expression .)
    OTHERWISE       reduce using rule 59 (attach_statement -> ATTACH expression TO expression .)
    PLUS            shift and go to state 64
    MINUS           shift and go to state 65


state 157

    (60) repeat_statement -> REPEAT expression TIMES opt_separator . statements opt_separator END REPEAT
    (5) statements -> . statements statement_with_newline
    (6) statements -> . statement_with_newline
    (7) statement_with_newline -> . statement separator
    (8) statement_with_newline -> . statement
    (13) statement -> . class_definition
    (14) statement -> . create_statement
    (15) statement -> . set_statement
    (16) statement -> . attach_statement
    (17) statement -> . repeat_statement
    (18) statement -> . repeat_through_statement
    (19) statement -> . until_statement
    (20) statement -> . if_statement
    (21) statement -> . ask_statement
    (22) statement -> . say_statement
    (23) statement -> . call_statement
    (24) statement -> . knows_statement
    (25) statement -> . forgets_statement
    (26) statement -> . whenever_statement
    (27) statement -> . remove_statement
    (28) statement -> . announce_statement
    (29) statement -> . world_remembers
    (30) statement -> . world_forgets
    (31) statement -> . save_world
    (32) statement -> . restore_world
    (33) class_definition -> . CLASS IDENTIFIER opt_separator class_body opt_separator END CLASS
    (34) class_definition -> . CLASS IDENTIFIER FROM IDENTIFIER opt_separator class_body opt_separator END CLASS
    (35) class_definition -> . CREATURE IDENTIFIER opt_separator class_body opt_separator END CREATURE
    (36) class_definition -> . CREATURE IDENTIFIER FROM IDENTIFIER opt_separator class_body opt_separator END CREATURE
    (52) create_statement -> . CREATE IDENTIFIER IDENTIFIER WITH expression
    (53) create_statement -> . CREATE IDENTIFIER IDENTIFIER
    (54) create_statement -> . BRING IDENTIFIER TO LIFE AS IDENTIFIER WITH expression
    (55) create_statement -> . BRING IDENTIFIER TO LIFE AS IDENTIFIER
    (56) set_statement -> . SET attribute_path TO expression
    (57) set_statement -> . GIVE attribute_path IDENTIFIER TRAIT IDENTIFIER TO expression
    (58) set_statement -> . GIVE attribute_path TRAIT IDENTIFIER TO expression
    (59) attach_statement -> . ATTACH expression TO expression
    (60) repeat_statement -> . REPEAT expression TIMES opt_separator statements opt_separator END REPEAT
    (61) repeat_through_statement -> . REPEAT THROUGH expression AS attribute_path opt_separator statements opt_separator END REPEAT
    (62) until_statement -> . UNTIL condition opt_separator statements opt_separator END UNTIL
    (63) if_statement -> . IF condition opt_separator statements opt_separator ELSE opt_separator statements opt_separator END IF
    (64) if_statement -> . IF condition opt_separator statements opt_separator END IF
    (65) if_statement -> . WHEN condition opt_separator statements opt_separator OTHERWISE opt_separator statements opt_separator END WHEN
    (66) if_statement -> . WHEN condition opt_separator statements opt_separator END WHEN
    (67) ask_statement -> . ASK STRING
    (68) say_statement -> . SAY expression
    (69) call_statement -> . CALL attribute_path
    (70) call_statement -> . expression DOES action_name
    (71) knows_statement -> . expression KNOWS expression
    (72) knows_statement -> . expression KNOWS expression AS IDENTIFIER
    (73) forgets_statement -> . expression FORGETS IDENTIFIER
    (74) whenever_statement -> . WHENEVER subject DOES action_name opt_separator statements opt_separator END WHENEVER
    (75) whenever_statement -> . WHENEVER subject GETS TRAIT IDENTIFIER CHANGED opt_separator statements opt_separator END WHENEVER
    (76) whenever_statement -> . WHENEVER subject IDENTIFIER BORN opt_separator statements opt_separator END WHENEVER
    (77) whenever_statement -> . WHENEVER subject IDENTIFIER opt_separator statements opt_separator END WHENEVER
    (80) remove_statement -> . REMOVE IDENTIFIER FROM WORLD
    (81) announce_statement -> . ANNOUNCE expression
    (82) world_remembers -> . THE_WORLD REMEMBERS fact_name AS expression
    (83) world_forgets -> . THE_WORLD FORGETS fact_name
    (84) save_world -> . SAVE THE_WORLD TO expression
    (85) restore_world -> . RESTORE THE_WORLD FROM expression
    (96) expression -> . STRING
    (97) expression -> . NUMBER
    (98) expression -> . attribute_path
    (99) expression -> . expression PLUS expression
    (100) expression -> . expression MINUS expression
    (101) expression -> . LPAREN expression_list RPAREN
    (102) expression -> . world_expr
    (50) attribute_path -> . IDENTIFIER
    (51) attribute_path -> . attribute_path IDENTIFIER
    (103) world_expr -> . THE_WORLD KNOWS fact_name
    (104) world_expr -> . THE_WORLDS IDENTIFIER CREATURES
    (105) world_expr -> . THE_WORLD COUNTS IDENTIFIER

    CLASS           shift and go to state 27
    CREATURE        shift and go to state 29
    CREATE          shift and go to state 30
    BRING           shift and go to state 32
    SET             shift and go to state 33
    GIVE            shift and go to state 35
    ATTACH          shift and go to state 36
    REPEAT          shift and go to state 37
    UNTIL           shift and go to state 38
    IF              shift and go to state 39
    WHEN            shift and go to state 40
    ASK             shift and go to state 41
    SAY             shift and go to state 43
    CALL            shift and go to state 44
    WHENEVER        shift and go to state 45
    REMOVE          shift and go to state 46
    ANNOUNCE        shift and go to state 47
    THE_WORLD       shift and go to state 48
    SAVE            shift and go to state 49
    RESTORE         shift and go to state 50
    STRING          shift and go to state 42
    NUMBER          shift and go to state 51
    LPAREN          shift and go to state 52
    IDENTIFIER      shift and go to state 28
    THE_WORLDS      shift and go to state 54

    expression                     shift and go to state 31
    statements                     shift and go to state 188
    statement_with_newline         shift and go to state 5
    statement                      shift and go to state 6
    class_definition               shift and go to state 7
    create_statement               shift and go to state 8
    set_statement                  shift and go to state 9
    attach_statement               shift and go to state 10
    repeat_statement               shift and go to state 11
    repeat_through_statement       shift and go to state 12
    until_statement                shift and go to state 13
    if_statement                   shift and go to state 14
    ask_statement                  shift and go to state 15
    say_statement                  shift and go to state 16
    call_statement                 shift and go to state 17
    knows_statement                shift and go to state 18
    forgets_statement              shift and go to state 19
    whenever_statement             shift and go to state 20
    remove_statement               shift and go to state 21
    announce_statement             shift and go to state 22
    world_remembers                shift and go to state 23
    world_forgets                  shift and go to state 24
    save_world                     shift and go to state 25
    restore_world                  shift and go to state 26
    attribute_path                 shift and go to state 34
    world_expr                     shift and go to state 53

state 158

    (61) repeat_through_statement -> REPEAT THROUGH expression AS . attribute_path opt_separator statements opt_separator END REPEAT
    (50) attribute_path -> . IDENTIFIER
    (51) attribute_path -> . attribute_path IDENTIFIER

    IDENTIFIER      shift and go to state 28

    attribute_path                 shift and go to state 189

state 159

    (62) until_statement -> UNTIL condition opt_separator statements . opt_separator END UNTIL
    (5) statements -> statements . statement_with_newline
    (11) opt_separator -> . separator
    (12) opt_separator -> .
    (7) statement_with_newline -> . statement separator
    (8) statement_with_newline -> . statement
    (9) separator -> . separator NEWLINE
    (10) separator -> . NEWLINE
    (13) statement -> . class_definition
    (14) statement -> . create_statement
    (15) statement -> . set_statement
    (16) statement -> . attach_statement
    (17) statement -> . repeat_statement
    (18) statement -> . repeat_through_statement
    (19) statement -> . until_statement
    (20) statement -> . if_statement
    (21) statement -> . ask_statement
    (22) statement -> . say_statement
    (23) statement -> . call_statement
    (24) statement -> . knows_statement
    (25) statement -> . forgets_statement
    (26) statement -> . whenever_statement
    (27) statement -> . remove_statement
    (28) statement -> . announce_statement
    (29) statement -> . world_remembers
    (30) statement -> . world_forgets
    (31) statement -> . save_world
    (32) statement -> . restore_world
    (33) class_definition -> . CLASS IDENTIFIER opt_separator class_body opt_separator END CLASS
    (34) class_definition -> . CLASS IDENTIFIER FROM IDENTIFIER opt_separator class_body opt_separator END CLASS
    (35) class_definition -> . CREATURE IDENTIFIER opt_separator class_body opt_separator END CREATURE
    (36) class_definition -> . CREATURE IDENTIFIER FROM IDENTIFIER opt_separator class_body opt_separator END CREATURE
    (52) create_statement -> . CREATE IDENTIFIER IDENTIFIER WITH expression
    (53) create_statement -> . CREATE IDENTIFIER IDENTIFIER
    (54) create_statement -> . BRING IDENTIFIER TO LIFE AS IDENTIFIER WITH expression
    (55) create_statement -> . BRING IDENTIFIER TO LIFE AS IDENTIFIER
    (56) set_statement -> . SET attribute_path TO expression
    (57) set_statement -> . GIVE attribute_path IDENTIFIER TRAIT IDENTIFIER TO expression
    (58) set_statement -> . GIVE attribute_path TRAIT IDENTIFIER TO expression
    (59) attach_statement -> . ATTACH expression TO expression
    (60) repeat_statement -> . REPEAT expression TIMES opt_separator statements opt_separator END REPEAT
    (61) repeat_through_statement -> . REPEAT THROUGH expression AS attribute_path opt_separator statements opt_separator END REPEAT
    (62) until_statement -> . UNTIL condition opt_separator statements opt_separator END UNTIL
    (63) if_statement -> . IF condition opt_separator statements opt_separator ELSE opt_separator statements opt_separator END IF
    (64) if_statement -> . IF condition opt_separator statements opt_separator END IF
    (65) if_statement -> . WHEN condition opt_separator statements opt_separator OTHERWISE opt_separator statements opt_separator END WHEN
    (66) if_statement -> . WHEN condition opt_separator statements opt_separator END WHEN
    (67) ask_statement -> . ASK STRING
    (68) say_statement -> . SAY expression
    (69) call_statement -> . CALL attribute_path
    (70) call_statement -> . expression DOES action_name
    (71) knows_statement -> . expression KNOWS expression
    (72) knows_statement -> . expression KNOWS expression AS IDENTIFIER
    (73) forgets_statement -> . expression FORGETS IDENTIFIER
    (74) whenever_statement -> . WHENEVER subject DOES action_name opt_separator statements opt_separator END WHENEVER
    (75) whenever_statement -> . WHENEVER subject GETS TRAIT IDENTIFIER CHANGED opt_separator statements opt_separator END WHENEVER
    (76) whenever_statement -> . WHENEVER subject IDENTIFIER BORN opt_separator statements opt_separator END WHENEVER
    (77) whenever_statement -> . WHENEVER subject IDENTIFIER opt_separator statements opt_separator END WHENEVER
    (80) remove_statement -> . REMOVE IDENTIFIER FROM WORLD
    (81) announce_statement -> . ANNOUNCE expression
    (82) world_remembers -> . THE_WORLD REMEMBERS fact_name AS expression
    (83) world_forgets -> . THE_WORLD FORGETS fact_name
    (84) save_world -> . SAVE THE_WORLD TO expression
    (85) restore_world -> . RESTORE THE_WORLD FROM expression
    (96) expression -> . STRING
    (97) expression -> . NUMBER
    (98) expression -> . attribute_path
    (99) expression -> . expression PLUS expression
    (100) expression -> . expression MINUS expression
    (101) expression -> . LPAREN expression_list RPAREN
    (102) expression -> . world_expr
    (50) attribute_path -> . IDENTIFIER
    (51) attribute_path -> . attribute_path IDENTIFIER
    (103) world_expr -> . THE_WORLD KNOWS fact_name
    (104) world_expr -> . THE_WORLDS IDENTIFIER CREATURES
    (105) world_expr -> . THE_WORLD COUNTS IDENTIFIER

    END             reduce using rule 12 (opt_separator -> .)
    NEWLINE         shift and go to state 57
    CLASS           shift and go to state 27
    CREATURE        shift and go to state 29
    CREATE          shift and go to state 30
    BRING           shift and go to state 32
    SET             shift and go to state 33
    GIVE            shift and go to state 35
    ATTACH          shift and go to state 36
    REPEAT          shift and go to state 37
    UNTIL           shift and go to state 38
    IF              shift and go to state 39
    WHEN            shift and go to state 40
    ASK             shift and go to state 41
    SAY             shift and go to state 43
    CALL            shift and go to state 44
    WHENEVER        shift and go to state 45
    REMOVE          shift and go to state 46
    ANNOUNCE        shift and go to state 47
    THE_WORLD       shift and go to state 48
    SAVE            shift and go to state 49
    RESTORE         shift and go to state 50
    STRING          shift and go to state 42
    NUMBER          shift and go to state 51
    LPAREN          shift and go to state 52
    IDENTIFIER      shift and go to state 28
    THE_WORLDS      shift and go to state 54

    opt_separator                  shift and go to state 190
    statement_with_newline         shift and go to state 55
    separator                      shift and go to state 98
    statement                      shift and go to state 6
    class_definition               shift and go to state 7
    create_statement               shift and go to state 8
    set_statement                  shift and go to state 9
    attach_statement               shift and go to state 10
    repeat_statement               shift and go to state 11
    repeat_through_statement       shift and go to state 12
    until_statement                shift and go to state 13
    if_statement                   shift and go to state 14
    ask_statement                  shift and go to state 15
    say_statement                  shift and go to state 16
    call_statement                 shift and go to state 17
    knows_statement                shift and go to state 18
    forgets_statement              shift and go to state 19
    whenever_statement             shift and go to state 20
    remove_statement               shift and go to state 21
    announce_statement             shift and go to state 22
    world_remembers                shift and go to state 23
    world_forgets                  shift and go to state 24
    save_world                     shift and go to state 25
    restore_world                  shift and go to state 26
    expression                     shift and go to state 31
    attribute_path                 shift and go to state 34
    world_expr                     shift and go to state 53

state 160

    (86) condition -> expression comparison_op expression .
    (99) expression -> expression . PLUS expression
    (100) expression -> expression . MINUS expression

    NEWLINE         reduce using rule 86 (condition -> expression comparison_op expression .)
    CLASS           reduce using rule 86 (condition -> expression comparison_op expression .)
    CREATURE        reduce using rule 86 (condition -> expression comparison_op expression .)
    CREATE          reduce using rule 86 (condition -> expression comparison_op expression .)
    BRING           reduce using rule 86 (condition -> expression comparison_op expression .)
    SET             reduce using rule 86 (condition -> expression comparison_op expression .)
    GIVE            reduce using rule 86 (condition -> expression comparison_op expression .)
    ATTACH          reduce using rule 86 (condition -> expression comparison_op expression .)
    REPEAT          reduce using rule 86 (condition -> expression comparison_op expression .)
    UNTIL           reduce using rule 86 (condition -> expression comparison_op expression .)
    IF              reduce using rule 86 (condition -> expression comparison_op expression .)
    WHEN            reduce using rule 86 (condition -> expression comparison_op expression .)
    ASK             reduce using rule 86 (condition -> expression comparison_op expression .)
    SAY             reduce using rule 86 (condition -> expression comparison_op expression .)
    CALL            reduce using rule 86 (condition -> expression comparison_op expression .)
    WHENEVER        reduce using rule 86 (condition -> expression comparison_op expression .)
    REMOVE          reduce using rule 86 (condition -> expression comparison_op expression .)
    ANNOUNCE        reduce using rule 86 (condition -> expression comparison_op expression .)
    THE_WORLD       reduce using rule 86 (condition -> expression comparison_op expression .)
    SAVE            reduce using rule 86 (condition -> expression comparison_op expression .)
    RESTORE         reduce using rule 86 (condition -> expression comparison_op expression .)
    STRING          reduce using rule 86 (condition -> expression comparison_op expression .)
    NUMBER          reduce using rule 86 (condition -> expression comparison_op expression .)
    LPAREN          reduce using rule 86 (condition -> expression comparison_op expression .)
    IDENTIFIER      reduce using rule 86 (condition -> expression comparison_op expression .)
    THE_WORLDS      reduce using rule 86 (condition -> expression comparison_op expression .)
    PLUS            shift and go to state 64
    MINUS           shift and go to state 65


state 161

    (87) condition -> expression KNOWS expression .
    (88) condition -> expression KNOWS expression . AS IDENTIFIER
    (99) expression -> expression . PLUS expression
    (100) expression -> expression . MINUS expression

    NEWLINE         reduce using rule 87 (condition -> expression KNOWS expression .)
    CLASS           reduce using rule 87 (condition -> expression KNOWS expression .)
    CREATURE        reduce using rule 87 (condition -> expression KNOWS expression .)
    CREATE          reduce using rule 87 (condition -> expression KNOWS expression .)
    BRING           reduce using rule 87 (condition -> expression KNOWS expression .)
    SET             reduce using rule 87 (condition -> expression KNOWS expression .)
    GIVE            reduce using rule 87 (condition -> expression KNOWS expression .)
    ATTACH          reduce using rule 87 (condition -> expression KNOWS expression .)
    REPEAT          reduce using rule 87 (condition -> expression KNOWS expression .)
    UNTIL           reduce using rule 87 (condition -> expression KNOWS expression .)
    IF              reduce using rule 87 (condition -> expression KNOWS expression .)
    WHEN            reduce using rule 87 (condition -> expression KNOWS expression .)
    ASK             reduce using rule 87 (condition -> expression KNOWS expression .)
    SAY             reduce using rule 87 (condition -> expression KNOWS expression .)
    CALL            reduce using rule 87 (condition -> expression KNOWS expression .)
    WHENEVER        reduce using rule 87 (condition -> expression KNOWS expression .)
    REMOVE          reduce using rule 87 (condition -> expression KNOWS expression .)
    ANNOUNCE        reduce using rule 87 (condition -> expression KNOWS expression .)
    THE_WORLD       reduce using rule 87 (condition -> expression KNOWS expression .)
    SAVE            reduce using rule 87 (condition -> expression KNOWS expression .)
    RESTORE         reduce using rule 87 (condition -> expression KNOWS expression .)
    STRING          reduce using rule 87 (condition -> expression KNOWS expression .)
    NUMBER          reduce using rule 87 (condition -> expression KNOWS expression .)
    LPAREN          reduce using rule 87 (condition -> expression KNOWS expression .)
    IDENTIFIER      reduce using rule 87 (condition -> expression KNOWS expression .)
    THE_WORLDS      reduce using rule 87 (condition -> expression KNOWS expression .)
    AS              shift and go to state 191
    PLUS            shift and go to state 64
    MINUS           shift and go to state 65


state 162

    (89) condition -> expression KNOWS ANYONE . AS IDENTIFIER

    AS              shift and go to state 192


state 163

    (63) if_statement -> IF condition opt_separator statements . opt_separator ELSE opt_separator statements opt_separator END IF
    (64) if_statement -> IF condition opt_separator statements . opt_separator END IF
    (5) statements -> statements . statement_with_newline
    (11) opt_separator -> . separator
    (12) opt_separator -> .
    (7) statement_with_newline -> . statement separator
    (8) statement_with_newline -> . statement
    (9) separator -> . separator NEWLINE
    (10) separator -> . NEWLINE
    (13) statement -> . class_definition
    (14) statement -> . create_statement
    (15) statement -> . set_statement
    (16) statement -> . attach_statement
    (17) statement -> . repeat_statement
    (18) statement -> . repeat_through_statement
    (19) statement -> . until_statement
    (20) statement -> . if_statement
    (21) statement -> . ask_statement
    (22) statement -> . say_statement
    (23) statement -> . call_statement
    (24) statement -> . knows_statement
    (25) statement -> . forgets_statement
    (26) statement -> . whenever_statement
    (27) statement -> . remove_statement
    (28) statement -> . announce_statement
    (29) statement -> . world_remembers
    (30) statement -> . world_forgets
    (31) statement -> . save_world
    (32) statement -> . restore_world
    (33) class_definition -> . CLASS IDENTIFIER opt_separator class_body opt_separator END CLASS
    (34) class_definition -> . CLASS IDENTIFIER FROM IDENTIFIER opt_separator class_body opt_separator END CLASS
    (35) class_definition -> . CREATURE IDENTIFIER opt_separator class_body opt_separator END CREATURE
    (36) class_definition -> . CREATURE IDENTIFIER FROM IDENTIFIER opt_separator class_body opt_separator END CREATURE
    (52) create_statement -> . CREATE IDENTIFIER IDENTIFIER WITH expression
    (53) create_statement -> . CREATE IDENTIFIER IDENTIFIER
    (54) create_statement -> . BRING IDENTIFIER TO LIFE AS IDENTIFIER WITH expression
    (55) create_statement -> . BRING IDENTIFIER TO LIFE AS IDENTIFIER
    (56) set_statement -> . SET attribute_path TO expression
    (57) set_statement -> . GIVE attribute_path IDENTIFIER TRAIT IDENTIFIER TO expression
    (58) set_statement -> . GIVE attribute_path TRAIT IDENTIFIER TO expression
    (59) attach_statement -> . ATTACH expression TO expression
    (60) repeat_statement -> . REPEAT expression TIMES opt_separator statements opt_separator END REPEAT
    (61) repeat_through_statement -> . REPEAT THROUGH expression AS attribute_path opt_separator statements opt_separator END REPEAT
    (62) until_statement -> . UNTIL condition opt_separator statements opt_separator END UNTIL
    (63) if_statement -> . IF condition opt_separator statements opt_separator ELSE opt_separator statements opt_separator END IF
    (64) if_statement -> . IF condition opt_separator statements opt_separator END IF
    (65) if_statement -> . WHEN condition opt_separator statements opt_separator OTHERWISE opt_separator statements opt_separator END WHEN
    (66) if_statement -> . WHEN condition opt_separator statements opt_separator END WHEN
    (67) ask_statement -> . ASK STRING
    (68) say_statement -> . SAY expression
    (69) call_statement -> . CALL attribute_path
    (70) call_statement -> . expression DOES action_name
    (71) knows_statement -> . expression KNOWS expression
    (72) knows_statement -> . expression KNOWS expression AS IDENTIFIER
    (73) forgets_statement -> . expression FORGETS IDENTIFIER
    (74) whenever_statement -> . WHENEVER subject DOES action_name opt_separator statements opt_separator END WHENEVER
    (75) whenever_statement -> . WHENEVER subject GETS TRAIT IDENTIFIER CHANGED opt_separator statements opt_separator END WHENEVER
    (76) whenever_statement -> . WHENEVER subject IDENTIFIER BORN opt_separator statements opt_separator END WHENEVER
    (77) whenever_statement -> . WHENEVER subject IDENTIFIER opt_separator statements opt_separator END WHENEVER
    (80) remove_statement -> . REMOVE IDENTIFIER FROM WORLD
    (81) announce_statement -> . ANNOUNCE expression
    (82) world_remembers -> . THE_WORLD REMEMBERS fact_name AS expression
    (83) world_forgets -> . THE_WORLD FORGETS fact_name
    (84) save_world -> . SAVE THE_WORLD TO expression
    (85) restore_world -> . RESTORE THE_WORLD FROM expression
    (96) expression -> . STRING
    (97) expression -> . NUMBER
    (98) expression -> . attribute_path
    (99) expression -> . expression PLUS expression
    (100) expression -> . expression MINUS expression
    (101) expression -> . LPAREN expression_list RPAREN
    (102) expression -> . world_expr
    (50) attribute_path -> . IDENTIFIER
    (51) attribute_path -> . attribute_path IDENTIFIER
    (103) world_expr -> . THE_WORLD KNOWS fact_name
    (104) world_expr -> . THE_WORLDS IDENTIFIER CREATURES
    (105) world_expr -> . THE_WORLD COUNTS IDENTIFIER

    ELSE            reduce using rule 12 (opt_separator -> .)
    END             reduce using rule 12 (opt_separator -> .)
    NEWLINE         shift and go to state 57
    CLASS           shift and go to state 27
    CREATURE        shift and go to state 29
    CREATE          shift and go to state 30
    BRING           shift and go to state 32
    SET             shift and go to state 33
    GIVE            shift and go to state 35
    ATTACH          shift and go to state 36
    REPEAT          shift and go to state 37
    UNTIL           shift and go to state 38
    IF              shift and go to state 39
    WHEN            shift and go to state 40
    ASK             shift and go to state 41
    SAY             shift and go to state 43
    CALL            shift and go to state 44
    WHENEVER        shift and go to state 45
    REMOVE          shift and go to state 46
    ANNOUNCE        shift and go to state 47
    THE_WORLD       shift and go to state 48
    SAVE            shift and go to state 49
    RESTORE         shift and go to state 50
    STRING          shift and go to state 42
    NUMBER          shift and go to state 51
    LPAREN          shift and go to state 52
    IDENTIFIER      shift and go to state 28
    THE_WORLDS      shift and go to state 54

    opt_separator                  shift and go to state 193
    statement_with_newline         shift and go to state 55
    separator                      shift and go to state 98
    statement                      shift and go to state 6
    class_definition               shift and go to state 7
    create_statement               shift and go to state 8
    set_statement                  shift and go to state 9
    attach_statement               shift and go to state 10
    repeat_statement               shift and go to state 11
    repeat_through_statement       shift and go to state 12
    until_statement                shift and go to state 13
    if_statement                   shift and go to state 14
    ask_statement                  shift and go to state 15
    say_statement                  shift and go to state 16
    call_statement                 shift and go to state 17
    knows_statement                shift and go to state 18
    forgets_statement              shift and go to state 19
    whenever_statement             shift and go to state 20
    remove_statement               shift and go to state 21
    announce_statement             shift and go to state 22
    world_remembers                shift and go to state 23
    world_forgets                  shift and go to state 24
    save_world                     shift and go to state 25
    restore_world                  shift and go to state 26
    expression                     shift and go to state 31
    attribute_path                 shift and go to state 34
    world_expr                     shift and go to state 53

state 164

    (65) if_statement -> WHEN condition opt_separator statements . opt_separator OTHERWISE opt_separator statements opt_separator END WHEN
    (66) if_statement -> WHEN condition opt_separator statements . opt_separator END WHEN
    (5) statements -> statements . statement_with_newline
    (11) opt_separator -> . separator
    (12) opt_separator -> .
    (7) statement_with_newline -> . statement separator
    (8) statement_with_newline -> . statement
    (9) separator -> . separator NEWLINE
    (10) separator -> . NEWLINE
    (13) statement -> . class_definition
    (14) statement -> . create_statement
    (15) statement -> . set_statement
    (16) statement -> . attach_statement
    (17) statement -> . repeat_statement
    (18) statement -> . repeat_through_statement
    (19) statement -> . until_statement
    (20) statement -> . if_statement
    (21) statement -> . ask_statement
    (22) statement -> . say_statement
    (23) statement -> . call_statement
    (24) statement -> . knows_statement
    (25) statement -> . forgets_statement
    (26) statement -> . whenever_statement
    (27) statement -> . remove_statement
    (28) statement -> . announce_statement
    (29) statement -> . world_remembers
    (30) statement -> . world_forgets
    (31) statement -> . save_world
    (32) statement -> . restore_world
    (33) class_definition -> . CLASS IDENTIFIER opt_separator class_body opt_separator END CLASS
    (34) class_definition -> . CLASS IDENTIFIER FROM IDENTIFIER opt_separator class_body opt_separator END CLASS
    (35) class_definition -> . CREATURE IDENTIFIER opt_separator class_body opt_separator END CREATURE
    (36) class_definition -> . CREATURE IDENTIFIER FROM IDENTIFIER opt_separator class_body opt_separator END CREATURE
    (52) create_statement -> . CREATE IDENTIFIER IDENTIFIER WITH expression
    (53) create_statement -> . CREATE IDENTIFIER IDENTIFIER
    (54) create_statement -> . BRING IDENTIFIER TO LIFE AS IDENTIFIER WITH expression
    (55) create_statement -> . BRING IDENTIFIER TO LIFE AS IDENTIFIER
    (56) set_statement -> . SET attribute_path TO expression
    (57) set_statement -> . GIVE attribute_path IDENTIFIER TRAIT IDENTIFIER TO expression
    (58) set_statement -> . GIVE attribute_path TRAIT IDENTIFIER TO expression
    (59) attach_statement -> . ATTACH expression TO expression
    (60) repeat_statement -> . REPEAT expression TIMES opt_separator statements opt_separator END REPEAT
    (61) repeat_through_statement -> . REPEAT THROUGH expression AS attribute_path opt_separator statements opt_separator END REPEAT
    (62) until_statement -> . UNTIL condition opt_separator statements opt_separator END UNTIL
    (63) if_statement -> . IF condition opt_separator statements opt_separator ELSE opt_separator statements opt_separator END IF
    (64) if_statement -> . IF condition opt_separator statements opt_separator END IF
    (65) if_statement -> . WHEN condition opt_separator statements opt_separator OTHERWISE opt_separator statements opt_separator END WHEN
    (66) if_statement -> . WHEN condition opt_separator statements opt_separator END WHEN
    (67) ask_statement -> . ASK STRING
    (68) say_statement -> . SAY expression
    (69) call_statement -> . CALL attribute_path
    (70) call_statement -> . expression DOES action_name
    (71) knows_statement -> . expression KNOWS expression
    (72) knows_statement -> . expression KNOWS expression AS IDENTIFIER
    (73) forgets_statement -> . expression FORGETS IDENTIFIER
    (74) whenever_statement -> . WHENEVER subject DOES action_name opt_separator statements opt_separator END WHENEVER
    (75) whenever_statement -> . WHENEVER subject GETS TRAIT IDENTIFIER CHANGED opt_separator statements opt_separator END WHENEVER
    (76) whenever_statement -> . WHENEVER subject IDENTIFIER BORN opt_separator statements opt_separator END WHENEVER
    (77) whenever_statement -> . WHENEVER subject IDENTIFIER opt_separator statements opt_separator END WHENEVER
    (80) remove_statement -> . REMOVE IDENTIFIER FROM WORLD
    (81) announce_statement -> . ANNOUNCE expression
    (82) world_remembers -> . THE_WORLD REMEMBERS fact_name AS expression
    (83) world_forgets -> . THE_WORLD FORGETS fact_name
    (84) save_world -> . SAVE THE_WORLD TO expression
    (85) restore_world -> . RESTORE THE_WORLD FROM expression
    (96) expression -> . STRING
    (97) expression -> . NUMBER
    (98) expression -> . attribute_path
    (99) expression -> . expression PLUS expression
    (100) expression -> . expression MINUS expression
    (101) expression -> . LPAREN expression_list RPAREN
    (102) expression -> . world_expr
    (50) attribute_path -> . IDENTIFIER
    (51) attribute_path -> . attribute_path IDENTIFIER
    (103) world_expr -> . THE_WORLD KNOWS fact_name
    (104) world_expr -> . THE_WORLDS IDENTIFIER CREATURES
    (105) world_expr -> . THE_WORLD COUNTS IDENTIFIER

    OTHERWISE       reduce using rule 12 (opt_separator -> .)
    END             reduce using rule 12 (opt_separator -> .)
    NEWLINE         shift and go to state 57
    CLASS           shift and go to state 27
    CREATURE        shift and go to state 29
    CREATE          shift and go to state 30
    BRING           shift and go to state 32
    SET             shift and go to state 33
    GIVE            shift and go to state 35
    ATTACH          shift and go to state 36
    REPEAT          shift and go to state 37
    UNTIL           shift and go to state 38
    IF              shift and go to state 39
    WHEN            shift and go to state 40
    ASK             shift and go to state 41
    SAY             shift and go to state 43
    CALL            shift and go to state 44
    WHENEVER        shift and go to state 45
    REMOVE          shift and go to state 46
    ANNOUNCE        shift and go to state 47
    THE_WORLD       shift and go to state 48
    SAVE            shift and go to state 49
    RESTORE         shift and go to state 50
    STRING          shift and go to state 42
    NUMBER          shift and go to state 51
    LPAREN          shift and go to state 52
    IDENTIFIER      shift and go to state 28
    THE_WORLDS      shift and go to state 54

    opt_separator                  shift and go to state 194
    statement_with_newline         shift and go to state 55
    separator                      shift and go to state 98
    statement                      shift and go to state 6
    class_definition               shift and go to state 7
    create_statement               shift and go to state 8
    set_statement                  shift and go to state 9
    attach_statement               shift and go to state 10
    repeat_statement               shift and go to state 11
    repeat_through_statement       shift and go to state 12
    until_statement                shift and go to state 13
    if_statement                   shift and go to state 14
    ask_statement                  shift and go to state 15
    say_statement                  shift and go to state 16
    call_statement                 shift and go to state 17
    knows_statement                shift and go to state 18
    forgets_statement              shift and go to state 19
    whenever_statement             shift and go to state 20
    remove_statement               shift and go to state 21
    announce_statement             shift and go to state 22
    world_remembers                shift and go to state 23
    world_forgets                  shift and go to state 24
    save_world                     shift and go to state 25
    restore_world                  shift and go to state 26
    expression                     shift and go to state 31
    attribute_path                 shift and go to state 34
    world_expr                     shift and go to state 53

state 165

    (74) whenever_statement -> WHENEVER subject DOES action_name . opt_separator statements opt_separator END WHENEVER
    (47) action_name -> action_name . IDENTIFIER
    (11) opt_separator -> . separator
    (12) opt_separator -> .
    (9) separator -> . separator NEWLINE
    (10) separator -> . NEWLINE

  ! shift/reduce conflict for IDENTIFIER resolved as shift
    IDENTIFIER      shift and go to state 150
    CLASS           reduce using rule 12 (opt_separator -> .)
    CREATURE        reduce using rule 12 (opt_separator -> .)
    CREATE          reduce using rule 12 (opt_separator -> .)
    BRING           reduce using rule 12 (opt_separator -> .)
    SET             reduce using rule 12 (opt_separator -> .)
    GIVE            reduce using rule 12 (opt_separator -> .)
    ATTACH          reduce using rule 12 (opt_separator -> .)
    REPEAT          reduce using rule 12 (opt_separator -> .)
    UNTIL           reduce using rule 12 (opt_separator -> .)
    IF              reduce using rule 12 (opt_separator -> .)
    WHEN            reduce using rule 12 (opt_separator -> .)
    ASK             reduce using rule 12 (opt_separator -> .)
    SAY             reduce using rule 12 (opt_separator -> .)
    CALL            reduce using rule 12 (opt_separator -> .)
    WHENEVER        reduce using rule 12 (opt_separator -> .)
    REMOVE          reduce using rule 12 (opt_separator -> .)
    ANNOUNCE        reduce using rule 12 (opt_separator -> .)
    THE_WORLD       reduce using rule 12 (opt_separator -> .)
    SAVE            reduce using rule 12 (opt_separator -> .)
    RESTORE         reduce using rule 12 (opt_separator -> .)
    STRING          reduce using rule 12 (opt_separator -> .)
    NUMBER          reduce using rule 12 (opt_separator -> .)
    LPAREN          reduce using rule 12 (opt_separator -> .)
    THE_WORLDS      reduce using rule 12 (opt_separator -> .)
    NEWLINE         shift and go to state 57

  ! IDENTIFIER      [ reduce using rule 12 (opt_separator -> .) ]

    opt_separator                  shift and go to state 195
    separator                      shift and go to state 98

state 166

    (75) whenever_statement -> WHENEVER subject GETS TRAIT . IDENTIFIER CHANGED opt_separator statements opt_separator END WHENEVER

    IDENTIFIER      shift and go to state 196


state 167

    (76) whenever_statement -> WHENEVER subject IDENTIFIER BORN . opt_separator statements opt_separator END WHENEVER
    (11) opt_separator -> . separator
    (12) opt_separator -> .
    (9) separator -> . separator NEWLINE
    (10) separator -> . NEWLINE

    CLASS           reduce using rule 12 (opt_separator -> .)
    CREATURE        reduce using rule 12 (opt_separator -> .)
    CREATE          reduce using rule 12 (opt_separator -> .)
    BRING           reduce using rule 12 (opt_separator -> .)
    SET             reduce using rule 12 (opt_separator -> .)
    GIVE            reduce using rule 12 (opt_separator -> .)
    ATTACH          reduce using rule 12 (opt_separator -> .)
    REPEAT          reduce using rule 12 (opt_separator -> .)
    UNTIL           reduce using rule 12 (opt_separator -> .)
    IF              reduce using rule 12 (opt_separator -> .)
    WHEN            reduce using rule 12 (opt_separator -> .)
    ASK             reduce using rule 12 (opt_separator -> .)
    SAY             reduce using rule 12 (opt_separator -> .)
    CALL            reduce using rule 12 (opt_separator -> .)
    WHENEVER        reduce using rule 12 (opt_separator -> .)
    REMOVE          reduce using rule 12 (opt_separator -> .)
    ANNOUNCE        reduce using rule 12 (opt_separator -> .)
    THE_WORLD       reduce using rule 12 (opt_separator -> .)
    SAVE            reduce using rule 12 (opt_separator -> .)
    RESTORE         reduce using rule 12 (opt_separator -> .)
    STRING          reduce using rule 12 (opt_separator -> .)
    NUMBER          reduce using rule 12 (opt_separator -> .)
    LPAREN          reduce using rule 12 (opt_separator -> .)
    IDENTIFIER      reduce using rule 12 (opt_separator -> .)
    THE_WORLDS      reduce using rule 12 (opt_separator -> .)
    NEWLINE         shift and go to state 57

    opt_separator                  shift and go to state 197
    separator                      shift and go to state 98

state 168

    (77) whenever_statement -> WHENEVER subject IDENTIFIER opt_separator . statements opt_separator END WHENEVER
    (5) statements -> . statements statement_with_newline
    (6) statements -> . statement_with_newline
    (7) statement_with_newline -> . statement separator
    (8) statement_with_newline -> . statement
    (13) statement -> . class_definition
    (14) statement -> . create_statement
    (15) statement -> . set_statement
    (16) statement -> . attach_statement
    (17) statement -> . repeat_statement
    (18) statement -> . repeat_through_statement
    (19) statement -> . until_statement
    (20) statement -> . if_statement
    (21) statement -> . ask_statement
    (22) statement -> . say_statement
    (23) statement -> . call_statement
    (24) statement -> . knows_statement
    (25) statement -> . forgets_statement
    (26) statement -> . whenever_statement
    (27) statement -> . remove_statement
    (28) statement -> . announce_statement
    (29) statement -> . world_remembers
    (30) statement -> . world_forgets
    (31) statement -> . save_world
    (32) statement -> . restore_world
    (33) class_definition -> . CLASS IDENTIFIER opt_separator class_body opt_separator END CLASS
    (34) class_definition -> . CLASS IDENTIFIER FROM IDENTIFIER opt_separator class_body opt_separator END CLASS
    (35) class_definition -> . CREATURE IDENTIFIER opt_separator class_body opt_separator END CREATURE
    (36) class_definition -> . CREATURE IDENTIFIER FROM IDENTIFIER opt_separator class_body opt_separator END CREATURE
    (52) create_statement -> . CREATE IDENTIFIER IDENTIFIER WITH expression
    (53) create_statement -> . CREATE IDENTIFIER IDENTIFIER
    (54) create_statement -> . BRING IDENTIFIER TO LIFE AS IDENTIFIER WITH expression
    (55) create_statement -> . BRING IDENTIFIER TO LIFE AS IDENTIFIER
    (56) set_statement -> . SET attribute_path TO expression
    (57) set_statement -> . GIVE attribute_path IDENTIFIER TRAIT IDENTIFIER TO expression
    (58) set_statement -> . GIVE attribute_path TRAIT IDENTIFIER TO expression
    (59) attach_statement -> . ATTACH expression TO expression
    (60) repeat_statement -> . REPEAT expression TIMES opt_separator statements opt_separator END REPEAT
    (61) repeat_through_statement -> . REPEAT THROUGH expression AS attribute_path opt_separator statements opt_separator END REPEAT
    (62) until_statement -> . UNTIL condition opt_separator statements opt_separator END UNTIL
    (63) if_statement -> . IF condition opt_separator statements opt_separator ELSE opt_separator statements opt_separator END IF
    (64) if_statement -> . IF condition opt_separator statements opt_separator END IF
    (65) if_statement -> . WHEN condition opt_separator statements opt_separator OTHERWISE opt_separator statements opt_separator END WHEN
    (66) if_statement -> . WHEN condition opt_separator statements opt_separator END WHEN
    (67) ask_statement -> . ASK STRING
    (68) say_statement -> . SAY expression
    (69) call_statement -> . CALL attribute_path
    (70) call_statement -> . expression DOES action_name
    (71) knows_statement -> . expression KNOWS expression
    (72) knows_statement -> . expression KNOWS expression AS IDENTIFIER
    (73) forgets_statement -> . expression FORGETS IDENTIFIER
    (74) whenever_statement -> . WHENEVER subject DOES action_name opt_separator statements opt_separator END WHENEVER
    (75) whenever_statement -> . WHENEVER subject GETS TRAIT IDENTIFIER CHANGED opt_separator statements opt_separator END WHENEVER
    (76) whenever_statement -> . WHENEVER subject IDENTIFIER BORN opt_separator statements opt_separator END WHENEVER
    (77) whenever_statement -> . WHENEVER subject IDENTIFIER opt_separator statements opt_separator END WHENEVER
    (80) remove_statement -> . REMOVE IDENTIFIER FROM WORLD
    (81) announce_statement -> . ANNOUNCE expression
    (82) world_remembers -> . THE_WORLD REMEMBERS fact_name AS expression
    (83) world_forgets -> . THE_WORLD FORGETS fact_name
    (84) save_world -> . SAVE THE_WORLD TO expression
    (85) restore_world -> . RESTORE THE_WORLD FROM expression
    (96) expression -> . STRING
    (97) expression -> . NUMBER
    (98) expression -> . attribute_path
    (99) expression -> . expression PLUS expression
    (100) expression -> . expression MINUS expression
    (101) expression -> . LPAREN expression_list RPAREN
    (102) expression -> . world_expr
    (50) attribute_path -> . IDENTIFIER
    (51) attribute_path -> . attribute_path IDENTIFIER
    (103) world_expr -> . THE_WORLD KNOWS fact_name
    (104) world_expr -> . THE_WORLDS IDENTIFIER CREATURES
    (105) world_expr -> . THE_WORLD COUNTS IDENTIFIER

    CLASS           shift and go to state 27
    CREATURE        shift and go to state 29
    CREATE          shift and go to state 30
    BRING           shift and go to state 32
    SET             shift and go to state 33
    GIVE            shift and go to state 35
    ATTACH          shift and go to state 36
    REPEAT          shift and go to state 37
    UNTIL           shift and go to state 38
    IF              shift and go to state 39
    WHEN            shift and go to state 40
    ASK             shift and go to state 41
    SAY             shift and go to state 43
    CALL            shift and go to state 44
    WHENEVER        shift and go to state 45
    REMOVE          shift and go to state 46
    ANNOUNCE        shift and go to state 47
    THE_WORLD       shift and go to state 48
    SAVE            shift and go to state 49
    RESTORE         shift and go to state 50
    STRING          shift and go to state 42
    NUMBER          shift and go to state 51
    LPAREN          shift and go to state 52
    IDENTIFIER      shift and go to state 28
    THE_WORLDS      shift and go to state 54

    statements                     shift and go to state 198
    statement_with_newline         shift and go to state 5
    statement                      shift and go to state 6
    class_definition               shift and go to state 7
    create_statement               shift and go to state 8
    set_statement                  shift and go to state 9
    attach_statement               shift and go to state 10
    repeat_statement               shift and go to state 11
    repeat_through_statement       shift and go to state 12
    until_statement                shift and go to state 13
    if_statement                   shift and go to state 14
    ask_statement                  shift and go to state 15
    say_statement                  shift and go to state 16
    call_statement                 shift and go to state 17
    knows_statement                shift and go to state 18
    forgets_statement              shift and go to state 19
    whenever_statement             shift and go to state 20
    remove_statement               shift and go to state 21
    announce_statement             shift and go to state 22
    world_remembers                shift and go to state 23
    world_forgets                  shift and go to state 24
    save_world                     shift and go to state 25
    restore_world                  shift and go to state 26
    expression                     shift and go to state 31
    attribute_path                 shift and go to state 34
    world_expr                     shift and go to state 53

state 169

    (80) remove_statement -> REMOVE IDENTIFIER FROM WORLD .

    NEWLINE         reduce using rule 80 (remove_statement -> REMOVE IDENTIFIER FROM WORLD .)
    CLASS           reduce using rule 80 (remove_statement -> REMOVE IDENTIFIER FROM WORLD .)
    CREATURE        reduce using rule 80 (remove_statement -> REMOVE IDENTIFIER FROM WORLD .)
    CREATE          reduce using rule 80 (remove_statement -> REMOVE IDENTIFIER FROM WORLD .)
    BRING           reduce using rule 80 (remove_statement -> REMOVE IDENTIFIER FROM WORLD .)
    SET             reduce using rule 80 (remove_statement -> REMOVE IDENTIFIER FROM WORLD .)
    GIVE            reduce using rule 80 (remove_statement -> REMOVE IDENTIFIER FROM WORLD .)
    ATTACH          reduce using rule 80 (remove_statement -> REMOVE IDENTIFIER FROM WORLD .)
    REPEAT          reduce using rule 80 (remove_statement -> REMOVE IDENTIFIER FROM WORLD .)
    UNTIL           reduce using rule 80 (remove_statement -> REMOVE IDENTIFIER FROM WORLD .)
    IF              reduce using rule 80 (remove_statement -> REMOVE IDENTIFIER FROM WORLD .)
    WHEN            reduce using rule 80 (remove_statement -> REMOVE IDENTIFIER FROM WORLD .)
    ASK             reduce using rule 80 (remove_statement -> REMOVE IDENTIFIER FROM WORLD .)
    SAY             reduce using rule 80 (remove_statement -> REMOVE IDENTIFIER FROM WORLD .)
    CALL            reduce using rule 80 (remove_statement -> REMOVE IDENTIFIER FROM WORLD .)
    WHENEVER        reduce using rule 80 (remove_statement -> REMOVE IDENTIFIER FROM WORLD .)
    REMOVE          reduce using rule 80 (remove_statement -> REMOVE IDENTIFIER FROM WORLD .)
    ANNOUNCE        reduce using rule 80 (remove_statement -> REMOVE IDENTIFIER FROM WORLD .)
    THE_WORLD       reduce using rule 80 (remove_statement -> REMOVE IDENTIFIER FROM WORLD .)
    SAVE            reduce using rule 80 (remove_statement -> REMOVE IDENTIFIER FROM WORLD .)
    RESTORE         reduce using rule 80 (remove_statement -> REMOVE IDENTIFIER FROM WORLD .)
    STRING          reduce using rule 80 (remove_statement -> REMOVE IDENTIFIER FROM WORLD .)
    NUMBER          reduce using rule 80 (remove_statement -> REMOVE IDENTIFIER FROM WORLD .)
    LPAREN          reduce using rule 80 (remove_statement -> REMOVE IDENTIFIER FROM WORLD .)
    IDENTIFIER      reduce using rule 80 (remove_statement -> REMOVE IDENTIFIER FROM WORLD .)
    THE_WORLDS      reduce using rule 80 (remove_statement -> REMOVE IDENTIFIER FROM WORLD .)
    $end            reduce using rule 80 (remove_statement -> REMOVE IDENTIFIER FROM WORLD .)
    END             reduce using rule 80 (remove_statement -> REMOVE IDENTIFIER FROM WORLD .)
    ELSE            reduce using rule 80 (remove_statement -> REMOVE IDENTIFIER FROM WORLD .)
    OTHERWISE       reduce using rule 80 (remove_statement -> REMOVE IDENTIFIER FROM WORLD .)


state 170

    (82) world_remembers -> THE_WORLD REMEMBERS fact_name AS . expression
    (96) expression -> . STRING
    (97) expression -> . NUMBER
    (98) expression -> . attribute_path
    (99) expression -> . expression PLUS expression
    (100) expression -> . expression MINUS expression
    (101) expression -> . LPAREN expression_list RPAREN
    (102) expression -> . world_expr
    (50) attribute_path -> . IDENTIFIER
    (51) attribute_path -> . attribute_path IDENTIFIER
    (103) world_expr -> . THE_WORLD KNOWS fact_name
    (104) world_expr -> . THE_WORLDS IDENTIFIER CREATURES
    (105) world_expr -> . THE_WORLD COUNTS IDENTIFIER

    STRING          shift and go to state 42
    NUMBER          shift and go to state 51
    LPAREN          shift and go to state 52
    IDENTIFIER      shift and go to state 28
    THE_WORLD       shift and go to state 71
    THE_WORLDS      shift and go to state 54

    expression                     shift and go to state 199
    attribute_path                 shift and go to state 34
    world_expr                     shift and go to state 53

state 171

    (107) fact_name -> fact_name IDENTIFIER .

    AS              reduce using rule 107 (fact_name -> fact_name IDENTIFIER .)
    IDENTIFIER      reduce using rule 107 (fact_name -> fact_name IDENTIFIER .)
    NEWLINE         reduce using rule 107 (fact_name -> fact_name IDENTIFIER .)
    CLASS           reduce using rule 107 (fact_name -> fact_name IDENTIFIER .)
    CREATURE        reduce using rule 107 (fact_name -> fact_name IDENTIFIER .)
    CREATE          reduce using rule 107 (fact_name -> fact_name IDENTIFIER .)
    BRING           reduce using rule 107 (fact_name -> fact_name IDENTIFIER .)
    SET             reduce using rule 107 (fact_name -> fact_name IDENTIFIER .)
    GIVE            reduce using rule 107 (fact_name -> fact_name IDENTIFIER .)
    ATTACH          reduce using rule 107 (fact_name -> fact_name IDENTIFIER .)
    REPEAT          reduce using rule 107 (fact_name -> fact_name IDENTIFIER .)
    UNTIL           reduce using rule 107 (fact_name -> fact_name IDENTIFIER .)
    IF              reduce using rule 107 (fact_name -> fact_name IDENTIFIER .)
    WHEN            reduce using rule 107 (fact_name -> fact_name IDENTIFIER .)
    ASK             reduce using rule 107 (fact_name -> fact_name IDENTIFIER .)
    SAY             reduce using rule 107 (fact_name -> fact_name IDENTIFIER .)
    CALL            reduce using rule 107 (fact_name -> fact_name IDENTIFIER .)
    WHENEVER        reduce using rule 107 (fact_name -> fact_name IDENTIFIER .)
    REMOVE          reduce using rule 107 (fact_name -> fact_name IDENTIFIER .)
    ANNOUNCE        reduce using rule 107 (fact_name -> fact_name IDENTIFIER .)
    THE_WORLD       reduce using rule 107 (fact_name -> fact_name IDENTIFIER .)
    SAVE            reduce using rule 107 (fact_name -> fact_name IDENTIFIER .)
    RESTORE         reduce using rule 107 (fact_name -> fact_name IDENTIFIER .)
    STRING          reduce using rule 107 (fact_name -> fact_name IDENTIFIER .)
    NUMBER          reduce using rule 107 (fact_name -> fact_name IDENTIFIER .)
    LPAREN          reduce using rule 107 (fact_name -> fact_name IDENTIFIER .)
    THE_WORLDS      reduce using rule 107 (fact_name -> fact_name IDENTIFIER .)
    $end            reduce using rule 107 (fact_name -> fact_name IDENTIFIER .)
    END             reduce using rule 107 (fact_name -> fact_name IDENTIFIER .)
    ELSE            reduce using rule 107 (fact_name -> fact_name IDENTIFIER .)
    OTHERWISE       reduce using rule 107 (fact_name -> fact_name IDENTIFIER .)
    DOES            reduce using rule 107 (fact_name -> fact_name IDENTIFIER .)
    KNOWS           reduce using rule 107 (fact_name -> fact_name IDENTIFIER .)
    FORGETS         reduce using rule 107 (fact_name -> fact_name IDENTIFIER .)
    PLUS            reduce using rule 107 (fact_name -> fact_name IDENTIFIER .)
    MINUS           reduce using rule 107 (fact_name -> fact_name IDENTIFIER .)
    TO              reduce using rule 107 (fact_name -> fact_name IDENTIFIER .)
    TIMES           reduce using rule 107 (fact_name -> fact_name IDENTIFIER .)
    GT              reduce using rule 107 (fact_name -> fact_name IDENTIFIER .)
    LT              reduce using rule 107 (fact_name -> fact_name IDENTIFIER .)
    EQ              reduce using rule 107 (fact_name -> fact_name IDENTIFIER .)
    NEQ             reduce using rule 107 (fact_name -> fact_name IDENTIFIER .)
    RPAREN          reduce using rule 107 (fact_name -> fact_name IDENTIFIER .)


state 172

    (84) save_world -> SAVE THE_WORLD TO expression .
    (99) expression -> expression . PLUS expression
    (100) expression -> expression . MINUS expression

    NEWLINE         reduce using rule 84 (save_world -> SAVE THE_WORLD TO expression .)
    CLASS           reduce using rule 84 (save_world -> SAVE THE_WORLD TO expression .)
    CREATURE        reduce using rule 84 (save_world -> SAVE THE_WORLD TO expression .)
    CREATE          reduce using rule 84 (save_world -> SAVE THE_WORLD TO expression .)
    BRING           reduce using rule 84 (save_world -> SAVE THE_WORLD TO expression .)
    SET             reduce using rule 84 (save_world -> SAVE THE_WORLD TO expression .)
    GIVE            reduce using rule 84 (save_world -> SAVE THE_WORLD TO expression .)
    ATTACH          reduce using rule 84 (save_world -> SAVE THE_WORLD TO expression .)
    REPEAT          reduce using rule 84 (save_world -> SAVE THE_WORLD TO expression .)
    UNTIL           reduce using rule 84 (save_world -> SAVE THE_WORLD TO expression .)
    IF              reduce using rule 84 (save_world -> SAVE THE_WORLD TO expression .)
    WHEN            reduce using rule 84 (save_world -> SAVE THE_WORLD TO expression .)
    ASK             reduce using rule 84 (save_world -> SAVE THE_WORLD TO expression .)
    SAY             reduce using rule 84 (save_world -> SAVE THE_WORLD TO expression .)
    CALL            reduce using rule 84 (save_world -> SAVE THE_WORLD TO expression .)
    WHENEVER        reduce using rule 84 (save_world -> SAVE THE_WORLD TO expression .)
    REMOVE          reduce using rule 84 (save_world -> SAVE THE_WORLD TO expression .)
    ANNOUNCE        reduce using rule 84 (save_world -> SAVE THE_WORLD TO expression .)
    THE_WORLD       reduce using rule 84 (save_world -> SAVE THE_WORLD TO expression .)
    SAVE            reduce using rule 84 (save_world -> SAVE THE_WORLD TO expression .)
    RESTORE         reduce using rule 84 (save_world -> SAVE THE_WORLD TO expression .)
    STRING          reduce using rule 84 (save_world -> SAVE THE_WORLD TO expression .)
    NUMBER          reduce using rule 84 (save_world -> SAVE THE_WORLD TO expression .)
    LPAREN          reduce using rule 84 (save_world -> SAVE THE_WORLD TO expression .)
    IDENTIFIER      reduce using rule 84 (save_world -> SAVE THE_WORLD TO expression .)
    THE_WORLDS      reduce using rule 84 (save_world -> SAVE THE_WORLD TO expression .)
    $end            reduce using rule 84 (save_world -> SAVE THE_WORLD TO expression .)
    END             reduce using rule 84 (save_world -> SAVE THE_WORLD TO expression .)
    ELSE            reduce using rule 84 (save_world -> SAVE THE_WORLD TO expression .)
    OTHERWISE       reduce using rule 84 (save_world -> SAVE THE_WORLD TO expression .)
    PLUS            shift and go to state 64
    MINUS           shift and go to state 65


state 173

    (85) restore_world -> RESTORE THE_WORLD FROM expression .
    (99) expression -> expression . PLUS expression
    (100) expression -> expression . MINUS expression

    NEWLINE         reduce using rule 85 (restore_world -> RESTORE THE_WORLD FROM expression .)
    CLASS           reduce using rule 85 (restore_world -> RESTORE THE_WORLD FROM expression .)
    CREATURE        reduce using rule 85 (restore_world -> RESTORE THE_WORLD FROM expression .)
    CREATE          reduce using rule 85 (restore_world -> RESTORE THE_WORLD FROM expression .)
    BRING           reduce using rule 85 (restore_world -> RESTORE THE_WORLD FROM expression .)
    SET             reduce using rule 85 (restore_world -> RESTORE THE_WORLD FROM expression .)
    GIVE            reduce using rule 85 (restore_world -> RESTORE THE_WORLD FROM expression .)
    ATTACH          reduce using rule 85 (restore_world -> RESTORE THE_WORLD FROM expression .)
    REPEAT          reduce using rule 85 (restore_world -> RESTORE THE_WORLD FROM expression .)
    UNTIL           reduce using rule 85 (restore_world -> RESTORE THE_WORLD FROM expression .)
    IF              reduce using rule 85 (restore_world -> RESTORE THE_WORLD FROM expression .)
    WHEN            reduce using rule 85 (restore_world -> RESTORE THE_WORLD FROM expression .)
    ASK             reduce using rule 85 (restore_world -> RESTORE THE_WORLD FROM expression .)
    SAY             reduce using rule 85 (restore_world -> RESTORE THE_WORLD FROM expression .)
    CALL            reduce using rule 85 (restore_world -> RESTORE THE_WORLD FROM expression .)
    WHENEVER        reduce using rule 85 (restore_world -> RESTORE THE_WORLD FROM expression .)
    REMOVE          reduce using rule 85 (restore_world -> RESTORE THE_WORLD FROM expression .)
    ANNOUNCE        reduce using rule 85 (restore_world -> RESTORE THE_WORLD FROM expression .)
    THE_WORLD       reduce using rule 85 (restore_world -> RESTORE THE_WORLD FROM expression .)
    SAVE            reduce using rule 85 (restore_world -> RESTORE THE_WORLD FROM expression .)
    RESTORE         reduce using rule 85 (restore_world -> RESTORE THE_WORLD FROM expression .)
    STRING          reduce using rule 85 (restore_world -> RESTORE THE_WORLD FROM expression .)
    NUMBER          reduce using rule 85 (restore_world -> RESTORE THE_WORLD FROM expression .)
    LPAREN          reduce using rule 85 (restore_world -> RESTORE THE_WORLD FROM expression .)
    IDENTIFIER      reduce using rule 85 (restore_world -> RESTORE THE_WORLD FROM expression .)
    THE_WORLDS      reduce using rule 85 (restore_world -> RESTORE THE_WORLD FROM expression .)
    $end            reduce using rule 85 (restore_world -> RESTORE THE_WORLD FROM expression .)
    END             reduce using rule 85 (restore_world -> RESTORE THE_WORLD FROM expression .)
    ELSE            reduce using rule 85 (restore_world -> RESTORE THE_WORLD FROM expression .)
    OTHERWISE       reduce using rule 85 (restore_world -> RESTORE THE_WORLD FROM expression .)
    PLUS            shift and go to state 64
    MINUS           shift and go to state 65


state 174

    (33) class_definition -> CLASS IDENTIFIER opt_separator class_body opt_separator . END CLASS

    END             shift and go to state 200


state 175

    (37) class_body -> class_body separator . class_member
    (11) opt_separator -> separator .
    (9) separator -> separator . NEWLINE
    (39) class_member -> . constructor
    (40) class_member -> . method
    (41) constructor -> . CREATE WITH LPAREN parameters RPAREN opt_separator statements opt_separator END CREATE
    (42) constructor -> . WHEN BORN WITH LPAREN parameters RPAREN opt_separator statements opt_separator END BORN
    (43) constructor -> . WHEN BORN opt_separator statements opt_separator END BORN
    (44) method -> . METHOD IDENTIFIER opt_separator statements opt_separator END METHOD
    (45) method -> . ACTION action_name opt_separator statements opt_separator END ACTION

    END             reduce using rule 11 (opt_separator -> separator .)
    NEWLINE         shift and go to state 95
    CREATE          shift and go to state 142
    WHEN            shift and go to state 143
    METHOD          shift and go to state 144
    ACTION          shift and go to state 145

    class_member                   shift and go to state 201
    constructor                    shift and go to state 140
    method                         shift and go to state 141

state 176

    (41) constructor -> CREATE WITH . LPAREN parameters RPAREN opt_separator statements opt_separator END CREATE

    LPAREN          shift and go to state 202


state 177

    (42) constructor -> WHEN BORN . WITH LPAREN parameters RPAREN opt_separator statements opt_separator END BORN
    (43) constructor -> WHEN BORN . opt_separator statements opt_separator END BORN
    (11) opt_separator -> . separator
    (12) opt_separator -> .
    (9) separator -> . separator NEWLINE
    (10) separator -> . NEWLINE

    WITH            shift and go to state 203
    CLASS           reduce using rule 12 (opt_separator -> .)
    CREATURE        reduce using rule 12 (opt_separator -> .)
    CREATE          reduce using rule 12 (opt_separator -> .)
    BRING           reduce using rule 12 (opt_separator -> .)
    SET             reduce using rule 12 (opt_separator -> .)
    GIVE            reduce using rule 12 (opt_separator -> .)
    ATTACH          reduce using rule 12 (opt_separator -> .)
    REPEAT          reduce using rule 12 (opt_separator -> .)
    UNTIL           reduce using rule 12 (opt_separator -> .)
    IF              reduce using rule 12 (opt_separator -> .)
    WHEN            reduce using rule 12 (opt_separator -> .)
    ASK             reduce using rule 12 (opt_separator -> .)
    SAY             reduce using rule 12 (opt_separator -> .)
    CALL            reduce using rule 12 (opt_separator -> .)
    WHENEVER        reduce using rule 12 (opt_separator -> .)
    REMOVE          reduce using rule 12 (opt_separator -> .)
    ANNOUNCE        reduce using rule 12 (opt_separator -> .)
    THE_WORLD       reduce using rule 12 (opt_separator -> .)
    SAVE            reduce using rule 12 (opt_separator -> .)
    RESTORE         reduce using rule 12 (opt_separator -> .)
    STRING          reduce using rule 12 (opt_separator -> .)
    NUMBER          reduce using rule 12 (opt_separator -> .)
    LPAREN          reduce using rule 12 (opt_separator -> .)
    IDENTIFIER      reduce using rule 12 (opt_separator -> .)
    THE_WORLDS      reduce using rule 12 (opt_separator -> .)
    NEWLINE         shift and go to state 57

    opt_separator                  shift and go to state 204
    separator                      shift and go to state 98

state 178

    (44) method -> METHOD IDENTIFIER . opt_separator statements opt_separator END METHOD
    (11) opt_separator -> . separator
    (12) opt_separator -> .
    (9) separator -> . separator NEWLINE
    (10) separator -> . NEWLINE

    CLASS           reduce using rule 12 (opt_separator -> .)
    CREATURE        reduce using rule 12 (opt_separator -> .)
    CREATE          reduce using rule 12 (opt_separator -> .)
    BRING           reduce using rule 12 (opt_separator -> .)
    SET             reduce using rule 12 (opt_separator -> .)
    GIVE            reduce using rule 12 (opt_separator -> .)
    ATTACH          reduce using rule 12 (opt_separator -> .)
    REPEAT          reduce using rule 12 (opt_separator -> .)
    UNTIL           reduce using rule 12 (opt_separator -> .)
    IF              reduce using rule 12 (opt_separator -> .)
    WHEN            reduce using rule 12 (opt_separator -> .)
    ASK             reduce using rule 12 (opt_separator -> .)
    SAY             reduce using rule 12 (opt_separator -> .)
    CALL            reduce using rule 12 (opt_separator -> .)
    WHENEVER        reduce using rule 12 (opt_separator -> .)
    REMOVE          reduce using rule 12 (opt_separator -> .)
    ANNOUNCE        reduce using rule 12 (opt_separator -> .)
    THE_WORLD       reduce using rule 12 (opt_separator -> .)
    SAVE            reduce using rule 12 (opt_separator -> .)
    RESTORE         reduce using rule 12 (opt_separator -> .)
    STRING          reduce using rule 12 (opt_separator -> .)
    NUMBER          reduce using rule 12 (opt_separator -> .)
    LPAREN          reduce using rule 12 (opt_separator -> .)
    IDENTIFIER      reduce using rule 12 (opt_separator -> .)
    THE_WORLDS      reduce using rule 12 (opt_separator -> .)
    NEWLINE         shift and go to state 57

    opt_separator                  shift and go to state 205
    separator                      shift and go to state 98

state 179

    (45) method -> ACTION action_name . opt_separator statements opt_separator END ACTION
    (47) action_name -> action_name . IDENTIFIER
    (11) opt_separator -> . separator
    (12) opt_separator -> .
    (9) separator -> . separator NEWLINE
    (10) separator -> . NEWLINE

  ! shift/reduce conflict for IDENTIFIER resolved as shift
    IDENTIFIER      shift and go to state 150
    CLASS           reduce using rule 12 (opt_separator -> .)
    CREATURE        reduce using rule 12 (opt_separator -> .)
    CREATE          reduce using rule 12 (opt_separator -> .)
    BRING           reduce using rule 12 (opt_separator -> .)
    SET             reduce using rule 12 (opt_separator -> .)
    GIVE            reduce using rule 12 (opt_separator -> .)
    ATTACH          reduce using rule 12 (opt_separator -> .)
    REPEAT          reduce using rule 12 (opt_separator -> .)
    UNTIL           reduce using rule 12 (opt_separator -> .)
    IF              reduce using rule 12 (opt_separator -> .)
    WHEN            reduce using rule 12 (opt_separator -> .)
    ASK             reduce using rule 12 (opt_separator -> .)
    SAY             reduce using rule 12 (opt_separator -> .)
    CALL            reduce using rule 12 (opt_separator -> .)
    WHENEVER        reduce using rule 12 (opt_separator -> .)
    REMOVE          reduce using rule 12 (opt_separator -> .)
    ANNOUNCE        reduce using rule 12 (opt_separator -> .)
    THE_WORLD       reduce using rule 12 (opt_separator -> .)
    SAVE            reduce using rule 12 (opt_separator -> .)
    RESTORE         reduce using rule 12 (opt_separator -> .)
    STRING          reduce using rule 12 (opt_separator -> .)
    NUMBER          reduce using rule 12 (opt_separator -> .)
    LPAREN          reduce using rule 12 (opt_separator -> .)
    THE_WORLDS      reduce using rule 12 (opt_separator -> .)
    NEWLINE         shift and go to state 57

  ! IDENTIFIER      [ reduce using rule 12 (opt_separator -> .) ]

    opt_separator                  shift and go to state 206
    separator                      shift and go to state 98

state 180

    (34) class_definition -> CLASS IDENTIFIER FROM IDENTIFIER opt_separator . class_body opt_separator END CLASS
    (37) class_body -> . class_body separator class_member
    (38) class_body -> . class_member
    (39) class_member -> . constructor
    (40) class_member -> . method
    (41) constructor -> . CREATE WITH LPAREN parameters RPAREN opt_separator statements opt_separator END CREATE
    (42) constructor -> . WHEN BORN WITH LPAREN parameters RPAREN opt_separator statements opt_separator END BORN
    (43) constructor -> . WHEN BORN opt_separator statements opt_separator END BORN
    (44) method -> . METHOD IDENTIFIER opt_separator statements opt_separator END METHOD
    (45) method -> . ACTION action_name opt_separator statements opt_separator END ACTION

    CREATE          shift and go to state 142
    WHEN            shift and go to state 143
    METHOD          shift and go to state 144
    ACTION          shift and go to state 145

    class_body                     shift and go to state 207
    class_member                   shift and go to state 139
    constructor                    shift and go to state 140
    method                         shift and go to state 141

state 181

    (35) class_definition -> CREATURE IDENTIFIER opt_separator class_body opt_separator . END CREATURE

    END             shift and go to state 208


state 182

    (36) class_definition -> CREATURE IDENTIFIER FROM IDENTIFIER opt_separator . class_body opt_separator END CREATURE
    (37) class_body -> . class_body separator class_member
    (38) class_body -> . class_member
    (39) class_member -> . constructor
    (40) class_member -> . method
    (41) constructor -> . CREATE WITH LPAREN parameters RPAREN opt_separator statements opt_separator END CREATE
    (42) constructor -> . WHEN BORN WITH LPAREN parameters RPAREN opt_separator statements opt_separator END BORN
    (43) constructor -> . WHEN BORN opt_separator statements opt_separator END BORN
    (44) method -> . METHOD IDENTIFIER opt_separator statements opt_separator END METHOD
    (45) method -> . ACTION action_name opt_separator statements opt_separator END ACTION

    CREATE          shift and go to state 142
    WHEN            shift and go to state 143
    METHOD          shift and go to state 144
    ACTION          shift and go to state 145

    class_body                     shift and go to state 209
    class_member                   shift and go to state 139
    constructor                    shift and go to state 140
    method                         shift and go to state 141

state 183

    (52) create_statement -> CREATE IDENTIFIER IDENTIFIER WITH expression .
    (99) expression -> expression . PLUS expression
    (100) expression -> expression . MINUS expression

    NEWLINE         reduce using rule 52 (create_statement -> CREATE IDENTIFIER IDENTIFIER WITH expression .)
    CLASS           reduce using rule 52 (create_statement -> CREATE IDENTIFIER IDENTIFIER WITH expression .)
    CREATURE        reduce using rule 52 (create_statement -> CREATE IDENTIFIER IDENTIFIER WITH expression .)
    CREATE          reduce using rule 52 (create_statement -> CREATE IDENTIFIER IDENTIFIER WITH expression .)
    BRING           reduce using rule 52 (create_statement -> CREATE IDENTIFIER IDENTIFIER WITH expression .)
    SET             reduce using rule 52 (create_statement -> CREATE IDENTIFIER IDENTIFIER WITH expression .)
    GIVE            reduce using rule 52 (create_statement -> CREATE IDENTIFIER IDENTIFIER WITH expression .)
    ATTACH          reduce using rule 52 (create_statement -> CREATE IDENTIFIER IDENTIFIER WITH expression .)
    REPEAT          reduce using rule 52 (create_statement -> CREATE IDENTIFIER IDENTIFIER WITH expression .)
    UNTIL           reduce using rule 52 (create_statement -> CREATE IDENTIFIER IDENTIFIER WITH expression .)
    IF              reduce using rule 52 (create_statement -> CREATE IDENTIFIER IDENTIFIER WITH expression .)
    WHEN            reduce using rule 52 (create_statement -> CREATE IDENTIFIER IDENTIFIER WITH expression .)
    ASK             reduce using rule 52 (create_statement -> CREATE IDENTIFIER IDENTIFIER WITH expression .)
    SAY             reduce using rule 52 (create_statement -> CREATE IDENTIFIER IDENTIFIER WITH expression .)
    CALL            reduce using rule 52 (create_statement -> CREATE IDENTIFIER IDENTIFIER WITH expression .)
    WHENEVER        reduce using rule 52 (create_statement -> CREATE IDENTIFIER IDENTIFIER WITH expression .)
    REMOVE          reduce using rule 52 (create_statement -> CREATE IDENTIFIER IDENTIFIER WITH expression .)
    ANNOUNCE        reduce using rule 52 (create_statement -> CREATE IDENTIFIER IDENTIFIER WITH expression .)
    THE_WORLD       reduce using rule 52 (create_statement -> CREATE IDENTIFIER IDENTIFIER WITH expression .)
    SAVE            reduce using rule 52 (create_statement -> CREATE IDENTIFIER IDENTIFIER WITH expression .)
    RESTORE         reduce using rule 52 (create_statement -> CREATE IDENTIFIER IDENTIFIER WITH expression .)
    STRING          reduce using rule 52 (create_statement -> CREATE IDENTIFIER IDENTIFIER WITH expression .)
    NUMBER          reduce using rule 52 (create_statement -> CREATE IDENTIFIER IDENTIFIER WITH expression .)
    LPAREN          reduce using rule 52 (create_statement -> CREATE IDENTIFIER IDENTIFIER WITH expression .)
    IDENTIFIER      reduce using rule 52 (create_statement -> CREATE IDENTIFIER IDENTIFIER WITH expression .)
    THE_WORLDS      reduce using rule 52 (create_statement -> CREATE IDENTIFIER IDENTIFIER WITH expression .)
    $end            reduce using rule 52 (create_statement -> CREATE IDENTIFIER IDENTIFIER WITH expression .)
    END             reduce using rule 52 (create_statement -> CREATE IDENTIFIER IDENTIFIER WITH expression .)
    ELSE            reduce using rule 52 (create_statement -> CREATE IDENTIFIER IDENTIFIER WITH expression .)
    OTHERWISE       reduce using rule 52 (create_statement -> CREATE IDENTIFIER IDENTIFIER WITH expression .)
    PLUS            shift and go to state 64
    MINUS           shift and go to state 65


state 184

    (72) knows_statement -> expression KNOWS expression AS IDENTIFIER .

    NEWLINE         reduce using rule 72 (knows_statement -> expression KNOWS expression AS IDENTIFIER .)
    CLASS           reduce using rule 72 (knows_statement -> expression KNOWS expression AS IDENTIFIER .)
    CREATURE        reduce using rule 72 (knows_statement -> expression KNOWS expression AS IDENTIFIER .)
    CREATE          reduce using rule 72 (knows_statement -> expression KNOWS expression AS IDENTIFIER .)
    BRING           reduce using rule 72 (knows_statement -> expression KNOWS expression AS IDENTIFIER .)
    SET             reduce using rule 72 (knows_statement -> expression KNOWS expression AS IDENTIFIER .)
    GIVE            reduce using rule 72 (knows_statement -> expression KNOWS expression AS IDENTIFIER .)
    ATTACH          reduce using rule 72 (knows_statement -> expression KNOWS expression AS IDENTIFIER .)
    REPEAT          reduce using rule 72 (knows_statement -> expression KNOWS expression AS IDENTIFIER .)
    UNTIL           reduce using rule 72 (knows_statement -> expression KNOWS expression AS IDENTIFIER .)
    IF              reduce using rule 72 (knows_statement -> expression KNOWS expression AS IDENTIFIER .)
    WHEN            reduce using rule 72 (knows_statement -> expression KNOWS expression AS IDENTIFIER .)
    ASK             reduce using rule 72 (knows_statement -> expression KNOWS expression AS IDENTIFIER .)
    SAY             reduce using rule 72 (knows_statement -> expression KNOWS expression AS IDENTIFIER .)
    CALL            reduce using rule 72 (knows_statement -> expression KNOWS expression AS IDENTIFIER .)
    WHENEVER        reduce using rule 72 (knows_statement -> expression KNOWS expression AS IDENTIFIER .)
    REMOVE          reduce using rule 72 (knows_statement -> expression KNOWS expression AS IDENTIFIER .)
    ANNOUNCE        reduce using rule 72 (knows_statement -> expression KNOWS expression AS IDENTIFIER .)
    THE_WORLD       reduce using rule 72 (knows_statement -> expression KNOWS expression AS IDENTIFIER .)
    SAVE            reduce using rule 72 (knows_statement -> expression KNOWS expression AS IDENTIFIER .)
    RESTORE         reduce using rule 72 (knows_statement -> expression KNOWS expression AS IDENTIFIER .)
    STRING          reduce using rule 72 (knows_statement -> expression KNOWS expression AS IDENTIFIER .)
    NUMBER          reduce using rule 72 (knows_statement -> expression KNOWS expression AS IDENTIFIER .)
    LPAREN          reduce using rule 72 (knows_statement -> expression KNOWS expression AS IDENTIFIER .)
    IDENTIFIER      reduce using rule 72 (knows_statement -> expression KNOWS expression AS IDENTIFIER .)
    THE_WORLDS      reduce using rule 72 (knows_statement -> expression KNOWS expression AS IDENTIFIER .)
    $end            reduce using rule 72 (knows_statement -> expression KNOWS expression AS IDENTIFIER .)
    END             reduce using rule 72 (knows_statement -> expression KNOWS expression AS IDENTIFIER .)
    ELSE            reduce using rule 72 (knows_statement -> expression KNOWS expression AS IDENTIFIER .)
    OTHERWISE       reduce using rule 72 (knows_statement -> expression KNOWS expression AS IDENTIFIER .)


state 185

    (54) create_statement -> BRING IDENTIFIER TO LIFE AS . IDENTIFIER WITH expression
    (55) create_statement -> BRING IDENTIFIER TO LIFE AS . IDENTIFIER

    IDENTIFIER      shift and go to state 210


state 186

    (57) set_statement -> GIVE attribute_path IDENTIFIER TRAIT IDENTIFIER . TO expression

    TO              shift and go to state 211


state 187

    (58) set_statement -> GIVE attribute_path TRAIT IDENTIFIER TO . expression
    (96) expression -> . STRING
    (97) expression -> . NUMBER
    (98) expression -> . attribute_path
    (99) expression -> . expression PLUS expression
    (100) expression -> . expression MINUS expression
    (101) expression -> . LPAREN expression_list RPAREN
    (102) expression -> . world_expr
    (50) attribute_path -> . IDENTIFIER
    (51) attribute_path -> . attribute_path IDENTIFIER
    (103) world_expr -> . THE_WORLD KNOWS fact_name
    (104) world_expr -> . THE_WORLDS IDENTIFIER CREATURES
    (105) world_expr -> . THE_WORLD COUNTS IDENTIFIER

    STRING          shift and go to state 42
    NUMBER          shift and go to state 51
    LPAREN          shift and go to state 52
    IDENTIFIER      shift and go to state 28
    THE_WORLD       shift and go to state 71
    THE_WORLDS      shift and go to state 54

    attribute_path                 shift and go to state 34
    expression                     shift and go to state 212
    world_expr                     shift and go to state 53

state 188

    (60) repeat_statement -> REPEAT expression TIMES opt_separator statements . opt_separator END REPEAT
    (5) statements -> statements . statement_with_newline
    (11) opt_separator -> . separator
    (12) opt_separator -> .
    (7) statement_with_newline -> . statement separator
    (8) statement_with_newline -> . statement
    (9) separator -> . separator NEWLINE
    (10) separator -> . NEWLINE
    (13) statement -> . class_definition
    (14) statement -> . create_statement
    (15) statement -> . set_statement
    (16) statement -> . attach_statement
    (17) statement -> . repeat_statement
    (18) statement -> . repeat_through_statement
    (19) statement -> . until_statement
    (20) statement -> . if_statement
    (21) statement -> . ask_statement
    (22) statement -> . say_statement
    (23) statement -> . call_statement
    (24) statement -> . knows_statement
    (25) statement -> . forgets_statement
    (26) statement -> . whenever_statement
    (27) statement -> . remove_statement
    (28) statement -> . announce_statement
    (29) statement -> . world_remembers
    (30) statement -> . world_forgets
    (31) statement -> . save_world
    (32) statement -> . restore_world
    (33) class_definition -> . CLASS IDENTIFIER opt_separator class_body opt_separator END CLASS
    (34) class_definition -> . CLASS IDENTIFIER FROM IDENTIFIER opt_separator class_body opt_separator END CLASS
    (35) class_definition -> . CREATURE IDENTIFIER opt_separator class_body opt_separator END CREATURE
    (36) class_definition -> . CREATURE IDENTIFIER FROM IDENTIFIER opt_separator class_body opt_separator END CREATURE
    (52) create_statement -> . CREATE IDENTIFIER IDENTIFIER WITH expression
    (53) create_statement -> . CREATE IDENTIFIER IDENTIFIER
    (54) create_statement -> . BRING IDENTIFIER TO LIFE AS IDENTIFIER WITH expression
    (55) create_statement -> . BRING IDENTIFIER TO LIFE AS IDENTIFIER
    (56) set_statement -> . SET attribute_path TO expression
    (57) set_statement -> . GIVE attribute_path IDENTIFIER TRAIT IDENTIFIER TO expression
    (58) set_statement -> . GIVE attribute_path TRAIT IDENTIFIER TO expression
    (59) attach_statement -> . ATTACH expression TO expression
    (60) repeat_statement -> . REPEAT expression TIMES opt_separator statements opt_separator END REPEAT
    (61) repeat_through_statement -> . REPEAT THROUGH expression AS attribute_path opt_separator statements opt_separator END REPEAT
    (62) until_statement -> . UNTIL condition opt_separator statements opt_separator END UNTIL
    (63) if_statement -> . IF condition opt_separator statements opt_separator ELSE opt_separator statements opt_separator END IF
    (64) if_statement -> . IF condition opt_separator statements opt_separator END IF
    (65) if_statement -> . WHEN condition opt_separator statements opt_separator OTHERWISE opt_separator statements opt_separator END WHEN
    (66) if_statement -> . WHEN condition opt_separator statements opt_separator END WHEN
    (67) ask_statement -> . ASK STRING
    (68) say_statement -> . SAY expression
    (69) call_statement -> . CALL attribute_path
    (70) call_statement -> . expression DOES action_name
    (71) knows_statement -> . expression KNOWS expression
    (72) knows_statement -> . expression KNOWS expression AS IDENTIFIER
    (73) forgets_statement -> . expression FORGETS IDENTIFIER
    (74) whenever_statement -> . WHENEVER subject DOES action_name opt_separator statements opt_separator END WHENEVER
    (75) whenever_statement -> . WHENEVER subject GETS TRAIT IDENTIFIER CHANGED opt_separator statements opt_separator END WHENEVER
    (76) whenever_statement -> . WHENEVER subject IDENTIFIER BORN opt_separator statements opt_separator END WHENEVER
    (77) whenever_statement -> . WHENEVER subject IDENTIFIER opt_separator statements opt_separator END WHENEVER
    (80) remove_statement -> . REMOVE IDENTIFIER FROM WORLD
    (81) announce_statement -> . ANNOUNCE expression
    (82) world_remembers -> . THE_WORLD REMEMBERS fact_name AS expression
    (83) world_forgets -> . THE_WORLD FORGETS fact_name
    (84) save_world -> . SAVE THE_WORLD TO expression
    (85) restore_world -> . RESTORE THE_WORLD FROM expression
    (96) expression -> . STRING
    (97) expression -> . NUMBER
    (98) expression -> . attribute_path
    (99) expression -> . expression PLUS expression
    (100) expression -> . expression MINUS expression
    (101) expression -> . LPAREN expression_list RPAREN
    (102) expression -> . world_expr
    (50) attribute_path -> . IDENTIFIER
    (51) attribute_path -> . attribute_path IDENTIFIER
    (103) world_expr -> . THE_WORLD KNOWS fact_name
    (104) world_expr -> . THE_WORLDS IDENTIFIER CREATURES
    (105) world_expr -> . THE_WORLD COUNTS IDENTIFIER

    END             reduce using rule 12 (opt_separator -> .)
    NEWLINE         shift and go to state 57
    CLASS           shift and go to state 27
    CREATURE        shift and go to state 29
    CREATE          shift and go to state 30
    BRING           shift and go to state 32
    SET             shift and go to state 33
    GIVE            shift and go to state 35
    ATTACH          shift and go to state 36
    REPEAT          shift and go to state 37
    UNTIL           shift and go to state 38
    IF              shift and go to state 39
    WHEN            shift and go to state 40
    ASK             shift and go to state 41
    SAY             shift and go to state 43
    CALL            shift and go to state 44
    WHENEVER        shift and go to state 45
    REMOVE          shift and go to state 46
    ANNOUNCE        shift and go to state 47
    THE_WORLD       shift and go to state 48
    SAVE            shift and go to state 49
    RESTORE         shift and go to state 50
    STRING          shift and go to state 42
    NUMBER          shift and go to state 51
    LPAREN          shift and go to state 52
    IDENTIFIER      shift and go to state 28
    THE_WORLDS      shift and go to state 54

    expression                     shift and go to state 31
    opt_separator                  shift and go to state 213
    statement_with_newline         shift and go to state 55
    separator                      shift and go to state 98
    statement                      shift and go to state 6
    class_definition               shift and go to state 7
    create_statement               shift and go to state 8
    set_statement                  shift and go to state 9
    attach_statement               shift and go to state 10
    repeat_statement               shift and go to state 11
    repeat_through_statement       shift and go to state 12
    until_statement                shift and go to state 13
    if_statement                   shift and go to state 14
    ask_statement                  shift and go to state 15
    say_statement                  shift and go to state 16
    call_statement                 shift and go to state 17
    knows_statement                shift and go to state 18
    forgets_statement              shift and go to state 19
    whenever_statement             shift and go to state 20
    remove_statement               shift and go to state 21
    announce_statement             shift and go to state 22
    world_remembers                shift and go to state 23
    world_forgets                  shift and go to state 24
    save_world                     shift and go to state 25
    restore_world                  shift and go to state 26
    attribute_path                 shift and go to state 34
    world_expr                     shift and go to state 53

state 189

    (61) repeat_through_statement -> REPEAT THROUGH expression AS attribute_path . opt_separator statements opt_separator END REPEAT
    (51) attribute_path -> attribute_path . IDENTIFIER
    (11) opt_separator -> . separator
    (12) opt_separator -> .
    (9) separator -> . separator NEWLINE
    (10) separator -> . NEWLINE

  ! shift/reduce conflict for IDENTIFIER resolved as shift
    IDENTIFIER      shift and go to state 68
    CLASS           reduce using rule 12 (opt_separator -> .)
    CREATURE        reduce using rule 12 (opt_separator -> .)
    CREATE          reduce using rule 12 (opt_separator -> .)
    BRING           reduce using rule 12 (opt_separator -> .)
    SET             reduce using rule 12 (opt_separator -> .)
    GIVE            reduce using rule 12 (opt_separator -> .)
    ATTACH          reduce using rule 12 (opt_separator -> .)
    REPEAT          reduce using rule 12 (opt_separator -> .)
    UNTIL           reduce using rule 12 (opt_separator -> .)
    IF              reduce using rule 12 (opt_separator -> .)
    WHEN            reduce using rule 12 (opt_separator -> .)
    ASK             reduce using rule 12 (opt_separator -> .)
    SAY             reduce using rule 12 (opt_separator -> .)
    CALL            reduce using rule 12 (opt_separator -> .)
    WHENEVER        reduce using rule 12 (opt_separator -> .)
    REMOVE          reduce using rule 12 (opt_separator -> .)
    ANNOUNCE        reduce using rule 12 (opt_separator -> .)
    THE_WORLD       reduce using rule 12 (opt_separator -> .)
    SAVE            reduce using rule 12 (opt_separator -> .)
    RESTORE         reduce using rule 12 (opt_separator -> .)
    STRING          reduce using rule 12 (opt_separator -> .)
    NUMBER          reduce using rule 12 (opt_separator -> .)
    LPAREN          reduce using rule 12 (opt_separator -> .)
    THE_WORLDS      reduce using rule 12 (opt_separator -> .)
    NEWLINE         shift and go to state 57

  ! IDENTIFIER      [ reduce using rule 12 (opt_separator -> .) ]

    opt_separator                  shift and go to state 214
    separator                      shift and go to state 98

state 190

    (62) until_statement -> UNTIL condition opt_separator statements opt_separator . END UNTIL

    END             shift and go to state 215


state 191

    (88) condition -> expression KNOWS expression AS . IDENTIFIER

    IDENTIFIER      shift and go to state 216


state 192

    (89) condition -> expression KNOWS ANYONE AS . IDENTIFIER

    IDENTIFIER      shift and go to state 217


state 193

    (63) if_statement -> IF condition opt_separator statements opt_separator . ELSE opt_separator statements opt_separator END IF
    (64) if_statement -> IF condition opt_separator statements opt_separator . END IF

    ELSE            shift and go to state 218
    END             shift and go to state 219


state 194

    (65) if_statement -> WHEN condition opt_separator statements opt_separator . OTHERWISE opt_separator statements opt_separator END WHEN
    (66) if_statement -> WHEN condition opt_separator statements opt_separator . END WHEN

    OTHERWISE       shift and go to state 220
    END             shift and go to state 221


state 195

    (74) whenever_statement -> WHENEVER subject DOES action_name opt_separator . statements opt_separator END WHENEVER
    (5) statements -> . statements statement_with_newline
    (6) statements -> . statement_with_newline
    (7) statement_with_newline -> . statement separator
    (8) statement_with_newline -> . statement
    (13) statement -> . class_definition
    (14) statement -> . create_statement
    (15) statement -> . set_statement
    (16) statement -> . attach_statement
    (17) statement -> . repeat_statement
    (18) statement -> . repeat_through_statement
    (19) statement -> . until_statement
    (20) statement -> . if_statement
    (21) statement -> . ask_statement
    (22) statement -> . say_statement
    (23) statement -> . call_statement
    (24) statement -> . knows_statement
    (25) statement -> . forgets_statement
    (26) statement -> . whenever_statement
    (27) statement -> . remove_statement
    (28) statement -> . announce_statement
    (29) statement -> . world_remembers
    (30) statement -> . world_forgets
    (31) statement -> . save_world
    (32) statement -> . restore_world
    (33) class_definition -> . CLASS IDENTIFIER opt_separator class_body opt_separator END CLASS
    (34) class_definition -> . CLASS IDENTIFIER FROM IDENTIFIER opt_separator class_body opt_separator END CLASS
    (35) class_definition -> . CREATURE IDENTIFIER opt_separator class_body opt_separator END CREATURE
    (36) class_definition -> . CREATURE IDENTIFIER FROM IDENTIFIER opt_separator class_body opt_separator END CREATURE
    (52) create_statement -> . CREATE IDENTIFIER IDENTIFIER WITH expression
    (53) create_statement -> . CREATE IDENTIFIER IDENTIFIER
    (54) create_statement -> . BRING IDENTIFIER TO LIFE AS IDENTIFIER WITH expression
    (55) create_statement -> . BRING IDENTIFIER TO LIFE AS IDENTIFIER
    (56) set_statement -> . SET attribute_path TO expression
    (57) set_statement -> . GIVE attribute_path IDENTIFIER TRAIT IDENTIFIER TO expression
    (58) set_statement -> . GIVE attribute_path TRAIT IDENTIFIER TO expression
    (59) attach_statement -> . ATTACH expression TO expression
    (60) repeat_statement -> . REPEAT expression TIMES opt_separator statements opt_separator END REPEAT
    (61) repeat_through_statement -> . REPEAT THROUGH expression AS attribute_path opt_separator statements opt_separator END REPEAT
    (62) until_statement -> . UNTIL condition opt_separator statements opt_separator END UNTIL
    (63) if_statement -> . IF condition opt_separator statements opt_separator ELSE opt_separator statements opt_separator END IF
    (64) if_statement -> . IF condition opt_separator statements opt_separator END IF
    (65) if_statement -> . WHEN condition opt_separator statements opt_separator OTHERWISE opt_separator statements opt_separator END WHEN
    (66) if_statement -> . WHEN condition opt_separator statements opt_separator END WHEN
    (67) ask_statement -> . ASK STRING
    (68) say_statement -> . SAY expression
    (69) call_statement -> . CALL attribute_path
    (70) call_statement -> . expression DOES action_name
    (71) knows_statement -> . expression KNOWS expression
    (72) knows_statement -> . expression KNOWS expression AS IDENTIFIER
    (73) forgets_statement -> . expression FORGETS IDENTIFIER
    (74) whenever_statement -> . WHENEVER subject DOES action_name opt_separator statements opt_separator END WHENEVER
    (75) whenever_statement -> . WHENEVER subject GETS TRAIT IDENTIFIER CHANGED opt_separator statements opt_separator END WHENEVER
    (76) whenever_statement -> . WHENEVER subject IDENTIFIER BORN opt_separator statements opt_separator END WHENEVER
    (77) whenever_statement -> . WHENEVER subject IDENTIFIER opt_separator statements opt_separator END WHENEVER
    (80) remove_statement -> . REMOVE IDENTIFIER FROM WORLD
    (81) announce_statement -> . ANNOUNCE expression
    (82) world_remembers -> . THE_WORLD REMEMBERS fact_name AS expression
    (83) world_forgets -> . THE_WORLD FORGETS fact_name
    (84) save_world -> . SAVE THE_WORLD TO expression
    (85) restore_world -> . RESTORE THE_WORLD FROM expression
    (96) expression -> . STRING
    (97) expression -> . NUMBER
    (98) expression -> . attribute_path
    (99) expression -> . expression PLUS expression
    (100) expression -> . expression MINUS expression
    (101) expression -> . LPAREN expression_list RPAREN
    (102) expression -> . world_expr
    (50) attribute_path -> . IDENTIFIER
    (51) attribute_path -> . attribute_path IDENTIFIER
    (103) world_expr -> . THE_WORLD KNOWS fact_name
    (104) world_expr -> . THE_WORLDS IDENTIFIER CREATURES
    (105) world_expr -> . THE_WORLD COUNTS IDENTIFIER

    CLASS           shift and go to state 27
    CREATURE        shift and go to state 29
    CREATE          shift and go to state 30
    BRING           shift and go to state 32
    SET             shift and go to state 33
    GIVE            shift and go to state 35
    ATTACH          shift and go to state 36
    REPEAT          shift and go to state 37
    UNTIL           shift and go to state 38
    IF              shift and go to state 39
    WHEN            shift and go to state 40
    ASK             shift and go to state 41
    SAY             shift and go to state 43
    CALL            shift and go to state 44
    WHENEVER        shift and go to state 45
    REMOVE          shift and go to state 46
    ANNOUNCE        shift and go to state 47
    THE_WORLD       shift and go to state 48
    SAVE            shift and go to state 49
    RESTORE         shift and go to state 50
    STRING          shift and go to state 42
    NUMBER          shift and go to state 51
    LPAREN          shift and go to state 52
    IDENTIFIER      shift and go to state 28
    THE_WORLDS      shift and go to state 54

    statements                     shift and go to state 222
    statement_with_newline         shift and go to state 5
    statement                      shift and go to state 6
    class_definition               shift and go to state 7
    create_statement               shift and go to state 8
    set_statement                  shift and go to state 9
    attach_statement               shift and go to state 10
    repeat_statement               shift and go to state 11
    repeat_through_statement       shift and go to state 12
    until_statement                shift and go to state 13
    if_statement                   shift and go to state 14
    ask_statement                  shift and go to state 15
    say_statement                  shift and go to state 16
    call_statement                 shift and go to state 17
    knows_statement                shift and go to state 18
    forgets_statement              shift and go to state 19
    whenever_statement             shift and go to state 20
    remove_statement               shift and go to state 21
    announce_statement             shift and go to state 22
    world_remembers                shift and go to state 23
    world_forgets                  shift and go to state 24
    save_world                     shift and go to state 25
    restore_world                  shift and go to state 26
    expression                     shift and go to state 31
    attribute_path                 shift and go to state 34
    world_expr                     shift and go to state 53

state 196

    (75) whenever_statement -> WHENEVER subject GETS TRAIT IDENTIFIER . CHANGED opt_separator statements opt_separator END WHENEVER

    CHANGED         shift and go to state 223


state 197

    (76) whenever_statement -> WHENEVER subject IDENTIFIER BORN opt_separator . statements opt_separator END WHENEVER
    (5) statements -> . statements statement_with_newline
    (6) statements -> . statement_with_newline
    (7) statement_with_newline -> . statement separator
    (8) statement_with_newline -> . statement
    (13) statement -> . class_definition
    (14) statement -> . create_statement
    (15) statement -> . set_statement
    (16) statement -> . attach_statement
    (17) statement -> . repeat_statement
    (18) statement -> . repeat_through_statement
    (19) statement -> . until_statement
    (20) statement -> . if_statement
    (21) statement -> . ask_statement
    (22) statement -> . say_statement
    (23) statement -> . call_statement
    (24) statement -> . knows_statement
    (25) statement -> . forgets_statement
    (26) statement -> . whenever_statement
    (27) statement -> . remove_statement
    (28) statement -> . announce_statement
    (29) statement -> . world_remembers
    (30) statement -> . world_forgets
    (31) statement -> . save_world
    (32) statement -> . restore_world
    (33) class_definition -> . CLASS IDENTIFIER opt_separator class_body opt_separator END CLASS
    (34) class_definition -> . CLASS IDENTIFIER FROM IDENTIFIER opt_separator class_body opt_separator END CLASS
    (35) class_definition -> . CREATURE IDENTIFIER opt_separator class_body opt_separator END CREATURE
    (36) class_definition -> . CREATURE IDENTIFIER FROM IDENTIFIER opt_separator class_body opt_separator END CREATURE
    (52) create_statement -> . CREATE IDENTIFIER IDENTIFIER WITH expression
    (53) create_statement -> . CREATE IDENTIFIER IDENTIFIER
    (54) create_statement -> . BRING IDENTIFIER TO LIFE AS IDENTIFIER WITH expression
    (55) create_statement -> . BRING IDENTIFIER TO LIFE AS IDENTIFIER
    (56) set_statement -> . SET attribute_path TO expression
    (57) set_statement -> . GIVE attribute_path IDENTIFIER TRAIT IDENTIFIER TO expression
    (58) set_statement -> . GIVE attribute_path TRAIT IDENTIFIER TO expression
    (59) attach_statement -> . ATTACH expression TO expression
    (60) repeat_statement -> . REPEAT expression TIMES opt_separator statements opt_separator END REPEAT
    (61) repeat_through_statement -> . REPEAT THROUGH expression AS attribute_path opt_separator statements opt_separator END REPEAT
    (62) until_statement -> . UNTIL condition opt_separator statements opt_separator END UNTIL
    (63) if_statement -> . IF condition opt_separator statements opt_separator ELSE opt_separator statements opt_separator END IF
    (64) if_statement -> . IF condition opt_separator statements opt_separator END IF
    (65) if_statement -> . WHEN condition opt_separator statements opt_separator OTHERWISE opt_separator statements opt_separator END WHEN
    (66) if_statement -> . WHEN condition opt_separator statements opt_separator END WHEN
    (67) ask_statement -> . ASK STRING
    (68) say_statement -> . SAY expression
    (69) call_statement -> . CALL attribute_path
    (70) call_statement -> . expression DOES action_name
    (71) knows_statement -> . expression KNOWS expression
    (72) knows_statement -> . expression KNOWS expression AS IDENTIFIER
    (73) forgets_statement -> . expression FORGETS IDENTIFIER
    (74) whenever_statement -> . WHENEVER subject DOES action_name opt_separator statements opt_separator END WHENEVER
    (75) whenever_statement -> . WHENEVER subject GETS TRAIT IDENTIFIER CHANGED opt_separator statements opt_separator END WHENEVER
    (76) whenever_statement -> . WHENEVER subject IDENTIFIER BORN opt_separator statements opt_separator END WHENEVER
    (77) whenever_statement -> . WHENEVER subject IDENTIFIER opt_separator statements opt_separator END WHENEVER
    (80) remove_statement -> . REMOVE IDENTIFIER FROM WORLD
    (81) announce_statement -> . ANNOUNCE expression
    (82) world_remembers -> . THE_WORLD REMEMBERS fact_name AS expression
    (83) world_forgets -> . THE_WORLD FORGETS fact_name
    (84) save_world -> . SAVE THE_WORLD TO expression
    (85) restore_world -> . RESTORE THE_WORLD FROM expression
    (96) expression -> . STRING
    (97) expression -> . NUMBER
    (98) expression -> . attribute_path
    (99) expression -> . expression PLUS expression
    (100) expression -> . expression MINUS expression
    (101) expression -> . LPAREN expression_list RPAREN
    (102) expression -> . world_expr
    (50) attribute_path -> . IDENTIFIER
    (51) attribute_path -> . attribute_path IDENTIFIER
    (103) world_expr -> . THE_WORLD KNOWS fact_name
    (104) world_expr -> . THE_WORLDS IDENTIFIER CREATURES
    (105) world_expr -> . THE_WORLD COUNTS IDENTIFIER

    CLASS           shift and go to state 27
    CREATURE        shift and go to state 29
    CREATE          shift and go to state 30
    BRING           shift and go to state 32
    SET             shift and go to state 33
    GIVE            shift and go to state 35
    ATTACH          shift and go to state 36
    REPEAT          shift and go to state 37
    UNTIL           shift and go to state 38
    IF              shift and go to state 39
    WHEN            shift and go to state 40
    ASK             shift and go to state 41
    SAY             shift and go to state 43
    CALL            shift and go to state 44
    WHENEVER        shift and go to state 45
    REMOVE          shift and go to state 46
    ANNOUNCE        shift and go to state 47
    THE_WORLD       shift and go to state 48
    SAVE            shift and go to state 49
    RESTORE         shift and go to state 50
    STRING          shift and go to state 42
    NUMBER          shift and go to state 51
    LPAREN          shift and go to state 52
    IDENTIFIER      shift and go to state 28
    THE_WORLDS      shift and go to state 54

    statements                     shift and go to state 224
    statement_with_newline         shift and go to state 5
    statement                      shift and go to state 6
    class_definition               shift and go to state 7
    create_statement               shift and go to state 8
    set_statement                  shift and go to state 9
    attach_statement               shift and go to state 10
    repeat_statement               shift and go to state 11
    repeat_through_statement       shift and go to state 12
    until_statement                shift and go to state 13
    if_statement                   shift and go to state 14
    ask_statement                  shift and go to state 15
    say_statement                  shift and go to state 16
    call_statement                 shift and go to state 17
    knows_statement                shift and go to state 18
    forgets_statement              shift and go to state 19
    whenever_statement             shift and go to state 20
    remove_statement               shift and go to state 21
    announce_statement             shift and go to state 22
    world_remembers                shift and go to state 23
    world_forgets                  shift and go to state 24
    save_world                     shift and go to state 25
    restore_world                  shift and go to state 26
    expression                     shift and go to state 31
    attribute_path                 shift and go to state 34
    world_expr                     shift and go to state 53

state 198

    (77) whenever_statement -> WHENEVER subject IDENTIFIER opt_separator statements . opt_separator END WHENEVER
    (5) statements -> statements . statement_with_newline
    (11) opt_separator -> . separator
    (12) opt_separator -> .
    (7) statement_with_newline -> . statement separator
    (8) statement_with_newline -> . statement
    (9) separator -> . separator NEWLINE
    (10) separator -> . NEWLINE
    (13) statement -> . class_definition
    (14) statement -> . create_statement
    (15) statement -> . set_statement
    (16) statement -> . attach_statement
    (17) statement -> . repeat_statement
    (18) statement -> . repeat_through_statement
    (19) statement -> . until_statement
    (20) statement -> . if_statement
    (21) statement -> . ask_statement
    (22) statement -> . say_statement
    (23) statement -> . call_statement
    (24) statement -> . knows_statement
    (25) statement -> . forgets_statement
    (26) statement -> . whenever_statement
    (27) statement -> . remove_statement
    (28) statement -> . announce_statement
    (29) statement -> . world_remembers
    (30) statement -> . world_forgets
    (31) statement -> . save_world
    (32) statement -> . restore_world
    (33) class_definition -> . CLASS IDENTIFIER opt_separator class_body opt_separator END CLASS
    (34) class_definition -> . CLASS IDENTIFIER FROM IDENTIFIER opt_separator class_body opt_separator END CLASS
    (35) class_definition -> . CREATURE IDENTIFIER opt_separator class_body opt_separator END CREATURE
    (36) class_definition -> . CREATURE IDENTIFIER FROM IDENTIFIER opt_separator class_body opt_separator END CREATURE
    (52) create_statement -> . CREATE IDENTIFIER IDENTIFIER WITH expression
    (53) create_statement -> . CREATE IDENTIFIER IDENTIFIER
    (54) create_statement -> . BRING IDENTIFIER TO LIFE AS IDENTIFIER WITH expression
    (55) create_statement -> . BRING IDENTIFIER TO LIFE AS IDENTIFIER
    (56) set_statement -> . SET attribute_path TO expression
    (57) set_statement -> . GIVE attribute_path IDENTIFIER TRAIT IDENTIFIER TO expression
    (58) set_statement -> . GIVE attribute_path TRAIT IDENTIFIER TO expression
    (59) attach_statement -> . ATTACH expression TO expression
    (60) repeat_statement -> . REPEAT expression TIMES opt_separator statements opt_separator END REPEAT
    (61) repeat_through_statement -> . REPEAT THROUGH expression AS attribute_path opt_separator statements opt_separator END REPEAT
    (62) until_statement -> . UNTIL condition opt_separator statements opt_separator END UNTIL
    (63) if_statement -> . IF condition opt_separator statements opt_separator ELSE opt_separator statements opt_separator END IF
    (64) if_statement -> . IF condition opt_separator statements opt_separator END IF
    (65) if_statement -> . WHEN condition opt_separator statements opt_separator OTHERWISE opt_separator statements opt_separator END WHEN
    (66) if_statement -> . WHEN condition opt_separator statements opt_separator END WHEN
    (67) ask_statement -> . ASK STRING
    (68) say_statement -> . SAY expression
    (69) call_statement -> . CALL attribute_path
    (70) call_statement -> . expression DOES action_name
    (71) knows_statement -> . expression KNOWS expression
    (72) knows_statement -> . expression KNOWS expression AS IDENTIFIER
    (73) forgets_statement -> . expression FORGETS IDENTIFIER
    (74) whenever_statement -> . WHENEVER subject DOES action_name opt_separator statements opt_separator END WHENEVER
    (75) whenever_statement -> . WHENEVER subject GETS TRAIT IDENTIFIER CHANGED opt_separator statements opt_separator END WHENEVER
    (76) whenever_statement -> . WHENEVER subject IDENTIFIER BORN opt_separator statements opt_separator END WHENEVER
    (77) whenever_statement -> . WHENEVER subject IDENTIFIER opt_separator statements opt_separator END WHENEVER
    (80) remove_statement -> . REMOVE IDENTIFIER FROM WORLD
    (81) announce_statement -> . ANNOUNCE expression
    (82) world_remembers -> . THE_WORLD REMEMBERS fact_name AS expression
    (83) world_forgets -> . THE_WORLD FORGETS fact_name
    (84) save_world -> . SAVE THE_WORLD TO expression
    (85) restore_world -> . RESTORE THE_WORLD FROM expression
    (96) expression -> . STRING
    (97) expression -> . NUMBER
    (98) expression -> . attribute_path
    (99) expression -> . expression PLUS expression
    (100) expression -> . expression MINUS expression
    (101) expression -> . LPAREN expression_list RPAREN
    (102) expression -> . world_expr
    (50) attribute_path -> . IDENTIFIER
    (51) attribute_path -> . attribute_path IDENTIFIER
    (103) world_expr -> . THE_WORLD KNOWS fact_name
    (104) world_expr -> . THE_WORLDS IDENTIFIER CREATURES
    (105) world_expr -> . THE_WORLD COUNTS IDENTIFIER

    END             reduce using rule 12 (opt_separator -> .)
    NEWLINE         shift and go to state 57
    CLASS           shift and go to state 27
    CREATURE        shift and go to state 29
    CREATE          shift and go to state 30
    BRING           shift and go to state 32
    SET             shift and go to state 33
    GIVE            shift and go to state 35
    ATTACH          shift and go to state 36
    REPEAT          shift and go to state 37
    UNTIL           shift and go to state 38
    IF              shift and go to state 39
    WHEN            shift and go to state 40
    ASK             shift and go to state 41
    SAY             shift and go to state 43
    CALL            shift and go to state 44
    WHENEVER        shift and go to state 45
    REMOVE          shift and go to state 46
    ANNOUNCE        shift and go to state 47
    THE_WORLD       shift and go to state 48
    SAVE            shift and go to state 49
    RESTORE         shift and go to state 50
    STRING          shift and go to state 42
    NUMBER          shift and go to state 51
    LPAREN          shift and go to state 52
    IDENTIFIER      shift and go to state 28
    THE_WORLDS      shift and go to state 54

    opt_separator                  shift and go to state 225
    statement_with_newline         shift and go to state 55
    separator                      shift and go to state 98
    statement                      shift and go to state 6
    class_definition               shift and go to state 7
    create_statement               shift and go to state 8
    set_statement                  shift and go to state 9
    attach_statement               shift and go to state 10
    repeat_statement               shift and go to state 11
    repeat_through_statement       shift and go to state 12
    until_statement                shift and go to state 13
    if_statement                   shift and go to state 14
    ask_statement                  shift and go to state 15
    say_statement                  shift and go to state 16
    call_statement                 shift and go to state 17
    knows_statement                shift and go to state 18
    forgets_statement              shift and go to state 19
    whenever_statement             shift and go to state 20
    remove_statement               shift and go to state 21
    announce_statement             shift and go to state 22
    world_remembers                shift and go to state 23
    world_forgets                  shift and go to state 24
    save_world                     shift and go to state 25
    restore_world                  shift and go to state 26
    expression                     shift and go to state 31
    attribute_path                 shift and go to state 34
    world_expr                     shift and go to state 53

state 199

    (82) world_remembers -> THE_WORLD REMEMBERS fact_name AS expression .
    (99) expression -> expression . PLUS expression
    (100) expression -> expression . MINUS expression

    NEWLINE         reduce using rule 82 (world_remembers -> THE_WORLD REMEMBERS fact_name AS expression .)
    CLASS           reduce using rule 82 (world_remembers -> THE_WORLD REMEMBERS fact_name AS expression .)
    CREATURE        reduce using rule 82 (world_remembers -> THE_WORLD REMEMBERS fact_name AS expression .)
    CREATE          reduce using rule 82 (world_remembers -> THE_WORLD REMEMBERS fact_name AS expression .)
    BRING           reduce using rule 82 (world_remembers -> THE_WORLD REMEMBERS fact_name AS expression .)
    SET             reduce using rule 82 (world_remembers -> THE_WORLD REMEMBERS fact_name AS expression .)
    GIVE            reduce using rule 82 (world_remembers -> THE_WORLD REMEMBERS fact_name AS expression .)
    ATTACH          reduce using rule 82 (world_remembers -> THE_WORLD REMEMBERS fact_name AS expression .)
    REPEAT          reduce using rule 82 (world_remembers -> THE_WORLD REMEMBERS fact_name AS expression .)
    UNTIL           reduce using rule 82 (world_remembers -> THE_WORLD REMEMBERS fact_name AS expression .)
    IF              reduce using rule 82 (world_remembers -> THE_WORLD REMEMBERS fact_name AS expression .)
    WHEN            reduce using rule 82 (world_remembers -> THE_WORLD REMEMBERS fact_name AS expression .)
    ASK             reduce using rule 82 (world_remembers -> THE_WORLD REMEMBERS fact_name AS expression .)
    SAY             reduce using rule 82 (world_remembers -> THE_WORLD REMEMBERS fact_name AS expression .)
    CALL            reduce using rule 82 (world_remembers -> THE_WORLD REMEMBERS fact_name AS expression .)
    WHENEVER        reduce using rule 82 (world_remembers -> THE_WORLD REMEMBERS fact_name AS expression .)
    REMOVE          reduce using rule 82 (world_remembers -> THE_WORLD REMEMBERS fact_name AS expression .)
    ANNOUNCE        reduce using rule 82 (world_remembers -> THE_WORLD REMEMBERS fact_name AS expression .)
    THE_WORLD       reduce using rule 82 (world_remembers -> THE_WORLD REMEMBERS fact_name AS expression .)
    SAVE            reduce using rule 82 (world_remembers -> THE_WORLD REMEMBERS fact_name AS expression .)
    RESTORE         reduce using rule 82 (world_remembers -> THE_WORLD REMEMBERS fact_name AS expression .)
    STRING          reduce using rule 82 (world_remembers -> THE_WORLD REMEMBERS fact_name AS expression .)
    NUMBER          reduce using rule 82 (world_remembers -> THE_WORLD REMEMBERS fact_name AS expression .)
    LPAREN          reduce using rule 82 (world_remembers -> THE_WORLD REMEMBERS fact_name AS expression .)
    IDENTIFIER      reduce using rule 82 (world_remembers -> THE_WORLD REMEMBERS fact_name AS expression .)
    THE_WORLDS      reduce using rule 82 (world_remembers -> THE_WORLD REMEMBERS fact_name AS expression .)
    $end            reduce using rule 82 (world_remembers -> THE_WORLD REMEMBERS fact_name AS expression .)
    END             reduce using rule 82 (world_remembers -> THE_WORLD REMEMBERS fact_name AS expression .)
    ELSE            reduce using rule 82 (world_remembers -> THE_WORLD REMEMBERS fact_name AS expression .)
    OTHERWISE       reduce using rule 82 (world_remembers -> THE_WORLD REMEMBERS fact_name AS expression .)
    PLUS            shift and go to state 64
    MINUS           shift and go to state 65


state 200

    (33) class_definition -> CLASS IDENTIFIER opt_separator class_body opt_separator END . CLASS

    CLASS           shift and go to state 226


state 201

    (37) class_body -> class_body separator class_member .

    NEWLINE         reduce using rule 37 (class_body -> class_body separator class_member .)
    END             reduce using rule 37 (class_body -> class_body separator class_member .)


state 202

    (41) constructor -> CREATE WITH LPAREN . parameters RPAREN opt_separator statements opt_separator END CREATE
    (48) parameters -> . parameters IDENTIFIER
    (49) parameters -> . IDENTIFIER

    IDENTIFIER      shift and go to state 228

    parameters                     shift and go to state 227

state 203

    (42) constructor -> WHEN BORN WITH . LPAREN parameters RPAREN opt_separator statements opt_separator END BORN

    LPAREN          shift and go to state 229


state 204

    (43) constructor -> WHEN BORN opt_separator . statements opt_separator END BORN
    (5) statements -> . statements statement_with_newline
    (6) statements -> . statement_with_newline
    (7) statement_with_newline -> . statement separator
    (8) statement_with_newline -> . statement
    (13) statement -> . class_definition
    (14) statement -> . create_statement
    (15) statement -> . set_statement
    (16) statement -> . attach_statement
    (17) statement -> . repeat_statement
    (18) statement -> . repeat_through_statement
    (19) statement -> . until_statement
    (20) statement -> . if_statement
    (21) statement -> . ask_statement
    (22) statement -> . say_statement
    (23) statement -> . call_statement
    (24) statement -> . knows_statement
    (25) statement -> . forgets_statement
    (26) statement -> . whenever_statement
    (27) statement -> . remove_statement
    (28) statement -> . announce_statement
    (29) statement -> . world_remembers
    (30) statement -> . world_forgets
    (31) statement -> . save_world
    (32) statement -> . restore_world
    (33) class_definition -> . CLASS IDENTIFIER opt_separator class_body opt_separator END CLASS
    (34) class_definition -> . CLASS IDENTIFIER FROM IDENTIFIER opt_separator class_body opt_separator END CLASS
    (35) class_definition -> . CREATURE IDENTIFIER opt_separator class_body opt_separator END CREATURE
    (36) class_definition -> . CREATURE IDENTIFIER FROM IDENTIFIER opt_separator class_body opt_separator END CREATURE
    (52) create_statement -> . CREATE IDENTIFIER IDENTIFIER WITH expression
    (53) create_statement -> . CREATE IDENTIFIER IDENTIFIER
    (54) create_statement -> . BRING IDENTIFIER TO LIFE AS IDENTIFIER WITH expression
    (55) create_statement -> . BRING IDENTIFIER TO LIFE AS IDENTIFIER
    (56) set_statement -> . SET attribute_path TO expression
    (57) set_statement -> . GIVE attribute_path IDENTIFIER TRAIT IDENTIFIER TO expression
    (58) set_statement -> . GIVE attribute_path TRAIT IDENTIFIER TO expression
    (59) attach_statement -> . ATTACH expression TO expression
    (60) repeat_statement -> . REPEAT expression TIMES opt_separator statements opt_separator END REPEAT
    (61) repeat_through_statement -> . REPEAT THROUGH expression AS attribute_path opt_separator statements opt_separator END REPEAT
    (62) until_statement -> . UNTIL condition opt_separator statements opt_separator END UNTIL
    (63) if_statement -> . IF condition opt_separator statements opt_separator ELSE opt_separator statements opt_separator END IF
    (64) if_statement -> . IF condition opt_separator statements opt_separator END IF
    (65) if_statement -> . WHEN condition opt_separator statements opt_separator OTHERWISE opt_separator statements opt_separator END WHEN
    (66) if_statement -> . WHEN condition opt_separator statements opt_separator END WHEN
    (67) ask_statement -> . ASK STRING
    (68) say_statement -> . SAY expression
    (69) call_statement -> . CALL attribute_path
    (70) call_statement -> . expression DOES action_name
    (71) knows_statement -> . expression KNOWS expression
    (72) knows_statement -> . expression KNOWS expression AS IDENTIFIER
    (73) forgets_statement -> . expression FORGETS IDENTIFIER
    (74) whenever_statement -> . WHENEVER subject DOES action_name opt_separator statements opt_separator END WHENEVER
    (75) whenever_statement -> . WHENEVER subject GETS TRAIT IDENTIFIER CHANGED opt_separator statements opt_separator END WHENEVER
    (76) whenever_statement -> . WHENEVER subject IDENTIFIER BORN opt_separator statements opt_separator END WHENEVER
    (77) whenever_statement -> . WHENEVER subject IDENTIFIER opt_separator statements opt_separator END WHENEVER
    (80) remove_statement -> . REMOVE IDENTIFIER FROM WORLD
    (81) announce_statement -> . ANNOUNCE expression
    (82) world_remembers -> . THE_WORLD REMEMBERS fact_name AS expression
    (83) world_forgets -> . THE_WORLD FORGETS fact_name
    (84) save_world -> . SAVE THE_WORLD TO expression
    (85) restore_world -> . RESTORE THE_WORLD FROM expression
    (96) expression -> . STRING
    (97) expression -> . NUMBER
    (98) expression -> . attribute_path
    (99) expression -> . expression PLUS expression
    (100) expression -> . expression MINUS expression
    (101) expression -> . LPAREN expression_list RPAREN
    (102) expression -> . world_expr
    (50) attribute_path -> . IDENTIFIER
    (51) attribute_path -> . attribute_path IDENTIFIER
    (103) world_expr -> . THE_WORLD KNOWS fact_name
    (104) world_expr -> . THE_WORLDS IDENTIFIER CREATURES
    (105) world_expr -> . THE_WORLD COUNTS IDENTIFIER

    CLASS           shift and go to state 27
    CREATURE        shift and go to state 29
    CREATE          shift and go to state 30
    BRING           shift and go to state 32
    SET             shift and go to state 33
    GIVE            shift and go to state 35
    ATTACH          shift and go to state 36
    REPEAT          shift and go to state 37
    UNTIL           shift and go to state 38
    IF              shift and go to state 39
    WHEN            shift and go to state 40
    ASK             shift and go to state 41
    SAY             shift and go to state 43
    CALL            shift and go to state 44
    WHENEVER        shift and go to state 45
    REMOVE          shift and go to state 46
    ANNOUNCE        shift and go to state 47
    THE_WORLD       shift and go to state 48
    SAVE            shift and go to state 49
    RESTORE         shift and go to state 50
    STRING          shift and go to state 42
    NUMBER          shift and go to state 51
    LPAREN          shift and go to state 52
    IDENTIFIER      shift and go to state 28
    THE_WORLDS      shift and go to state 54

    statements                     shift and go to state 230
    statement_with_newline         shift and go to state 5
    statement                      shift and go to state 6
    class_definition               shift and go to state 7
    create_statement               shift and go to state 8
    set_statement                  shift and go to state 9
    attach_statement               shift and go to state 10
    repeat_statement               shift and go to state 11
    repeat_through_statement       shift and go to state 12
    until_statement                shift and go to state 13
    if_statement                   shift and go to state 14
    ask_statement                  shift and go to state 15
    say_statement                  shift and go to state 16
    call_statement                 shift and go to state 17
    knows_statement                shift and go to state 18
    forgets_statement              shift and go to state 19
    whenever_statement             shift and go to state 20
    remove_statement               shift and go to state 21
    announce_statement             shift and go to state 22
    world_remembers                shift and go to state 23
    world_forgets                  shift and go to state 24
    save_world                     shift and go to state 25
    restore_world                  shift and go to state 26
    expression                     shift and go to state 31
    attribute_path                 shift and go to state 34
    world_expr                     shift and go to state 53

state 205

    (44) method -> METHOD IDENTIFIER opt_separator . statements opt_separator END METHOD
    (5) statements -> . statements statement_with_newline
    (6) statements -> . statement_with_newline
    (7) statement_with_newline -> . statement separator
    (8) statement_with_newline -> . statement
    (13) statement -> . class_definition
    (14) statement -> . create_statement
    (15) statement -> . set_statement
    (16) statement -> . attach_statement
    (17) statement -> . repeat_statement
    (18) statement -> . repeat_through_statement
    (19) statement -> . until_statement
    (20) statement -> . if_statement
    (21) statement -> . ask_statement
    (22) statement -> . say_statement
    (23) statement -> . call_statement
    (24) statement -> . knows_statement
    (25) statement -> . forgets_statement
    (26) statement -> . whenever_statement
    (27) statement -> . remove_statement
    (28) statement -> . announce_statement
    (29) statement -> . world_remembers
    (30) statement -> . world_forgets
    (31) statement -> . save_world
    (32) statement -> . restore_world
    (33) class_definition -> . CLASS IDENTIFIER opt_separator class_body opt_separator END CLASS
    (34) class_definition -> . CLASS IDENTIFIER FROM IDENTIFIER opt_separator class_body opt_separator END CLASS
    (35) class_definition -> . CREATURE IDENTIFIER opt_separator class_body opt_separator END CREATURE
    (36) class_definition -> . CREATURE IDENTIFIER FROM IDENTIFIER opt_separator class_body opt_separator END CREATURE
    (52) create_statement -> . CREATE IDENTIFIER IDENTIFIER WITH expression
    (53) create_statement -> . CREATE IDENTIFIER IDENTIFIER
    (54) create_statement -> . BRING IDENTIFIER TO LIFE AS IDENTIFIER WITH expression
    (55) create_statement -> . BRING IDENTIFIER TO LIFE AS IDENTIFIER
    (56) set_statement -> . SET attribute_path TO expression
    (57) set_statement -> . GIVE attribute_path IDENTIFIER TRAIT IDENTIFIER TO expression
    (58) set_statement -> . GIVE attribute_path TRAIT IDENTIFIER TO expression
    (59) attach_statement -> . ATTACH expression TO expression
    (60) repeat_statement -> . REPEAT expression TIMES opt_separator statements opt_separator END REPEAT
    (61) repeat_through_statement -> . REPEAT THROUGH expression AS attribute_path opt_separator statements opt_separator END REPEAT
    (62) until_statement -> . UNTIL condition opt_separator statements opt_separator END UNTIL
    (63) if_statement -> . IF condition opt_separator statements opt_separator ELSE opt_separator statements opt_separator END IF
    (64) if_statement -> . IF condition opt_separator statements opt_separator END IF
    (65) if_statement -> . WHEN condition opt_separator statements opt_separator OTHERWISE opt_separator statements opt_separator END WHEN
    (66) if_statement -> . WHEN condition opt_separator statements opt_separator END WHEN
    (67) ask_statement -> . ASK STRING
    (68) say_statement -> . SAY expression
    (69) call_statement -> . CALL attribute_path
    (70) call_statement -> . expression DOES action_name
    (71) knows_statement -> . expression KNOWS expression
    (72) knows_statement -> . expression KNOWS expression AS IDENTIFIER
    (73) forgets_statement -> . expression FORGETS IDENTIFIER
    (74) whenever_statement -> . WHENEVER subject DOES action_name opt_separator statements opt_separator END WHENEVER
    (75) whenever_statement -> . WHENEVER subject GETS TRAIT IDENTIFIER CHANGED opt_separator statements opt_separator END WHENEVER
    (76) whenever_statement -> . WHENEVER subject IDENTIFIER BORN opt_separator statements opt_separator END WHENEVER
    (77) whenever_statement -> . WHENEVER subject IDENTIFIER opt_separator statements opt_separator END WHENEVER
    (80) remove_statement -> . REMOVE IDENTIFIER FROM WORLD
    (81) announce_statement -> . ANNOUNCE expression
    (82) world_remembers -> . THE_WORLD REMEMBERS fact_name AS expression
    (83) world_forgets -> . THE_WORLD FORGETS fact_name
    (84) save_world -> . SAVE THE_WORLD TO expression
    (85) restore_world -> . RESTORE THE_WORLD FROM expression
    (96) expression -> . STRING
    (97) expression -> . NUMBER
    (98) expression -> . attribute_path
    (99) expression -> . expression PLUS expression
    (100) expression -> . expression MINUS expression
    (101) expression -> . LPAREN expression_list RPAREN
    (102) expression -> . world_expr
    (50) attribute_path -> . IDENTIFIER
    (51) attribute_path -> . attribute_path IDENTIFIER
    (103) world_expr -> . THE_WORLD KNOWS fact_name
    (104) world_expr -> . THE_WORLDS IDENTIFIER CREATURES
    (105) world_expr -> . THE_WORLD COUNTS IDENTIFIER

    CLASS           shift and go to state 27
    CREATURE        shift and go to state 29
    CREATE          shift and go to state 30
    BRING           shift and go to state 32
    SET             shift and go to state 33
    GIVE            shift and go to state 35
    ATTACH          shift and go to state 36
    REPEAT          shift and go to state 37
    UNTIL           shift and go to state 38
    IF              shift and go to state 39
    WHEN            shift and go to state 40
    ASK             shift and go to state 41
    SAY             shift and go to state 43
    CALL            shift and go to state 44
    WHENEVER        shift and go to state 45
    REMOVE          shift and go to state 46
    ANNOUNCE        shift and go to state 47
    THE_WORLD       shift and go to state 48
    SAVE            shift and go to state 49
    RESTORE         shift and go to state 50
    STRING          shift and go to state 42
    NUMBER          shift and go to state 51
    LPAREN          shift and go to state 52
    IDENTIFIER      shift and go to state 28
    THE_WORLDS      shift and go to state 54

    statements                     shift and go to state 231
    statement_with_newline         shift and go to state 5
    statement                      shift and go to state 6
    class_definition               shift and go to state 7
    create_statement               shift and go to state 8
    set_statement                  shift and go to state 9
    attach_statement               shift and go to state 10
    repeat_statement               shift and go to state 11
    repeat_through_statement       shift and go to state 12
    until_statement                shift and go to state 13
    if_statement                   shift and go to state 14
    ask_statement                  shift and go to state 15
    say_statement                  shift and go to state 16
    call_statement                 shift and go to state 17
    knows_statement                shift and go to state 18
    forgets_statement              shift and go to state 19
    whenever_statement             shift and go to state 20
    remove_statement               shift and go to state 21
    announce_statement             shift and go to state 22
    world_remembers                shift and go to state 23
    world_forgets                  shift and go to state 24
    save_world                     shift and go to state 25
    restore_world                  shift and go to state 26
    expression                     shift and go to state 31
    attribute_path                 shift and go to state 34
    world_expr                     shift and go to state 53

state 206

    (45) method -> ACTION action_name opt_separator . statements opt_separator END ACTION
    (5) statements -> . statements statement_with_newline
    (6) statements -> . statement_with_newline
    (7) statement_with_newline -> . statement separator
    (8) statement_with_newline -> . statement
    (13) statement -> . class_definition
    (14) statement -> . create_statement
    (15) statement -> . set_statement
    (16) statement -> . attach_statement
    (17) statement -> . repeat_statement
    (18) statement -> . repeat_through_statement
    (19) statement -> . until_statement
    (20) statement -> . if_statement
    (21) statement -> . ask_statement
    (22) statement -> . say_statement
    (23) statement -> . call_statement
    (24) statement -> . knows_statement
    (25) statement -> . forgets_statement
    (26) statement -> . whenever_statement
    (27) statement -> . remove_statement
    (28) statement -> . announce_statement
    (29) statement -> . world_remembers
    (30) statement -> . world_forgets
    (31) statement -> . save_world
    (32) statement -> . restore_world
    (33) class_definition -> . CLASS IDENTIFIER opt_separator class_body opt_separator END CLASS
    (34) class_definition -> . CLASS IDENTIFIER FROM IDENTIFIER opt_separator class_body opt_separator END CLASS
    (35) class_definition -> . CREATURE IDENTIFIER opt_separator class_body opt_separator END CREATURE
    (36) class_definition -> . CREATURE IDENTIFIER FROM IDENTIFIER opt_separator class_body opt_separator END CREATURE
    (52) create_statement -> . CREATE IDENTIFIER IDENTIFIER WITH expression
    (53) create_statement -> . CREATE IDENTIFIER IDENTIFIER
    (54) create_statement -> . BRING IDENTIFIER TO LIFE AS IDENTIFIER WITH expression
    (55) create_statement -> . BRING IDENTIFIER TO LIFE AS IDENTIFIER
    (56) set_statement -> . SET attribute_path TO expression
    (57) set_statement -> . GIVE attribute_path IDENTIFIER TRAIT IDENTIFIER TO expression
    (58) set_statement -> . GIVE attribute_path TRAIT IDENTIFIER TO expression
    (59) attach_statement -> . ATTACH expression TO expression
    (60) repeat_statement -> . REPEAT expression TIMES opt_separator statements opt_separator END REPEAT
    (61) repeat_through_statement -> . REPEAT THROUGH expression AS attribute_path opt_separator statements opt_separator END REPEAT
    (62) until_statement -> . UNTIL condition opt_separator statements opt_separator END UNTIL
    (63) if_statement -> . IF condition opt_separator statements opt_separator ELSE opt_separator statements opt_separator END IF
    (64) if_statement -> . IF condition opt_separator statements opt_separator END IF
    (65) if_statement -> . WHEN condition opt_separator statements opt_separator OTHERWISE opt_separator statements opt_separator END WHEN
    (66) if_statement -> . WHEN condition opt_separator statements opt_separator END WHEN
    (67) ask_statement -> . ASK STRING
    (68) say_statement -> . SAY expression
    (69) call_statement -> . CALL attribute_path
    (70) call_statement -> . expression DOES action_name
    (71) knows_statement -> . expression KNOWS expression
    (72) knows_statement -> . expression KNOWS expression AS IDENTIFIER
    (73) forgets_statement -> . expression FORGETS IDENTIFIER
    (74) whenever_statement -> . WHENEVER subject DOES action_name opt_separator statements opt_separator END WHENEVER
    (75) whenever_statement -> . WHENEVER subject GETS TRAIT IDENTIFIER CHANGED opt_separator statements opt_separator END WHENEVER
    (76) whenever_statement -> . WHENEVER subject IDENTIFIER BORN opt_separator statements opt_separator END WHENEVER
    (77) whenever_statement -> . WHENEVER subject IDENTIFIER opt_separator statements opt_separator END WHENEVER
    (80) remove_statement -> . REMOVE IDENTIFIER FROM WORLD
    (81) announce_statement -> . ANNOUNCE expression
    (82) world_remembers -> . THE_WORLD REMEMBERS fact_name AS expression
    (83) world_forgets -> . THE_WORLD FORGETS fact_name
    (84) save_world -> . SAVE THE_WORLD TO expression
    (85) restore_world -> . RESTORE THE_WORLD FROM expression
    (96) expression -> . STRING
    (97) expression -> . NUMBER
    (98) expression -> . attribute_path
    (99) expression -> . expression PLUS expression
    (100) expression -> . expression MINUS expression
    (101) expression -> . LPAREN expression_list RPAREN
    (102) expression -> . world_expr
    (50) attribute_path -> . IDENTIFIER
    (51) attribute_path -> . attribute_path IDENTIFIER
    (103) world_expr -> . THE_WORLD KNOWS fact_name
    (104) world_expr -> . THE_WORLDS IDENTIFIER CREATURES
    (105) world_expr -> . THE_WORLD COUNTS IDENTIFIER

    CLASS           shift and go to state 27
    CREATURE        shift and go to state 29
    CREATE          shift and go to state 30
    BRING           shift and go to state 32
    SET             shift and go to state 33
    GIVE            shift and go to state 35
    ATTACH          shift and go to state 36
    REPEAT          shift and go to state 37
    UNTIL           shift and go to state 38
    IF              shift and go to state 39
    WHEN            shift and go to state 40
    ASK             shift and go to state 41
    SAY             shift and go to state 43
    CALL            shift and go to state 44
    WHENEVER        shift and go to state 45
    REMOVE          shift and go to state 46
    ANNOUNCE        shift and go to state 47
    THE_WORLD       shift and go to state 48
    SAVE            shift and go to state 49
    RESTORE         shift and go to state 50
    STRING          shift and go to state 42
    NUMBER          shift and go to state 51
    LPAREN          shift and go to state 52
    IDENTIFIER      shift and go to state 28
    THE_WORLDS      shift and go to state 54

    statements                     shift and go to state 232
    statement_with_newline         shift and go to state 5
    statement                      shift and go to state 6
    class_definition               shift and go to state 7
    create_statement               shift and go to state 8
    set_statement                  shift and go to state 9
    attach_statement               shift and go to state 10
    repeat_statement               shift and go to state 11
    repeat_through_statement       shift and go to state 12
    until_statement                shift and go to state 13
    if_statement                   shift and go to state 14
    ask_statement                  shift and go to state 15
    say_statement                  shift and go to state 16
    call_statement                 shift and go to state 17
    knows_statement                shift and go to state 18
    forgets_statement              shift and go to state 19
    whenever_statement             shift and go to state 20
    remove_statement               shift and go to state 21
    announce_statement             shift and go to state 22
    world_remembers                shift and go to state 23
    world_forgets                  shift and go to state 24
    save_world                     shift and go to state 25
    restore_world                  shift and go to state 26
    expression                     shift and go to state 31
    attribute_path                 shift and go to state 34
    world_expr                     shift and go to state 53

state 207

    (34) class_definition -> CLASS IDENTIFIER FROM IDENTIFIER opt_separator class_body . opt_separator END CLASS
    (37) class_body -> class_body . separator class_member
    (11) opt_separator -> . separator
    (12) opt_separator -> .
    (9) separator -> . separator NEWLINE
    (10) separator -> . NEWLINE

    END             reduce using rule 12 (opt_separator -> .)
    NEWLINE         shift and go to state 57

    opt_separator                  shift and go to state 233
    separator                      shift and go to state 175

state 208

    (35) class_definition -> CREATURE IDENTIFIER opt_separator class_body opt_separator END . CREATURE

    CREATURE        shift and go to state 234


state 209

    (36) class_definition -> CREATURE IDENTIFIER FROM IDENTIFIER opt_separator class_body . opt_separator END CREATURE
    (37) class_body -> class_body . separator class_member
    (11) opt_separator -> . separator
    (12) opt_separator -> .
    (9) separator -> . separator NEWLINE
    (10) separator -> . NEWLINE

    END             reduce using rule 12 (opt_separator -> .)
    NEWLINE         shift and go to state 57

    opt_separator                  shift and go to state 235
    separator                      shift and go to state 175

state 210

    (54) create_statement -> BRING IDENTIFIER TO LIFE AS IDENTIFIER . WITH expression
    (55) create_statement -> BRING IDENTIFIER TO LIFE AS IDENTIFIER .

    WITH            shift and go to state 236
    NEWLINE         reduce using rule 55 (create_statement -> BRING IDENTIFIER TO LIFE AS IDENTIFIER .)
    CLASS           reduce using rule 55 (create_statement -> BRING IDENTIFIER TO LIFE AS IDENTIFIER .)
    CREATURE        reduce using rule 55 (create_statement -> BRING IDENTIFIER TO LIFE AS IDENTIFIER .)
    CREATE          reduce using rule 55 (create_statement -> BRING IDENTIFIER TO LIFE AS IDENTIFIER .)
    BRING           reduce using rule 55 (create_statement -> BRING IDENTIFIER TO LIFE AS IDENTIFIER .)
    SET             reduce using rule 55 (create_statement -> BRING IDENTIFIER TO LIFE AS IDENTIFIER .)
    GIVE            reduce using rule 55 (create_statement -> BRING IDENTIFIER TO LIFE AS IDENTIFIER .)
    ATTACH          reduce using rule 55 (create_statement -> BRING IDENTIFIER TO LIFE AS IDENTIFIER .)
    REPEAT          reduce using rule 55 (create_statement -> BRING IDENTIFIER TO LIFE AS IDENTIFIER .)
    UNTIL           reduce using rule 55 (create_statement -> BRING IDENTIFIER TO LIFE AS IDENTIFIER .)
    IF              reduce using rule 55 (create_statement -> BRING IDENTIFIER TO LIFE AS IDENTIFIER .)
    WHEN            reduce using rule 55 (create_statement -> BRING IDENTIFIER TO LIFE AS IDENTIFIER .)
    ASK             reduce using rule 55 (create_statement -> BRING IDENTIFIER TO LIFE AS IDENTIFIER .)
    SAY             reduce using rule 55 (create_statement -> BRING IDENTIFIER TO LIFE AS IDENTIFIER .)
    CALL            reduce using rule 55 (create_statement -> BRING IDENTIFIER TO LIFE AS IDENTIFIER .)
    WHENEVER        reduce using rule 55 (create_statement -> BRING IDENTIFIER TO LIFE AS IDENTIFIER .)
    REMOVE          reduce using rule 55 (create_statement -> BRING IDENTIFIER TO LIFE AS IDENTIFIER .)
    ANNOUNCE        reduce using rule 55 (create_statement -> BRING IDENTIFIER TO LIFE AS IDENTIFIER .)
    THE_WORLD       reduce using rule 55 (create_statement -> BRING IDENTIFIER TO LIFE AS IDENTIFIER .)
    SAVE            reduce using rule 55 (create_statement -> BRING IDENTIFIER TO LIFE AS IDENTIFIER .)
    RESTORE         reduce using rule 55 (create_statement -> BRING IDENTIFIER TO LIFE AS IDENTIFIER .)
    STRING          reduce using rule 55 (create_statement -> BRING IDENTIFIER TO LIFE AS IDENTIFIER .)
    NUMBER          reduce using rule 55 (create_statement -> BRING IDENTIFIER TO LIFE AS IDENTIFIER .)
    LPAREN          reduce using rule 55 (create_statement -> BRING IDENTIFIER TO LIFE AS IDENTIFIER .)
    IDENTIFIER      reduce using rule 55 (create_statement -> BRING IDENTIFIER TO LIFE AS IDENTIFIER .)
    THE_WORLDS      reduce using rule 55 (create_statement -> BRING IDENTIFIER TO LIFE AS IDENTIFIER .)
    $end            reduce using rule 55 (create_statement -> BRING IDENTIFIER TO LIFE AS IDENTIFIER .)
    END             reduce using rule 55 (create_statement -> BRING IDENTIFIER TO LIFE AS IDENTIFIER .)
    ELSE            reduce using rule 55 (create_statement -> BRING IDENTIFIER TO LIFE AS IDENTIFIER .)
    OTHERWISE       reduce using rule 55 (create_statement -> BRING IDENTIFIER TO LIFE AS IDENTIFIER .)


state 211

    (57) set_statement -> GIVE attribute_path IDENTIFIER TRAIT IDENTIFIER TO . expression
    (96) expression -> . STRING
    (97) expression -> . NUMBER
    (98) expression -> . attribute_path
    (99) expression -> . expression PLUS expression
    (100) expression -> . expression MINUS expression
    (101) expression -> . LPAREN expression_list RPAREN
    (102) expression -> . world_expr
    (50) attribute_path -> . IDENTIFIER
    (51) attribute_path -> . attribute_path IDENTIFIER
    (103) world_expr -> . THE_WORLD KNOWS fact_name
    (104) world_expr -> . THE_WORLDS IDENTIFIER CREATURES
    (105) world_expr -> . THE_WORLD COUNTS IDENTIFIER

    STRING          shift and go to state 42
    NUMBER          shift and go to state 51
    LPAREN          shift and go to state 52
    IDENTIFIER      shift and go to state 28
    THE_WORLD       shift and go to state 71
    THE_WORLDS      shift and go to state 54

    attribute_path                 shift and go to state 34
    expression                     shift and go to state 237
    world_expr                     shift and go to state 53

state 212

    (58) set_statement -> GIVE attribute_path TRAIT IDENTIFIER TO expression .
    (99) expression -> expression . PLUS expression
    (100) expression -> expression . MINUS expression

    NEWLINE         reduce using rule 58 (set_statement -> GIVE attribute_path TRAIT IDENTIFIER TO expression .)
    CLASS           reduce using rule 58 (set_statement -> GIVE attribute_path TRAIT IDENTIFIER TO expression .)
    CREATURE        reduce using rule 58 (set_statement -> GIVE attribute_path TRAIT IDENTIFIER TO expression .)
    CREATE          reduce using rule 58 (set_statement -> GIVE attribute_path TRAIT IDENTIFIER TO expression .)
    BRING           reduce using rule 58 (set_statement -> GIVE attribute_path TRAIT IDENTIFIER TO expression .)
    SET             reduce using rule 58 (set_statement -> GIVE attribute_path TRAIT IDENTIFIER TO expression .)
    GIVE            reduce using rule 58 (set_statement -> GIVE attribute_path TRAIT IDENTIFIER TO expression .)
    ATTACH          reduce using rule 58 (set_statement -> GIVE attribute_path TRAIT IDENTIFIER TO expression .)
    REPEAT          reduce using rule 58 (set_statement -> GIVE attribute_path TRAIT IDENTIFIER TO expression .)
    UNTIL           reduce using rule 58 (set_statement -> GIVE attribute_path TRAIT IDENTIFIER TO expression .)
    IF              reduce using rule 58 (set_statement -> GIVE attribute_path TRAIT IDENTIFIER TO expression .)
    WHEN            reduce using rule 58 (set_statement -> GIVE attribute_path TRAIT IDENTIFIER TO expression .)
    ASK             reduce using rule 58 (set_statement -> GIVE attribute_path TRAIT IDENTIFIER TO expression .)
    SAY             reduce using rule 58 (set_statement -> GIVE attribute_path TRAIT IDENTIFIER TO expression .)
    CALL            reduce using rule 58 (set_statement -> GIVE attribute_path TRAIT IDENTIFIER TO expression .)
    WHENEVER        reduce using rule 58 (set_statement -> GIVE attribute_path TRAIT IDENTIFIER TO expression .)
    REMOVE          reduce using rule 58 (set_statement -> GIVE attribute_path TRAIT IDENTIFIER TO expression .)
    ANNOUNCE        reduce using rule 58 (set_statement -> GIVE attribute_path TRAIT IDENTIFIER TO expression .)
    THE_WORLD       reduce using rule 58 (set_statement -> GIVE attribute_path TRAIT IDENTIFIER TO expression .)
    SAVE            reduce using rule 58 (set_statement -> GIVE attribute_path TRAIT IDENTIFIER TO expression .)
    RESTORE         reduce using rule 58 (set_statement -> GIVE attribute_path TRAIT IDENTIFIER TO expression .)
    STRING          reduce using rule 58 (set_statement -> GIVE attribute_path TRAIT IDENTIFIER TO expression .)
    NUMBER          reduce using rule 58 (set_statement -> GIVE attribute_path TRAIT IDENTIFIER TO expression .)
    LPAREN          reduce using rule 58 (set_statement -> GIVE attribute_path TRAIT IDENTIFIER TO expression .)
    IDENTIFIER      reduce using rule 58 (set_statement -> GIVE attribute_path TRAIT IDENTIFIER TO expression .)
    THE_WORLDS      reduce using rule 58 (set_statement -> GIVE attribute_path TRAIT IDENTIFIER TO expression .)
    $end            reduce using rule 58 (set_statement -> GIVE attribute_path TRAIT IDENTIFIER TO expression .)
    END             reduce using rule 58 (set_statement -> GIVE attribute_path TRAIT IDENTIFIER TO expression .)
    ELSE            reduce using rule 58 (set_statement -> GIVE attribute_path TRAIT IDENTIFIER TO expression .)
    OTHERWISE       reduce using rule 58 (set_statement -> GIVE attribute_path TRAIT IDENTIFIER TO expression .)
    PLUS            shift and go to state 64
    MINUS           shift and go to state 65


state 213

    (60) repeat_statement -> REPEAT expression TIMES opt_separator statements opt_separator . END REPEAT

    END             shift and go to state 238


state 214

    (61) repeat_through_statement -> REPEAT THROUGH expression AS attribute_path opt_separator . statements opt_separator END REPEAT
    (5) statements -> . statements statement_with_newline
    (6) statements -> . statement_with_newline
    (7) statement_with_newline -> . statement separator
    (8) statement_with_newline -> . statement
    (13) statement -> . class_definition
    (14) statement -> . create_statement
    (15) statement -> . set_statement
    (16) statement -> . attach_statement
    (17) statement -> . repeat_statement
    (18) statement -> . repeat_through_statement
    (19) statement -> . until_statement
    (20) statement -> . if_statement
    (21) statement -> . ask_statement
    (22) statement -> . say_statement
    (23) statement -> . call_statement
    (24) statement -> . knows_statement
    (25) statement -> . forgets_statement
    (26) statement -> . whenever_statement
    (27) statement -> . remove_statement
    (28) statement -> . announce_statement
    (29) statement -> . world_remembers
    (30) statement -> . world_forgets
    (31) statement -> . save_world
    (32) statement -> . restore_world
    (33) class_definition -> . CLASS IDENTIFIER opt_separator class_body opt_separator END CLASS
    (34) class_definition -> . CLASS IDENTIFIER FROM IDENTIFIER opt_separator class_body opt_separator END CLASS
    (35) class_definition -> . CREATURE IDENTIFIER opt_separator class_body opt_separator END CREATURE
    (36) class_definition -> . CREATURE IDENTIFIER FROM IDENTIFIER opt_separator class_body opt_separator END CREATURE
    (52) create_statement -> . CREATE IDENTIFIER IDENTIFIER WITH expression
    (53) create_statement -> . CREATE IDENTIFIER IDENTIFIER
    (54) create_statement -> . BRING IDENTIFIER TO LIFE AS IDENTIFIER WITH expression
    (55) create_statement -> . BRING IDENTIFIER TO LIFE AS IDENTIFIER
    (56) set_statement -> . SET attribute_path TO expression
    (57) set_statement -> . GIVE attribute_path IDENTIFIER TRAIT IDENTIFIER TO expression
    (58) set_statement -> . GIVE attribute_path TRAIT IDENTIFIER TO expression
    (59) attach_statement -> . ATTACH expression TO expression
    (60) repeat_statement -> . REPEAT expression TIMES opt_separator statements opt_separator END REPEAT
    (61) repeat_through_statement -> . REPEAT THROUGH expression AS attribute_path opt_separator statements opt_separator END REPEAT
    (62) until_statement -> . UNTIL condition opt_separator statements opt_separator END UNTIL
    (63) if_statement -> . IF condition opt_separator statements opt_separator ELSE opt_separator statements opt_separator END IF
    (64) if_statement -> . IF condition opt_separator statements opt_separator END IF
    (65) if_statement -> . WHEN condition opt_separator statements opt_separator OTHERWISE opt_separator statements opt_separator END WHEN
    (66) if_statement -> . WHEN condition opt_separator statements opt_separator END WHEN
    (67) ask_statement -> . ASK STRING
    (68) say_statement -> . SAY expression
    (69) call_statement -> . CALL attribute_path
    (70) call_statement -> . expression DOES action_name
    (71) knows_statement -> . expression KNOWS expression
    (72) knows_statement -> . expression KNOWS expression AS IDENTIFIER
    (73) forgets_statement -> . expression FORGETS IDENTIFIER
    (74) whenever_statement -> . WHENEVER subject DOES action_name opt_separator statements opt_separator END WHENEVER
    (75) whenever_statement -> . WHENEVER subject GETS TRAIT IDENTIFIER CHANGED opt_separator statements opt_separator END WHENEVER
    (76) whenever_statement -> . WHENEVER subject IDENTIFIER BORN opt_separator statements opt_separator END WHENEVER
    (77) whenever_statement -> . WHENEVER subject IDENTIFIER opt_separator statements opt_separator END WHENEVER
    (80) remove_statement -> . REMOVE IDENTIFIER FROM WORLD
    (81) announce_statement -> . ANNOUNCE expression
    (82) world_remembers -> . THE_WORLD REMEMBERS fact_name AS expression
    (83) world_forgets -> . THE_WORLD FORGETS fact_name
    (84) save_world -> . SAVE THE_WORLD TO expression
    (85) restore_world -> . RESTORE THE_WORLD FROM expression
    (96) expression -> . STRING
    (97) expression -> . NUMBER
    (98) expression -> . attribute_path
    (99) expression -> . expression PLUS expression
    (100) expression -> . expression MINUS expression
    (101) expression -> . LPAREN expression_list RPAREN
    (102) expression -> . world_expr
    (50) attribute_path -> . IDENTIFIER
    (51) attribute_path -> . attribute_path IDENTIFIER
    (103) world_expr -> . THE_WORLD KNOWS fact_name
    (104) world_expr -> . THE_WORLDS IDENTIFIER CREATURES
    (105) world_expr -> . THE_WORLD COUNTS IDENTIFIER

    CLASS           shift and go to state 27
    CREATURE        shift and go to state 29
    CREATE          shift and go to state 30
    BRING           shift and go to state 32
    SET             shift and go to state 33
    GIVE            shift and go to state 35
    ATTACH          shift and go to state 36
    REPEAT          shift and go to state 37
    UNTIL           shift and go to state 38
    IF              shift and go to state 39
    WHEN            shift and go to state 40
    ASK             shift and go to state 41
    SAY             shift and go to state 43
    CALL            shift and go to state 44
    WHENEVER        shift and go to state 45
    REMOVE          shift and go to state 46
    ANNOUNCE        shift and go to state 47
    THE_WORLD       shift and go to state 48
    SAVE            shift and go to state 49
    RESTORE         shift and go to state 50
    STRING          shift and go to state 42
    NUMBER          shift and go to state 51
    LPAREN          shift and go to state 52
    IDENTIFIER      shift and go to state 28
    THE_WORLDS      shift and go to state 54

    expression                     shift and go to state 31
    attribute_path                 shift and go to state 34
    statements                     shift and go to state 239
    statement_with_newline         shift and go to state 5
    statement                      shift and go to state 6
    class_definition               shift and go to state 7
    create_statement               shift and go to state 8
    set_statement                  shift and go to state 9
    attach_statement               shift and go to state 10
    repeat_statement               shift and go to state 11
    repeat_through_statement       shift and go to state 12
    until_statement                shift and go to state 13
    if_statement                   shift and go to state 14
    ask_statement                  shift and go to state 15
    say_statement                  shift and go to state 16
    call_statement                 shift and go to state 17
    knows_statement                shift and go to state 18
    forgets_statement              shift and go to state 19
    whenever_statement             shift and go to state 20
    remove_statement               shift and go to state 21
    announce_statement             shift and go to state 22
    world_remembers                shift and go to state 23
    world_forgets                  shift and go to state 24
    save_world                     shift and go to state 25
    restore_world                  shift and go to state 26
    world_expr                     shift and go to state 53

state 215

    (62) until_statement -> UNTIL condition opt_separator statements opt_separator END . UNTIL

    UNTIL           shift and go to state 240


state 216

    (88) condition -> expression KNOWS expression AS IDENTIFIER .

    NEWLINE         reduce using rule 88 (condition -> expression KNOWS expression AS IDENTIFIER .)
    CLASS           reduce using rule 88 (condition -> expression KNOWS expression AS IDENTIFIER .)
    CREATURE        reduce using rule 88 (condition -> expression KNOWS expression AS IDENTIFIER .)
    CREATE          reduce using rule 88 (condition -> expression KNOWS expression AS IDENTIFIER .)
    BRING           reduce using rule 88 (condition -> expression KNOWS expression AS IDENTIFIER .)
    SET             reduce using rule 88 (condition -> expression KNOWS expression AS IDENTIFIER .)
    GIVE            reduce using rule 88 (condition -> expression KNOWS expression AS IDENTIFIER .)
    ATTACH          reduce using rule 88 (condition -> expression KNOWS expression AS IDENTIFIER .)
    REPEAT          reduce using rule 88 (condition -> expression KNOWS expression AS IDENTIFIER .)
    UNTIL           reduce using rule 88 (condition -> expression KNOWS expression AS IDENTIFIER .)
    IF              reduce using rule 88 (condition -> expression KNOWS expression AS IDENTIFIER .)
    WHEN            reduce using rule 88 (condition -> expression KNOWS expression AS IDENTIFIER .)
    ASK             reduce using rule 88 (condition -> expression KNOWS expression AS IDENTIFIER .)
    SAY             reduce using rule 88 (condition -> expression KNOWS expression AS IDENTIFIER .)
    CALL            reduce using rule 88 (condition -> expression KNOWS expression AS IDENTIFIER .)
    WHENEVER        reduce using rule 88 (condition -> expression KNOWS expression AS IDENTIFIER .)
    REMOVE          reduce using rule 88 (condition -> expression KNOWS expression AS IDENTIFIER .)
    ANNOUNCE        reduce using rule 88 (condition -> expression KNOWS expression AS IDENTIFIER .)
    THE_WORLD       reduce using rule 88 (condition -> expression KNOWS expression AS IDENTIFIER .)
    SAVE            reduce using rule 88 (condition -> expression KNOWS expression AS IDENTIFIER .)
    RESTORE         reduce using rule 88 (condition -> expression KNOWS expression AS IDENTIFIER .)
    STRING          reduce using rule 88 (condition -> expression KNOWS expression AS IDENTIFIER .)
    NUMBER          reduce using rule 88 (condition -> expression KNOWS expression AS IDENTIFIER .)
    LPAREN          reduce using rule 88 (condition -> expression KNOWS expression AS IDENTIFIER .)
    IDENTIFIER      reduce using rule 88 (condition -> expression KNOWS expression AS IDENTIFIER .)
    THE_WORLDS      reduce using rule 88 (condition -> expression KNOWS expression AS IDENTIFIER .)


state 217

    (89) condition -> expression KNOWS ANYONE AS IDENTIFIER .

    NEWLINE         reduce using rule 89 (condition -> expression KNOWS ANYONE AS IDENTIFIER .)
    CLASS           reduce using rule 89 (condition -> expression KNOWS ANYONE AS IDENTIFIER .)
    CREATURE        reduce using rule 89 (condition -> expression KNOWS ANYONE AS IDENTIFIER .)
    CREATE          reduce using rule 89 (condition -> expression KNOWS ANYONE AS IDENTIFIER .)
    BRING           reduce using rule 89 (condition -> expression KNOWS ANYONE AS IDENTIFIER .)
    SET             reduce using rule 89 (condition -> expression KNOWS ANYONE AS IDENTIFIER .)
    GIVE            reduce using rule 89 (condition -> expression KNOWS ANYONE AS IDENTIFIER .)
    ATTACH          reduce using rule 89 (condition -> expression KNOWS ANYONE AS IDENTIFIER .)
    REPEAT          reduce using rule 89 (condition -> expression KNOWS ANYONE AS IDENTIFIER .)
    UNTIL           reduce using rule 89 (condition -> expression KNOWS ANYONE AS IDENTIFIER .)
    IF              reduce using rule 89 (condition -> expression KNOWS ANYONE AS IDENTIFIER .)
    WHEN            reduce using rule 89 (condition -> expression KNOWS ANYONE AS IDENTIFIER .)
    ASK             reduce using rule 89 (condition -> expression KNOWS ANYONE AS IDENTIFIER .)
    SAY             reduce using rule 89 (condition -> expression KNOWS ANYONE AS IDENTIFIER .)
    CALL            reduce using rule 89 (condition -> expression KNOWS ANYONE AS IDENTIFIER .)
    WHENEVER        reduce using rule 89 (condition -> expression KNOWS ANYONE AS IDENTIFIER .)
    REMOVE          reduce using rule 89 (condition -> expression KNOWS ANYONE AS IDENTIFIER .)
    ANNOUNCE        reduce using rule 89 (condition -> expression KNOWS ANYONE AS IDENTIFIER .)
    THE_WORLD       reduce using rule 89 (condition -> expression KNOWS ANYONE AS IDENTIFIER .)
    SAVE            reduce using rule 89 (condition -> expression KNOWS ANYONE AS IDENTIFIER .)
    RESTORE         reduce using rule 89 (condition -> expression KNOWS ANYONE AS IDENTIFIER .)
    STRING          reduce using rule 89 (condition -> expression KNOWS ANYONE AS IDENTIFIER .)
    NUMBER          reduce using rule 89 (condition -> expression KNOWS ANYONE AS IDENTIFIER .)
    LPAREN          reduce using rule 89 (condition -> expression KNOWS ANYONE AS IDENTIFIER .)
    IDENTIFIER      reduce using rule 89 (condition -> expression KNOWS ANYONE AS IDENTIFIER .)
    THE_WORLDS      reduce using rule 89 (condition -> expression KNOWS ANYONE AS IDENTIFIER .)


state 218

    (63) if_statement -> IF condition opt_separator statements opt_separator ELSE . opt_separator statements opt_separator END IF
    (11) opt_separator -> . separator
    (12) opt_separator -> .
    (9) separator -> . separator NEWLINE
    (10) separator -> . NEWLINE

    CLASS           reduce using rule 12 (opt_separator -> .)
    CREATURE        reduce using rule 12 (opt_separator -> .)
    CREATE          reduce using rule 12 (opt_separator -> .)
    BRING           reduce using rule 12 (opt_separator -> .)
    SET             reduce using rule 12 (opt_separator -> .)
    GIVE            reduce using rule 12 (opt_separator -> .)
    ATTACH          reduce using rule 12 (opt_separator -> .)
    REPEAT          reduce using rule 12 (opt_separator -> .)
    UNTIL           reduce using rule 12 (opt_separator -> .)
    IF              reduce using rule 12 (opt_separator -> .)
    WHEN            reduce using rule 12 (opt_separator -> .)
    ASK             reduce using rule 12 (opt_separator -> .)
    SAY             reduce using rule 12 (opt_separator -> .)
    CALL            reduce using rule 12 (opt_separator -> .)
    WHENEVER        reduce using rule 12 (opt_separator -> .)
    REMOVE          reduce using rule 12 (opt_separator -> .)
    ANNOUNCE        reduce using rule 12 (opt_separator -> .)
    THE_WORLD       reduce using rule 12 (opt_separator -> .)
    SAVE            reduce using rule 12 (opt_separator -> .)
    RESTORE         reduce using rule 12 (opt_separator -> .)
    STRING          reduce using rule 12 (opt_separator -> .)
    NUMBER          reduce using rule 12 (opt_separator -> .)
    LPAREN          reduce using rule 12 (opt_separator -> .)
    IDENTIFIER      reduce using rule 12 (opt_separator -> .)
    THE_WORLDS      reduce using rule 12 (opt_separator -> .)
    NEWLINE         shift and go to state 57

    opt_separator                  shift and go to state 241
    separator                      shift and go to state 98

state 219

    (64) if_statement -> IF condition opt_separator statements opt_separator END . IF

    IF              shift and go to state 242


state 220

    (65) if_statement -> WHEN condition opt_separator statements opt_separator OTHERWISE . opt_separator statements opt_separator END WHEN
    (11) opt_separator -> . separator
    (12) opt_separator -> .
    (9) separator -> . separator NEWLINE
    (10) separator -> . NEWLINE

    CLASS           reduce using rule 12 (opt_separator -> .)
    CREATURE        reduce using rule 12 (opt_separator -> .)
    CREATE          reduce using rule 12 (opt_separator -> .)
    BRING           reduce using rule 12 (opt_separator -> .)
    SET             reduce using rule 12 (opt_separator -> .)
    GIVE            reduce using rule 12 (opt_separator -> .)
    ATTACH          reduce using rule 12 (opt_separator -> .)
    REPEAT          reduce using rule 12 (opt_separator -> .)
    UNTIL           reduce using rule 12 (opt_separator -> .)
    IF              reduce using rule 12 (opt_separator -> .)
    WHEN            reduce using rule 12 (opt_separator -> .)
    ASK             reduce using rule 12 (opt_separator -> .)
    SAY             reduce using rule 12 (opt_separator -> .)
    CALL            reduce using rule 12 (opt_separator -> .)
    WHENEVER        reduce using rule 12 (opt_separator -> .)
    REMOVE          reduce using rule 12 (opt_separator -> .)
    ANNOUNCE        reduce using rule 12 (opt_separator -> .)
    THE_WORLD       reduce using rule 12 (opt_separator -> .)
    SAVE            reduce using rule 12 (opt_separator -> .)
    RESTORE         reduce using rule 12 (opt_separator -> .)
    STRING          reduce using rule 12 (opt_separator -> .)
    NUMBER          reduce using rule 12 (opt_separator -> .)
    LPAREN          reduce using rule 12 (opt_separator -> .)
    IDENTIFIER      reduce using rule 12 (opt_separator -> .)
    THE_WORLDS      reduce using rule 12 (opt_separator -> .)
    NEWLINE         shift and go to state 57

    opt_separator                  shift and go to state 243
    separator                      shift and go to state 98

state 221

    (66) if_statement -> WHEN condition opt_separator statements opt_separator END . WHEN

    WHEN            shift and go to state 244


state 222

    (74) whenever_statement -> WHENEVER subject DOES action_name opt_separator statements . opt_separator END WHENEVER
    (5) statements -> statements . statement_with_newline
    (11) opt_separator -> . separator
    (12) opt_separator -> .
    (7) statement_with_newline -> . statement separator
    (8) statement_with_newline -> . statement
    (9) separator -> . separator NEWLINE
    (10) separator -> . NEWLINE
    (13) statement -> . class_definition
    (14) statement -> . create_statement
    (15) statement -> . set_statement
    (16) statement -> . attach_statement
    (17) statement -> . repeat_statement
    (18) statement -> . repeat_through_statement
    (19) statement -> . until_statement
    (20) statement -> . if_statement
    (21) statement -> . ask_statement
    (22) statement -> . say_statement
    (23) statement -> . call_statement
    (24) statement -> . knows_statement
    (25) statement -> . forgets_statement
    (26) statement -> . whenever_statement
    (27) statement -> . remove_statement
    (28) statement -> . announce_statement
    (29) statement -> . world_remembers
    (30) statement -> . world_forgets
    (31) statement -> . save_world
    (32) statement -> . restore_world
    (33) class_definition -> . CLASS IDENTIFIER opt_separator class_body opt_separator END CLASS
    (34) class_definition -> . CLASS IDENTIFIER FROM IDENTIFIER opt_separator class_body opt_separator END CLASS
    (35) class_definition -> . CREATURE IDENTIFIER opt_separator class_body opt_separator END CREATURE
    (36) class_definition -> . CREATURE IDENTIFIER FROM IDENTIFIER opt_separator class_body opt_separator END CREATURE
    (52) create_statement -> . CREATE IDENTIFIER IDENTIFIER WITH expression
    (53) create_statement -> . CREATE IDENTIFIER IDENTIFIER
    (54) create_statement -> . BRING IDENTIFIER TO LIFE AS IDENTIFIER WITH expression
    (55) create_statement -> . BRING IDENTIFIER TO LIFE AS IDENTIFIER
    (56) set_statement -> . SET attribute_path TO expression
    (57) set_statement -> . GIVE attribute_path IDENTIFIER TRAIT IDENTIFIER TO expression
    (58) set_statement -> . GIVE attribute_path TRAIT IDENTIFIER TO expression
    (59) attach_statement -> . ATTACH expression TO expression
    (60) repeat_statement -> . REPEAT expression TIMES opt_separator statements opt_separator END REPEAT
    (61) repeat_through_statement -> . REPEAT THROUGH expression AS attribute_path opt_separator statements opt_separator END REPEAT
    (62) until_statement -> . UNTIL condition opt_separator statements opt_separator END UNTIL
    (63) if_statement -> . IF condition opt_separator statements opt_separator ELSE opt_separator statements opt_separator END IF
    (64) if_statement -> . IF condition opt_separator statements opt_separator END IF
    (65) if_statement -> . WHEN condition opt_separator statements opt_separator OTHERWISE opt_separator statements opt_separator END WHEN
    (66) if_statement -> . WHEN condition opt_separator statements opt_separator END WHEN
    (67) ask_statement -> . ASK STRING
    (68) say_statement -> . SAY expression
    (69) call_statement -> . CALL attribute_path
    (70) call_statement -> . expression DOES action_name
    (71) knows_statement -> . expression KNOWS expression
    (72) knows_statement -> . expression KNOWS expression AS IDENTIFIER
    (73) forgets_statement -> . expression FORGETS IDENTIFIER
    (74) whenever_statement -> . WHENEVER subject DOES action_name opt_separator statements opt_separator END WHENEVER
    (75) whenever_statement -> . WHENEVER subject GETS TRAIT IDENTIFIER CHANGED opt_separator statements opt_separator END WHENEVER
    (76) whenever_statement -> . WHENEVER subject IDENTIFIER BORN opt_separator statements opt_separator END WHENEVER
    (77) whenever_statement -> . WHENEVER subject IDENTIFIER opt_separator statements opt_separator END WHENEVER
    (80) remove_statement -> . REMOVE IDENTIFIER FROM WORLD
    (81) announce_statement -> . ANNOUNCE expression
    (82) world_remembers -> . THE_WORLD REMEMBERS fact_name AS expression
    (83) world_forgets -> . THE_WORLD FORGETS fact_name
    (84) save_world -> . SAVE THE_WORLD TO expression
    (85) restore_world -> . RESTORE THE_WORLD FROM expression
    (96) expression -> . STRING
    (97) expression -> . NUMBER
    (98) expression -> . attribute_path
    (99) expression -> . expression PLUS expression
    (100) expression -> . expression MINUS expression
    (101) expression -> . LPAREN expression_list RPAREN
    (102) expression -> . world_expr
    (50) attribute_path -> . IDENTIFIER
    (51) attribute_path -> . attribute_path IDENTIFIER
    (103) world_expr -> . THE_WORLD KNOWS fact_name
    (104) world_expr -> . THE_WORLDS IDENTIFIER CREATURES
    (105) world_expr -> . THE_WORLD COUNTS IDENTIFIER

    END             reduce using rule 12 (opt_separator -> .)
    NEWLINE         shift and go to state 57
    CLASS           shift and go to state 27
    CREATURE        shift and go to state 29
    CREATE          shift and go to state 30
    BRING           shift and go to state 32
    SET             shift and go to state 33
    GIVE            shift and go to state 35
    ATTACH          shift and go to state 36
    REPEAT          shift and go to state 37
    UNTIL           shift and go to state 38
    IF              shift and go to state 39
    WHEN            shift and go to state 40
    ASK             shift and go to state 41
    SAY             shift and go to state 43
    CALL            shift and go to state 44
    WHENEVER        shift and go to state 45
    REMOVE          shift and go to state 46
    ANNOUNCE        shift and go to state 47
    THE_WORLD       shift and go to state 48
    SAVE            shift and go to state 49
    RESTORE         shift and go to state 50
    STRING          shift and go to state 42
    NUMBER          shift and go to state 51
    LPAREN          shift and go to state 52
    IDENTIFIER      shift and go to state 28
    THE_WORLDS      shift and go to state 54

    opt_separator                  shift and go to state 245
    statement_with_newline         shift and go to state 55
    separator                      shift and go to state 98
    statement                      shift and go to state 6
    class_definition               shift and go to state 7
    create_statement               shift and go to state 8
    set_statement                  shift and go to state 9
    attach_statement               shift and go to state 10
    repeat_statement               shift and go to state 11
    repeat_through_statement       shift and go to state 12
    until_statement                shift and go to state 13
    if_statement                   shift and go to state 14
    ask_statement                  shift and go to state 15
    say_statement                  shift and go to state 16
    call_statement                 shift and go to state 17
    knows_statement                shift and go to state 18
    forgets_statement              shift and go to state 19
    whenever_statement             shift and go to state 20
    remove_statement               shift and go to state 21
    announce_statement             shift and go to state 22
    world_remembers                shift and go to state 23
    world_forgets                  shift and go to state 24
    save_world                     shift and go to state 25
    restore_world                  shift and go to state 26
    expression                     shift and go to state 31
    attribute_path                 shift and go to state 34
    world_expr                     shift and go to state 53

state 223

    (75) whenever_statement -> WHENEVER subject GETS TRAIT IDENTIFIER CHANGED . opt_separator statements opt_separator END WHENEVER
    (11) opt_separator -> . separator
    (12) opt_separator -> .
    (9) separator -> . separator NEWLINE
    (10) separator -> . NEWLINE

    CLASS           reduce using rule 12 (opt_separator -> .)
    CREATURE        reduce using rule 12 (opt_separator -> .)
    CREATE          reduce using rule 12 (opt_separator -> .)
    BRING           reduce using rule 12 (opt_separator -> .)
    SET             reduce using rule 12 (opt_separator -> .)
    GIVE            reduce using rule 12 (opt_separator -> .)
    ATTACH          reduce using rule 12 (opt_separator -> .)
    REPEAT          reduce using rule 12 (opt_separator -> .)
    UNTIL           reduce using rule 12 (opt_separator -> .)
    IF              reduce using rule 12 (opt_separator -> .)
    WHEN            reduce using rule 12 (opt_separator -> .)
    ASK             reduce using rule 12 (opt_separator -> .)
    SAY             reduce using rule 12 (opt_separator -> .)
    CALL            reduce using rule 12 (opt_separator -> .)
    WHENEVER        reduce using rule 12 (opt_separator -> .)
    REMOVE          reduce using rule 12 (opt_separator -> .)
    ANNOUNCE        reduce using rule 12 (opt_separator -> .)
    THE_WORLD       reduce using rule 12 (opt_separator -> .)
    SAVE            reduce using rule 12 (opt_separator -> .)
    RESTORE         reduce using rule 12 (opt_separator -> .)
    STRING          reduce using rule 12 (opt_separator -> .)
    NUMBER          reduce using rule 12 (opt_separator -> .)
    LPAREN          reduce using rule 12 (opt_separator -> .)
    IDENTIFIER      reduce using rule 12 (opt_separator -> .)
    THE_WORLDS      reduce using rule 12 (opt_separator -> .)
    NEWLINE         shift and go to state 57

    opt_separator                  shift and go to state 246
    separator                      shift and go to state 98

state 224

    (76) whenever_statement -> WHENEVER subject IDENTIFIER BORN opt_separator statements . opt_separator END WHENEVER
    (5) statements -> statements . statement_with_newline
    (11) opt_separator -> . separator
    (12) opt_separator -> .
    (7) statement_with_newline -> . statement separator
    (8) statement_with_newline -> . statement
    (9) separator -> . separator NEWLINE
    (10) separator -> . NEWLINE
    (13) statement -> . class_definition
    (14) statement -> . create_statement
    (15) statement -> . set_statement
    (16) statement -> . attach_statement
    (17) statement -> . repeat_statement
    (18) statement -> . repeat_through_statement
    (19) statement -> . until_statement
    (20) statement -> . if_statement
    (21) statement -> . ask_statement
    (22) statement -> . say_statement
    (23) statement -> . call_statement
    (24) statement -> . knows_statement
    (25) statement -> . forgets_statement
    (26) statement -> . whenever_statement
    (27) statement -> . remove_statement
    (28) statement -> . announce_statement
    (29) statement -> . world_remembers
    (30) statement -> . world_forgets
    (31) statement -> . save_world
    (32) statement -> . restore_world
    (33) class_definition -> . CLASS IDENTIFIER opt_separator class_body opt_separator END CLASS
    (34) class_definition -> . CLASS IDENTIFIER FROM IDENTIFIER opt_separator class_body opt_separator END CLASS
    (35) class_definition -> . CREATURE IDENTIFIER opt_separator class_body opt_separator END CREATURE
    (36) class_definition -> . CREATURE IDENTIFIER FROM IDENTIFIER opt_separator class_body opt_separator END CREATURE
    (52) create_statement -> . CREATE IDENTIFIER IDENTIFIER WITH expression
    (53) create_statement -> . CREATE IDENTIFIER IDENTIFIER
    (54) create_statement -> . BRING IDENTIFIER TO LIFE AS IDENTIFIER WITH expression
    (55) create_statement -> . BRING IDENTIFIER TO LIFE AS IDENTIFIER
    (56) set_statement -> . SET attribute_path TO expression
    (57) set_statement -> . GIVE attribute_path IDENTIFIER TRAIT IDENTIFIER TO expression
    (58) set_statement -> . GIVE attribute_path TRAIT IDENTIFIER TO expression
    (59) attach_statement -> . ATTACH expression TO expression
    (60) repeat_statement -> . REPEAT expression TIMES opt_separator statements opt_separator END REPEAT
    (61) repeat_through_statement -> . REPEAT THROUGH expression AS attribute_path opt_separator statements opt_separator END REPEAT
    (62) until_statement -> . UNTIL condition opt_separator statements opt_separator END UNTIL
    (63) if_statement -> . IF condition opt_separator statements opt_separator ELSE opt_separator statements opt_separator END IF
    (64) if_statement -> . IF condition opt_separator statements opt_separator END IF
    (65) if_statement -> . WHEN condition opt_separator statements opt_separator OTHERWISE opt_separator statements opt_separator END WHEN
    (66) if_statement -> . WHEN condition opt_separator statements opt_separator END WHEN
    (67) ask_statement -> . ASK STRING
    (68) say_statement -> . SAY expression
    (69) call_statement -> . CALL attribute_path
    (70) call_statement -> . expression DOES action_name
    (71) knows_statement -> . expression KNOWS expression
    (72) knows_statement -> . expression KNOWS expression AS IDENTIFIER
    (73) forgets_statement -> . expression FORGETS IDENTIFIER
    (74) whenever_statement -> . WHENEVER subject DOES action_name opt_separator statements opt_separator END WHENEVER
    (75) whenever_statement -> . WHENEVER subject GETS TRAIT IDENTIFIER CHANGED opt_separator statements opt_separator END WHENEVER
    (76) whenever_statement -> . WHENEVER subject IDENTIFIER BORN opt_separator statements opt_separator END WHENEVER
    (77) whenever_statement -> . WHENEVER subject IDENTIFIER opt_separator statements opt_separator END WHENEVER
    (80) remove_statement -> . REMOVE IDENTIFIER FROM WORLD
    (81) announce_statement -> . ANNOUNCE expression
    (82) world_remembers -> . THE_WORLD REMEMBERS fact_name AS expression
    (83) world_forgets -> . THE_WORLD FORGETS fact_name
    (84) save_world -> . SAVE THE_WORLD TO expression
    (85) restore_world -> . RESTORE THE_WORLD FROM expression
    (96) expression -> . STRING
    (97) expression -> . NUMBER
    (98) expression -> . attribute_path
    (99) expression -> . expression PLUS expression
    (100) expression -> . expression MINUS expression
    (101) expression -> . LPAREN expression_list RPAREN
    (102) expression -> . world_expr
    (50) attribute_path -> . IDENTIFIER
    (51) attribute_path -> . attribute_path IDENTIFIER
    (103) world_expr -> . THE_WORLD KNOWS fact_name
    (104) world_expr -> . THE_WORLDS IDENTIFIER CREATURES
    (105) world_expr -> . THE_WORLD COUNTS IDENTIFIER

    END             reduce using rule 12 (opt_separator -> .)
    NEWLINE         shift and go to state 57
    CLASS           shift and go to state 27
    CREATURE        shift and go to state 29
    CREATE          shift and go to state 30
    BRING           shift and go to state 32
    SET             shift and go to state 33
    GIVE            shift and go to state 35
    ATTACH          shift and go to state 36
    REPEAT          shift and go to state 37
    UNTIL           shift and go to state 38
    IF              shift and go to state 39
    WHEN            shift and go to state 40
    ASK             shift and go to state 41
    SAY             shift and go to state 43
    CALL            shift and go to state 44
    WHENEVER        shift and go to state 45
    REMOVE          shift and go to state 46
    ANNOUNCE        shift and go to state 47
    THE_WORLD       shift and go to state 48
    SAVE            shift and go to state 49
    RESTORE         shift and go to state 50
    STRING          shift and go to state 42
    NUMBER          shift and go to state 51
    LPAREN          shift and go to state 52
    IDENTIFIER      shift and go to state 28
    THE_WORLDS      shift and go to state 54

    opt_separator                  shift and go to state 247
    statement_with_newline         shift and go to state 55
    separator                      shift and go to state 98
    statement                      shift and go to state 6
    class_definition               shift and go to state 7
    create_statement               shift and go to state 8
    set_statement                  shift and go to state 9
    attach_statement               shift and go to state 10
    repeat_statement               shift and go to state 11
    repeat_through_statement       shift and go to state 12
    until_statement                shift and go to state 13
    if_statement                   shift and go to state 14
    ask_statement                  shift and go to state 15
    say_statement                  shift and go to state 16
    call_statement                 shift and go to state 17
    knows_statement                shift and go to state 18
    forgets_statement              shift and go to state 19
    whenever_statement             shift and go to state 20
    remove_statement               shift and go to state 21
    announce_statement             shift and go to state 22
    world_remembers                shift and go to state 23
    world_forgets                  shift and go to state 24
    save_world                     shift and go to state 25
    restore_world                  shift and go to state 26
    expression                     shift and go to state 31
    attribute_path                 shift and go to state 34
    world_expr                     shift and go to state 53

state 225

    (77) whenever_statement -> WHENEVER subject IDENTIFIER opt_separator statements opt_separator . END WHENEVER

    END             shift and go to state 248


state 226

    (33) class_definition -> CLASS IDENTIFIER opt_separator class_body opt_separator END CLASS .

    NEWLINE         reduce using rule 33 (class_definition -> CLASS IDENTIFIER opt_separator class_body opt_separator END CLASS .)
    CLASS           reduce using rule 33 (class_definition -> CLASS IDENTIFIER opt_separator class_body opt_separator END CLASS .)
    CREATURE        reduce using rule 33 (class_definition -> CLASS IDENTIFIER opt_separator class_body opt_separator END CLASS .)
    CREATE          reduce using rule 33 (class_definition -> CLASS IDENTIFIER opt_separator class_body opt_separator END CLASS .)
    BRING           reduce using rule 33 (class_definition -> CLASS IDENTIFIER opt_separator class_body opt_separator END CLASS .)
    SET             reduce using rule 33 (class_definition -> CLASS IDENTIFIER opt_separator class_body opt_separator END CLASS .)
    GIVE            reduce using rule 33 (class_definition -> CLASS IDENTIFIER opt_separator class_body opt_separator END CLASS .)
    ATTACH          reduce using rule 33 (class_definition -> CLASS IDENTIFIER opt_separator class_body opt_separator END CLASS .)
    REPEAT          reduce using rule 33 (class_definition -> CLASS IDENTIFIER opt_separator class_body opt_separator END CLASS .)
    UNTIL           reduce using rule 33 (class_definition -> CLASS IDENTIFIER opt_separator class_body opt_separator END CLASS .)
    IF              reduce using rule 33 (class_definition -> CLASS IDENTIFIER opt_separator class_body opt_separator END CLASS .)
    WHEN            reduce using rule 33 (class_definition -> CLASS IDENTIFIER opt_separator class_body opt_separator END CLASS .)
    ASK             reduce using rule 33 (class_definition -> CLASS IDENTIFIER opt_separator class_body opt_separator END CLASS .)
    SAY             reduce using rule 33 (class_definition -> CLASS IDENTIFIER opt_separator class_body opt_separator END CLASS .)
    CALL            reduce using rule 33 (class_definition -> CLASS IDENTIFIER opt_separator class_body opt_separator END CLASS .)
    WHENEVER        reduce using rule 33 (class_definition -> CLASS IDENTIFIER opt_separator class_body opt_separator END CLASS .)
    REMOVE          reduce using rule 33 (class_definition -> CLASS IDENTIFIER opt_separator class_body opt_separator END CLASS .)
    ANNOUNCE        reduce using rule 33 (class_definition -> CLASS IDENTIFIER opt_separator class_body opt_separator END CLASS .)
    THE_WORLD       reduce using rule 33 (class_definition -> CLASS IDENTIFIER opt_separator class_body opt_separator END CLASS .)
    SAVE            reduce using rule 33 (class_definition -> CLASS IDENTIFIER opt_separator class_body opt_separator END CLASS .)
    RESTORE         reduce using rule 33 (class_definition -> CLASS IDENTIFIER opt_separator class_body opt_separator END CLASS .)
    STRING          reduce using rule 33 (class_definition -> CLASS IDENTIFIER opt_separator class_body opt_separator END CLASS .)
    NUMBER          reduce using rule 33 (class_definition -> CLASS IDENTIFIER opt_separator class_body opt_separator END CLASS .)
    LPAREN          reduce using rule 33 (class_definition -> CLASS IDENTIFIER opt_separator class_body opt_separator END CLASS .)
    IDENTIFIER      reduce using rule 33 (class_definition -> CLASS IDENTIFIER opt_separator class_body opt_separator END CLASS .)
    THE_WORLDS      reduce using rule 33 (class_definition -> CLASS IDENTIFIER opt_separator class_body opt_separator END CLASS .)
    $end            reduce using rule 33 (class_definition -> CLASS IDENTIFIER opt_separator class_body opt_separator END CLASS .)
    END             reduce using rule 33 (class_definition -> CLASS IDENTIFIER opt_separator class_body opt_separator END CLASS .)
    ELSE            reduce using rule 33 (class_definition -> CLASS IDENTIFIER opt_separator class_body opt_separator END CLASS .)
    OTHERWISE       reduce using rule 33 (class_definition -> CLASS IDENTIFIER opt_separator class_body opt_separator END CLASS .)


state 227

    (41) constructor -> CREATE WITH LPAREN parameters . RPAREN opt_separator statements opt_separator END CREATE
    (48) parameters -> parameters . IDENTIFIER

    RPAREN          shift and go to state 249
    IDENTIFIER      shift and go to state 250


state 228

    (49) parameters -> IDENTIFIER .

    RPAREN          reduce using rule 49 (parameters -> IDENTIFIER .)
    IDENTIFIER      reduce using rule 49 (parameters -> IDENTIFIER .)


state 229

    (42) constructor -> WHEN BORN WITH LPAREN . parameters RPAREN opt_separator statements opt_separator END BORN
    (48) parameters -> . parameters IDENTIFIER
    (49) parameters -> . IDENTIFIER

    IDENTIFIER      shift and go to state 228

    parameters                     shift and go to state 251

state 230

    (43) constructor -> WHEN BORN opt_separator statements . opt_separator END BORN
    (5) statements -> statements . statement_with_newline
    (11) opt_separator -> . separator
    (12) opt_separator -> .
    (7) statement_with_newline -> . statement separator
    (8) statement_with_newline -> . statement
    (9) separator -> . separator NEWLINE
    (10) separator -> . NEWLINE
    (13) statement -> . class_definition
    (14) statement -> . create_statement
    (15) statement -> . set_statement
    (16) statement -> . attach_statement
    (17) statement -> . repeat_statement
    (18) statement -> . repeat_through_statement
    (19) statement -> . until_statement
    (20) statement -> . if_statement
    (21) statement -> . ask_statement
    (22) statement -> . say_statement
    (23) statement -> . call_statement
    (24) statement -> . knows_statement
    (25) statement -> . forgets_statement
    (26) statement -> . whenever_statement
    (27) statement -> . remove_statement
    (28) statement -> . announce_statement
    (29) statement -> . world_remembers
    (30) statement -> . world_forgets
    (31) statement -> . save_world
    (32) statement -> . restore_world
    (33) class_definition -> . CLASS IDENTIFIER opt_separator class_body opt_separator END CLASS
    (34) class_definition -> . CLASS IDENTIFIER FROM IDENTIFIER opt_separator class_body opt_separator END CLASS
    (35) class_definition -> . CREATURE IDENTIFIER opt_separator class_body opt_separator END CREATURE
    (36) class_definition -> . CREATURE IDENTIFIER FROM IDENTIFIER opt_separator class_body opt_separator END CREATURE
    (52) create_statement -> . CREATE IDENTIFIER IDENTIFIER WITH expression
    (53) create_statement -> . CREATE IDENTIFIER IDENTIFIER
    (54) create_statement -> . BRING IDENTIFIER TO LIFE AS IDENTIFIER WITH expression
    (55) create_statement -> . BRING IDENTIFIER TO LIFE AS IDENTIFIER
    (56) set_statement -> . SET attribute_path TO expression
    (57) set_statement -> . GIVE attribute_path IDENTIFIER TRAIT IDENTIFIER TO expression
    (58) set_statement -> . GIVE attribute_path TRAIT IDENTIFIER TO expression
    (59) attach_statement -> . ATTACH expression TO expression
    (60) repeat_statement -> . REPEAT expression TIMES opt_separator statements opt_separator END REPEAT
    (61) repeat_through_statement -> . REPEAT THROUGH expression AS attribute_path opt_separator statements opt_separator END REPEAT
    (62) until_statement -> . UNTIL condition opt_separator statements opt_separator END UNTIL
    (63) if_statement -> . IF condition opt_separator statements opt_separator ELSE opt_separator statements opt_separator END IF
    (64) if_statement -> . IF condition opt_separator statements opt_separator END IF
    (65) if_statement -> . WHEN condition opt_separator statements opt_separator OTHERWISE opt_separator statements opt_separator END WHEN
    (66) if_statement -> . WHEN condition opt_separator statements opt_separator END WHEN
    (67) ask_statement -> . ASK STRING
    (68) say_statement -> . SAY expression
    (69) call_statement -> . CALL attribute_path
    (70) call_statement -> . expression DOES action_name
    (71) knows_statement -> . expression KNOWS expression
    (72) knows_statement -> . expression KNOWS expression AS IDENTIFIER
    (73) forgets_statement -> . expression FORGETS IDENTIFIER
    (74) whenever_statement -> . WHENEVER subject DOES action_name opt_separator statements opt_separator END WHENEVER
    (75) whenever_statement -> . WHENEVER subject GETS TRAIT IDENTIFIER CHANGED opt_separator statements opt_separator END WHENEVER
    (76) whenever_statement -> . WHENEVER subject IDENTIFIER BORN opt_separator statements opt_separator END WHENEVER
    (77) whenever_statement -> . WHENEVER subject IDENTIFIER opt_separator statements opt_separator END WHENEVER
    (80) remove_statement -> . REMOVE IDENTIFIER FROM WORLD
    (81) announce_statement -> . ANNOUNCE expression
    (82) world_remembers -> . THE_WORLD REMEMBERS fact_name AS expression
    (83) world_forgets -> . THE_WORLD FORGETS fact_name
    (84) save_world -> . SAVE THE_WORLD TO expression
    (85) restore_world -> . RESTORE THE_WORLD FROM expression
    (96) expression -> . STRING
    (97) expression -> . NUMBER
    (98) expression -> . attribute_path
    (99) expression -> . expression PLUS expression
    (100) expression -> . expression MINUS expression
    (101) expression -> . LPAREN expression_list RPAREN
    (102) expression -> . world_expr
    (50) attribute_path -> . IDENTIFIER
    (51) attribute_path -> . attribute_path IDENTIFIER
    (103) world_expr -> . THE_WORLD KNOWS fact_name
    (104) world_expr -> . THE_WORLDS IDENTIFIER CREATURES
    (105) world_expr -> . THE_WORLD COUNTS IDENTIFIER

    END             reduce using rule 12 (opt_separator -> .)
    NEWLINE         shift and go to state 57
    CLASS           shift and go to state 27
    CREATURE        shift and go to state 29
    CREATE          shift and go to state 30
    BRING           shift and go to state 32
    SET             shift and go to state 33
    GIVE            shift and go to state 35
    ATTACH          shift and go to state 36
    REPEAT          shift and go to state 37
    UNTIL           shift and go to state 38
    IF              shift and go to state 39
    WHEN            shift and go to state 40
    ASK             shift and go to state 41
    SAY             shift and go to state 43
    CALL            shift and go to state 44
    WHENEVER        shift and go to state 45
    REMOVE          shift and go to state 46
    ANNOUNCE        shift and go to state 47
    THE_WORLD       shift and go to state 48
    SAVE            shift and go to state 49
    RESTORE         shift and go to state 50
    STRING          shift and go to state 42
    NUMBER          shift and go to state 51
    LPAREN          shift and go to state 52
    IDENTIFIER      shift and go to state 28
    THE_WORLDS      shift and go to state 54

    opt_separator                  shift and go to state 252
    statement_with_newline         shift and go to state 55
    separator                      shift and go to state 98
    statement                      shift and go to state 6
    class_definition               shift and go to state 7
    create_statement               shift and go to state 8
    set_statement                  shift and go to state 9
    attach_statement               shift and go to state 10
    repeat_statement               shift and go to state 11
    repeat_through_statement       shift and go to state 12
    until_statement                shift and go to state 13
    if_statement                   shift and go to state 14
    ask_statement                  shift and go to state 15
    say_statement                  shift and go to state 16
    call_statement                 shift and go to state 17
    knows_statement                shift and go to state 18
    forgets_statement              shift and go to state 19
    whenever_statement             shift and go to state 20
    remove_statement               shift and go to state 21
    announce_statement             shift and go to state 22
    world_remembers                shift and go to state 23
    world_forgets                  shift and go to state 24
    save_world                     shift and go to state 25
    restore_world                  shift and go to state 26
    expression                     shift and go to state 31
    attribute_path                 shift and go to state 34
    world_expr                     shift and go to state 53

state 231

    (44) method -> METHOD IDENTIFIER opt_separator statements . opt_separator END METHOD
    (5) statements -> statements . statement_with_newline
    (11) opt_separator -> . separator
    (12) opt_separator -> .
    (7) statement_with_newline -> . statement separator
    (8) statement_with_newline -> . statement
    (9) separator -> . separator NEWLINE
    (10) separator -> . NEWLINE
    (13) statement -> . class_definition
    (14) statement -> . create_statement
    (15) statement -> . set_statement
    (16) statement -> . attach_statement
    (17) statement -> . repeat_statement
    (18) statement -> . repeat_through_statement
    (19) statement -> . until_statement
    (20) statement -> . if_statement
    (21) statement -> . ask_statement
    (22) statement -> . say_statement
    (23) statement -> . call_statement
    (24) statement -> . knows_statement
    (25) statement -> . forgets_statement
    (26) statement -> . whenever_statement
    (27) statement -> . remove_statement
    (28) statement -> . announce_statement
    (29) statement -> . world_remembers
    (30) statement -> . world_forgets
    (31) statement -> . save_world
    (32) statement -> . restore_world
    (33) class_definition -> . CLASS IDENTIFIER opt_separator class_body opt_separator END CLASS
    (34) class_definition -> . CLASS IDENTIFIER FROM IDENTIFIER opt_separator class_body opt_separator END CLASS
    (35) class_definition -> . CREATURE IDENTIFIER opt_separator class_body opt_separator END CREATURE
    (36) class_definition -> . CREATURE IDENTIFIER FROM IDENTIFIER opt_separator class_body opt_separator END CREATURE
    (52) create_statement -> . CREATE IDENTIFIER IDENTIFIER WITH expression
    (53) create_statement -> . CREATE IDENTIFIER IDENTIFIER
    (54) create_statement -> . BRING IDENTIFIER TO LIFE AS IDENTIFIER WITH expression
    (55) create_statement -> . BRING IDENTIFIER TO LIFE AS IDENTIFIER
    (56) set_statement -> . SET attribute_path TO expression
    (57) set_statement -> . GIVE attribute_path IDENTIFIER TRAIT IDENTIFIER TO expression
    (58) set_statement -> . GIVE attribute_path TRAIT IDENTIFIER TO expression
    (59) attach_statement -> . ATTACH expression TO expression
    (60) repeat_statement -> . REPEAT expression TIMES opt_separator statements opt_separator END REPEAT
    (61) repeat_through_statement -> . REPEAT THROUGH expression AS attribute_path opt_separator statements opt_separator END REPEAT
    (62) until_statement -> . UNTIL condition opt_separator statements opt_separator END UNTIL
    (63) if_statement -> . IF condition opt_separator statements opt_separator ELSE opt_separator statements opt_separator END IF
    (64) if_statement -> . IF condition opt_separator statements opt_separator END IF
    (65) if_statement -> . WHEN condition opt_separator statements opt_separator OTHERWISE opt_separator statements opt_separator END WHEN
    (66) if_statement -> . WHEN condition opt_separator statements opt_separator END WHEN
    (67) ask_statement -> . ASK STRING
    (68) say_statement -> . SAY expression
    (69) call_statement -> . CALL attribute_path
    (70) call_statement -> . expression DOES action_name
    (71) knows_statement -> . expression KNOWS expression
    (72) knows_statement -> . expression KNOWS expression AS IDENTIFIER
    (73) forgets_statement -> . expression FORGETS IDENTIFIER
    (74) whenever_statement -> . WHENEVER subject DOES action_name opt_separator statements opt_separator END WHENEVER
    (75) whenever_statement -> . WHENEVER subject GETS TRAIT IDENTIFIER CHANGED opt_separator statements opt_separator END WHENEVER
    (76) whenever_statement -> . WHENEVER subject IDENTIFIER BORN opt_separator statements opt_separator END WHENEVER
    (77) whenever_statement -> . WHENEVER subject IDENTIFIER opt_separator statements opt_separator END WHENEVER
    (80) remove_statement -> . REMOVE IDENTIFIER FROM WORLD
    (81) announce_statement -> . ANNOUNCE expression
    (82) world_remembers -> . THE_WORLD REMEMBERS fact_name AS expression
    (83) world_forgets -> . THE_WORLD FORGETS fact_name
    (84) save_world -> . SAVE THE_WORLD TO expression
    (85) restore_world -> . RESTORE THE_WORLD FROM expression
    (96) expression -> . STRING
    (97) expression -> . NUMBER
    (98) expression -> . attribute_path
    (99) expression -> . expression PLUS expression
    (100) expression -> . expression MINUS expression
    (101) expression -> . LPAREN expression_list RPAREN
    (102) expression -> . world_expr
    (50) attribute_path -> . IDENTIFIER
    (51) attribute_path -> . attribute_path IDENTIFIER
    (103) world_expr -> . THE_WORLD KNOWS fact_name
    (104) world_expr -> . THE_WORLDS IDENTIFIER CREATURES
    (105) world_expr -> . THE_WORLD COUNTS IDENTIFIER

    END             reduce using rule 12 (opt_separator -> .)
    NEWLINE         shift and go to state 57
    CLASS           shift and go to state 27
    CREATURE        shift and go to state 29
    CREATE          shift and go to state 30
    BRING           shift and go to state 32
    SET             shift and go to state 33
    GIVE            shift and go to state 35
    ATTACH          shift and go to state 36
    REPEAT          shift and go to state 37
    UNTIL           shift and go to state 38
    IF              shift and go to state 39
    WHEN            shift and go to state 40
    ASK             shift and go to state 41
    SAY             shift and go to state 43
    CALL            shift and go to state 44
    WHENEVER        shift and go to state 45
    REMOVE          shift and go to state 46
    ANNOUNCE        shift and go to state 47
    THE_WORLD       shift and go to state 48
    SAVE            shift and go to state 49
    RESTORE         shift and go to state 50
    STRING          shift and go to state 42
    NUMBER          shift and go to state 51
    LPAREN          shift and go to state 52
    IDENTIFIER      shift and go to state 28
    THE_WORLDS      shift and go to state 54

    opt_separator                  shift and go to state 253
    statement_with_newline         shift and go to state 55
    separator                      shift and go to state 98
    statement                      shift and go to state 6
    class_definition               shift and go to state 7
    create_statement               shift and go to state 8
    set_statement                  shift and go to state 9
    attach_statement               shift and go to state 10
    repeat_statement               shift and go to state 11
    repeat_through_statement       shift and go to state 12
    until_statement                shift and go to state 13
    if_statement                   shift and go to state 14
    ask_statement                  shift and go to state 15
    say_statement                  shift and go to state 16
    call_statement                 shift and go to state 17
    knows_statement                shift and go to state 18
    forgets_statement              shift and go to state 19
    whenever_statement             shift and go to state 20
    remove_statement               shift and go to state 21
    announce_statement             shift and go to state 22
    world_remembers                shift and go to state 23
    world_forgets                  shift and go to state 24
    save_world                     shift and go to state 25
    restore_world                  shift and go to state 26
    expression                     shift and go to state 31
    attribute_path                 shift and go to state 34
    world_expr                     shift and go to state 53

state 232

    (45) method -> ACTION action_name opt_separator statements . opt_separator END ACTION
    (5) statements -> statements . statement_with_newline
    (11) opt_separator -> . separator
    (12) opt_separator -> .
    (7) statement_with_newline -> . statement separator
    (8) statement_with_newline -> . statement
    (9) separator -> . separator NEWLINE
    (10) separator -> . NEWLINE
    (13) statement -> . class_definition
    (14) statement -> . create_statement
    (15) statement -> . set_statement
    (16) statement -> . attach_statement
    (17) statement -> . repeat_statement
    (18) statement -> . repeat_through_statement
    (19) statement -> . until_statement
    (20) statement -> . if_statement
    (21) statement -> . ask_statement
    (22) statement -> . say_statement
    (23) statement -> . call_statement
    (24) statement -> . knows_statement
    (25) statement -> . forgets_statement
    (26) statement -> . whenever_statement
    (27) statement -> . remove_statement
    (28) statement -> . announce_statement
    (29) statement -> . world_remembers
    (30) statement -> . world_forgets
    (31) statement -> . save_world
    (32) statement -> . restore_world
    (33) class_definition -> . CLASS IDENTIFIER opt_separator class_body opt_separator END CLASS
    (34) class_definition -> . CLASS IDENTIFIER FROM IDENTIFIER opt_separator class_body opt_separator END CLASS
    (35) class_definition -> . CREATURE IDENTIFIER opt_separator class_body opt_separator END CREATURE
    (36) class_definition -> . CREATURE IDENTIFIER FROM IDENTIFIER opt_separator class_body opt_separator END CREATURE
    (52) create_statement -> . CREATE IDENTIFIER IDENTIFIER WITH expression
    (53) create_statement -> . CREATE IDENTIFIER IDENTIFIER
    (54) create_statement -> . BRING IDENTIFIER TO LIFE AS IDENTIFIER WITH expression
    (55) create_statement -> . BRING IDENTIFIER TO LIFE AS IDENTIFIER
    (56) set_statement -> . SET attribute_path TO expression
    (57) set_statement -> . GIVE attribute_path IDENTIFIER TRAIT IDENTIFIER TO expression
    (58) set_statement -> . GIVE attribute_path TRAIT IDENTIFIER TO expression
    (59) attach_statement -> . ATTACH expression TO expression
    (60) repeat_statement -> . REPEAT expression TIMES opt_separator statements opt_separator END REPEAT
    (61) repeat_through_statement -> . REPEAT THROUGH expression AS attribute_path opt_separator statements opt_separator END REPEAT
    (62) until_statement -> . UNTIL condition opt_separator statements opt_separator END UNTIL
    (63) if_statement -> . IF condition opt_separator statements opt_separator ELSE opt_separator statements opt_separator END IF
    (64) if_statement -> . IF condition opt_separator statements opt_separator END IF
    (65) if_statement -> . WHEN condition opt_separator statements opt_separator OTHERWISE opt_separator statements opt_separator END WHEN
    (66) if_statement -> . WHEN condition opt_separator statements opt_separator END WHEN
    (67) ask_statement -> . ASK STRING
    (68) say_statement -> . SAY expression
    (69) call_statement -> . CALL attribute_path
    (70) call_statement -> . expression DOES action_name
    (71) knows_statement -> . expression KNOWS expression
    (72) knows_statement -> . expression KNOWS expression AS IDENTIFIER
    (73) forgets_statement -> . expression FORGETS IDENTIFIER
    (74) whenever_statement -> . WHENEVER subject DOES action_name opt_separator statements opt_separator END WHENEVER
    (75) whenever_statement -> . WHENEVER subject GETS TRAIT IDENTIFIER CHANGED opt_separator statements opt_separator END WHENEVER
    (76) whenever_statement -> . WHENEVER subject IDENTIFIER BORN opt_separator statements opt_separator END WHENEVER
    (77) whenever_statement -> . WHENEVER subject IDENTIFIER opt_separator statements opt_separator END WHENEVER
    (80) remove_statement -> . REMOVE IDENTIFIER FROM WORLD
    (81) announce_statement -> . ANNOUNCE expression
    (82) world_remembers -> . THE_WORLD REMEMBERS fact_name AS expression
    (83) world_forgets -> . THE_WORLD FORGETS fact_name
    (84) save_world -> . SAVE THE_WORLD TO expression
    (85) restore_world -> . RESTORE THE_WORLD FROM expression
    (96) expression -> . STRING
    (97) expression -> . NUMBER
    (98) expression -> . attribute_path
    (99) expression -> . expression PLUS expression
    (100) expression -> . expression MINUS expression
    (101) expression -> . LPAREN expression_list RPAREN
    (102) expression -> . world_expr
    (50) attribute_path -> . IDENTIFIER
    (51) attribute_path -> . attribute_path IDENTIFIER
    (103) world_expr -> . THE_WORLD KNOWS fact_name
    (104) world_expr -> . THE_WORLDS IDENTIFIER CREATURES
    (105) world_expr -> . THE_WORLD COUNTS IDENTIFIER

    END             reduce using rule 12 (opt_separator -> .)
    NEWLINE         shift and go to state 57
    CLASS           shift and go to state 27
    CREATURE        shift and go to state 29
    CREATE          shift and go to state 30
    BRING           shift and go to state 32
    SET             shift and go to state 33
    GIVE            shift and go to state 35
    ATTACH          shift and go to state 36
    REPEAT          shift and go to state 37
    UNTIL           shift and go to state 38
    IF              shift and go to state 39
    WHEN            shift and go to state 40
    ASK             shift and go to state 41
    SAY             shift and go to state 43
    CALL            shift and go to state 44
    WHENEVER        shift and go to state 45
    REMOVE          shift and go to state 46
    ANNOUNCE        shift and go to state 47
    THE_WORLD       shift and go to state 48
    SAVE            shift and go to state 49
    RESTORE         shift and go to state 50
    STRING          shift and go to state 42
    NUMBER          shift and go to state 51
    LPAREN          shift and go to state 52
    IDENTIFIER      shift and go to state 28
    THE_WORLDS      shift and go to state 54

    opt_separator                  shift and go to state 254
    statement_with_newline         shift and go to state 55
    separator                      shift and go to state 98
    statement                      shift and go to state 6
    class_definition               shift and go to state 7
    create_statement               shift and go to state 8
    set_statement                  shift and go to state 9
    attach_statement               shift and go to state 10
    repeat_statement               shift and go to state 11
    repeat_through_statement       shift and go to state 12
    until_statement                shift and go to state 13
    if_statement                   shift and go to state 14
    ask_statement                  shift and go to state 15
    say_statement                  shift and go to state 16
    call_statement                 shift and go to state 17
    knows_statement                shift and go to state 18
    forgets_statement              shift and go to state 19
    whenever_statement             shift and go to state 20
    remove_statement               shift and go to state 21
    announce_statement             shift and go to state 22
    world_remembers                shift and go to state 23
    world_forgets                  shift and go to state 24
    save_world                     shift and go to state 25
    restore_world                  shift and go to state 26
    expression                     shift and go to state 31
    attribute_path                 shift and go to state 34
    world_expr                     shift and go to state 53

state 233

    (34) class_definition -> CLASS IDENTIFIER FROM IDENTIFIER opt_separator class_body opt_separator . END CLASS

    END             shift and go to state 255


state 234

    (35) class_definition -> CREATURE IDENTIFIER opt_separator class_body opt_separator END CREATURE .

    NEWLINE         reduce using rule 35 (class_definition -> CREATURE IDENTIFIER opt_separator class_body opt_separator END CREATURE .)
    CLASS           reduce using rule 35 (class_definition -> CREATURE IDENTIFIER opt_separator class_body opt_separator END CREATURE .)
    CREATURE        reduce using rule 35 (class_definition -> CREATURE IDENTIFIER opt_separator class_body opt_separator END CREATURE .)
    CREATE          reduce using rule 35 (class_definition -> CREATURE IDENTIFIER opt_separator class_body opt_separator END CREATURE .)
    BRING           reduce using rule 35 (class_definition -> CREATURE IDENTIFIER opt_separator class_body opt_separator END CREATURE .)
    SET             reduce using rule 35 (class_definition -> CREATURE IDENTIFIER opt_separator class_body opt_separator END CREATURE .)
    GIVE            reduce using rule 35 (class_definition -> CREATURE IDENTIFIER opt_separator class_body opt_separator END CREATURE .)
    ATTACH          reduce using rule 35 (class_definition -> CREATURE IDENTIFIER opt_separator class_body opt_separator END CREATURE .)
    REPEAT          reduce using rule 35 (class_definition -> CREATURE IDENTIFIER opt_separator class_body opt_separator END CREATURE .)
    UNTIL           reduce using rule 35 (class_definition -> CREATURE IDENTIFIER opt_separator class_body opt_separator END CREATURE .)
    IF              reduce using rule 35 (class_definition -> CREATURE IDENTIFIER opt_separator class_body opt_separator END CREATURE .)
    WHEN            reduce using rule 35 (class_definition -> CREATURE IDENTIFIER opt_separator class_body opt_separator END CREATURE .)
    ASK             reduce using rule 35 (class_definition -> CREATURE IDENTIFIER opt_separator class_body opt_separator END CREATURE .)
    SAY             reduce using rule 35 (class_definition -> CREATURE IDENTIFIER opt_separator class_body opt_separator END CREATURE .)
    CALL            reduce using rule 35 (class_definition -> CREATURE IDENTIFIER opt_separator class_body opt_separator END CREATURE .)
    WHENEVER        reduce using rule 35 (class_definition -> CREATURE IDENTIFIER opt_separator class_body opt_separator END CREATURE .)
    REMOVE          reduce using rule 35 (class_definition -> CREATURE IDENTIFIER opt_separator class_body opt_separator END CREATURE .)
    ANNOUNCE        reduce using rule 35 (class_definition -> CREATURE IDENTIFIER opt_separator class_body opt_separator END CREATURE .)
    THE_WORLD       reduce using rule 35 (class_definition -> CREATURE IDENTIFIER opt_separator class_body opt_separator END CREATURE .)
    SAVE            reduce using rule 35 (class_definition -> CREATURE IDENTIFIER opt_separator class_body opt_separator END CREATURE .)
    RESTORE         reduce using rule 35 (class_definition -> CREATURE IDENTIFIER opt_separator class_body opt_separator END CREATURE .)
    STRING          reduce using rule 35 (class_definition -> CREATURE IDENTIFIER opt_separator class_body opt_separator END CREATURE .)
    NUMBER          reduce using rule 35 (class_definition -> CREATURE IDENTIFIER opt_separator class_body opt_separator END CREATURE .)
    LPAREN          reduce using rule 35 (class_definition -> CREATURE IDENTIFIER opt_separator class_body opt_separator END CREATURE .)
    IDENTIFIER      reduce using rule 35 (class_definition -> CREATURE IDENTIFIER opt_separator class_body opt_separator END CREATURE .)
    THE_WORLDS      reduce using rule 35 (class_definition -> CREATURE IDENTIFIER opt_separator class_body opt_separator END CREATURE .)
    $end            reduce using rule 35 (class_definition -> CREATURE IDENTIFIER opt_separator class_body opt_separator END CREATURE .)
    END             reduce using rule 35 (class_definition -> CREATURE IDENTIFIER opt_separator class_body opt_separator END CREATURE .)
    ELSE            reduce using rule 35 (class_definition -> CREATURE IDENTIFIER opt_separator class_body opt_separator END CREATURE .)
    OTHERWISE       reduce using rule 35 (class_definition -> CREATURE IDENTIFIER opt_separator class_body opt_separator END CREATURE .)


state 235

    (36) class_definition -> CREATURE IDENTIFIER FROM IDENTIFIER opt_separator class_body opt_separator . END CREATURE

    END             shift and go to state 256


state 236

    (54) create_statement -> BRING IDENTIFIER TO LIFE AS IDENTIFIER WITH . expression
    (96) expression -> . STRING
    (97) expression -> . NUMBER
    (98) expression -> . attribute_path
    (99) expression -> . expression PLUS expression
    (100) expression -> . expression MINUS expression
    (101) expression -> . LPAREN expression_list RPAREN
    (102) expression -> . world_expr
    (50) attribute_path -> . IDENTIFIER
    (51) attribute_path -> . attribute_path IDENTIFIER
    (103) world_expr -> . THE_WORLD KNOWS fact_name
    (104) world_expr -> . THE_WORLDS IDENTIFIER CREATURES
    (105) world_expr -> . THE_WORLD COUNTS IDENTIFIER

    STRING          shift and go to state 42
    NUMBER          shift and go to state 51
    LPAREN          shift and go to state 52
    IDENTIFIER      shift and go to state 28
    THE_WORLD       shift and go to state 71
    THE_WORLDS      shift and go to state 54

    expression                     shift and go to state 257
    attribute_path                 shift and go to state 34
    world_expr                     shift and go to state 53

state 237

    (57) set_statement -> GIVE attribute_path IDENTIFIER TRAIT IDENTIFIER TO expression .
    (99) expression -> expression . PLUS expression
    (100) expression -> expression . MINUS expression

    NEWLINE         reduce using rule 57 (set_statement -> GIVE attribute_path IDENTIFIER TRAIT IDENTIFIER TO expression .)
    CLASS           reduce using rule 57 (set_statement -> GIVE attribute_path IDENTIFIER TRAIT IDENTIFIER TO expression .)
    CREATURE        reduce using rule 57 (set_statement -> GIVE attribute_path IDENTIFIER TRAIT IDENTIFIER TO expression .)
    CREATE          reduce using rule 57 (set_statement -> GIVE attribute_path IDENTIFIER TRAIT IDENTIFIER TO expression .)
    BRING           reduce using rule 57 (set_statement -> GIVE attribute_path IDENTIFIER TRAIT IDENTIFIER TO expression .)
    SET             reduce using rule 57 (set_statement -> GIVE attribute_path IDENTIFIER TRAIT IDENTIFIER TO expression .)
    GIVE            reduce using rule 57 (set_statement -> GIVE attribute_path IDENTIFIER TRAIT IDENTIFIER TO expression .)
    ATTACH          reduce using rule 57 (set_statement -> GIVE attribute_path IDENTIFIER TRAIT IDENTIFIER TO expression .)
    REPEAT          reduce using rule 57 (set_statement -> GIVE attribute_path IDENTIFIER TRAIT IDENTIFIER TO expression .)
    UNTIL           reduce using rule 57 (set_statement -> GIVE attribute_path IDENTIFIER TRAIT IDENTIFIER TO expression .)
    IF              reduce using rule 57 (set_statement -> GIVE attribute_path IDENTIFIER TRAIT IDENTIFIER TO expression .)
    WHEN            reduce using rule 57 (set_statement -> GIVE attribute_path IDENTIFIER TRAIT IDENTIFIER TO expression .)
    ASK             reduce using rule 57 (set_statement -> GIVE attribute_path IDENTIFIER TRAIT IDENTIFIER TO expression .)
    SAY             reduce using rule 57 (set_statement -> GIVE attribute_path IDENTIFIER TRAIT IDENTIFIER TO expression .)
    CALL            reduce using rule 57 (set_statement -> GIVE attribute_path IDENTIFIER TRAIT IDENTIFIER TO expression .)
    WHENEVER        reduce using rule 57 (set_statement -> GIVE attribute_path IDENTIFIER TRAIT IDENTIFIER TO expression .)
    REMOVE          reduce using rule 57 (set_statement -> GIVE attribute_path IDENTIFIER TRAIT IDENTIFIER TO expression .)
    ANNOUNCE        reduce using rule 57 (set_statement -> GIVE attribute_path IDENTIFIER TRAIT IDENTIFIER TO expression .)
    THE_WORLD       reduce using rule 57 (set_statement -> GIVE attribute_path IDENTIFIER TRAIT IDENTIFIER TO expression .)
    SAVE            reduce using rule 57 (set_statement -> GIVE attribute_path IDENTIFIER TRAIT IDENTIFIER TO expression .)
    RESTORE         reduce using rule 57 (set_statement -> GIVE attribute_path IDENTIFIER TRAIT IDENTIFIER TO expression .)
    STRING          reduce using rule 57 (set_statement -> GIVE attribute_path IDENTIFIER TRAIT IDENTIFIER TO expression .)
    NUMBER          reduce using rule 57 (set_statement -> GIVE attribute_path IDENTIFIER TRAIT IDENTIFIER TO expression .)
    LPAREN          reduce using rule 57 (set_statement -> GIVE attribute_path IDENTIFIER TRAIT IDENTIFIER TO expression .)
    IDENTIFIER      reduce using rule 57 (set_statement -> GIVE attribute_path IDENTIFIER TRAIT IDENTIFIER TO expression .)
    THE_WORLDS      reduce using rule 57 (set_statement -> GIVE attribute_path IDENTIFIER TRAIT IDENTIFIER TO expression .)
    $end            reduce using rule 57 (set_statement -> GIVE attribute_path IDENTIFIER TRAIT IDENTIFIER TO expression .)
    END             reduce using rule 57 (set_statement -> GIVE attribute_path IDENTIFIER TRAIT IDENTIFIER TO expression .)
    ELSE            reduce using rule 57 (set_statement -> GIVE attribute_path IDENTIFIER TRAIT IDENTIFIER TO expression .)
    OTHERWISE       reduce using rule 57 (set_statement -> GIVE attribute_path IDENTIFIER TRAIT IDENTIFIER TO expression .)
    PLUS            shift and go to state 64
    MINUS           shift and go to state 65


state 238

    (60) repeat_statement -> REPEAT expression TIMES opt_separator statements opt_separator END . REPEAT

    REPEAT          shift and go to state 258


state 239

    (61) repeat_through_statement -> REPEAT THROUGH expression AS attribute_path opt_separator statements . opt_separator END REPEAT
    (5) statements -> statements . statement_with_newline
    (11) opt_separator -> . separator
    (12) opt_separator -> .
    (7) statement_with_newline -> . statement separator
    (8) statement_with_newline -> . statement
    (9) separator -> . separator NEWLINE
    (10) separator -> . NEWLINE
    (13) statement -> . class_definition
    (14) statement -> . create_statement
    (15) statement -> . set_statement
    (16) statement -> . attach_statement
    (17) statement -> . repeat_statement
    (18) statement -> . repeat_through_statement
    (19) statement -> . until_statement
    (20) statement -> . if_statement
    (21) statement -> . ask_statement
    (22) statement -> . say_statement
    (23) statement -> . call_statement
    (24) statement -> . knows_statement
    (25) statement -> . forgets_statement
    (26) statement -> . whenever_statement
    (27) statement -> . remove_statement
    (28) statement -> . announce_statement
    (29) statement -> . world_remembers
    (30) statement -> . world_forgets
    (31) statement -> . save_world
    (32) statement -> . restore_world
    (33) class_definition -> . CLASS IDENTIFIER opt_separator class_body opt_separator END CLASS
    (34) class_definition -> . CLASS IDENTIFIER FROM IDENTIFIER opt_separator class_body opt_separator END CLASS
    (35) class_definition -> . CREATURE IDENTIFIER opt_separator class_body opt_separator END CREATURE
    (36) class_definition -> . CREATURE IDENTIFIER FROM IDENTIFIER opt_separator class_body opt_separator END CREATURE
    (52) create_statement -> . CREATE IDENTIFIER IDENTIFIER WITH expression
    (53) create_statement -> . CREATE IDENTIFIER IDENTIFIER
    (54) create_statement -> . BRING IDENTIFIER TO LIFE AS IDENTIFIER WITH expression
    (55) create_statement -> . BRING IDENTIFIER TO LIFE AS IDENTIFIER
    (56) set_statement -> . SET attribute_path TO expression
    (57) set_statement -> . GIVE attribute_path IDENTIFIER TRAIT IDENTIFIER TO expression
    (58) set_statement -> . GIVE attribute_path TRAIT IDENTIFIER TO expression
    (59) attach_statement -> . ATTACH expression TO expression
    (60) repeat_statement -> . REPEAT expression TIMES opt_separator statements opt_separator END REPEAT
    (61) repeat_through_statement -> . REPEAT THROUGH expression AS attribute_path opt_separator statements opt_separator END REPEAT
    (62) until_statement -> . UNTIL condition opt_separator statements opt_separator END UNTIL
    (63) if_statement -> . IF condition opt_separator statements opt_separator ELSE opt_separator statements opt_separator END IF
    (64) if_statement -> . IF condition opt_separator statements opt_separator END IF
    (65) if_statement -> . WHEN condition opt_separator statements opt_separator OTHERWISE opt_separator statements opt_separator END WHEN
    (66) if_statement -> . WHEN condition opt_separator statements opt_separator END WHEN
    (67) ask_statement -> . ASK STRING
    (68) say_statement -> . SAY expression
    (69) call_statement -> . CALL attribute_path
    (70) call_statement -> . expression DOES action_name
    (71) knows_statement -> . expression KNOWS expression
    (72) knows_statement -> . expression KNOWS expression AS IDENTIFIER
    (73) forgets_statement -> . expression FORGETS IDENTIFIER
    (74) whenever_statement -> . WHENEVER subject DOES action_name opt_separator statements opt_separator END WHENEVER
    (75) whenever_statement -> . WHENEVER subject GETS TRAIT IDENTIFIER CHANGED opt_separator statements opt_separator END WHENEVER
    (76) whenever_statement -> . WHENEVER subject IDENTIFIER BORN opt_separator statements opt_separator END WHENEVER
    (77) whenever_statement -> . WHENEVER subject IDENTIFIER opt_separator statements opt_separator END WHENEVER
    (80) remove_statement -> . REMOVE IDENTIFIER FROM WORLD
    (81) announce_statement -> . ANNOUNCE expression
    (82) world_remembers -> . THE_WORLD REMEMBERS fact_name AS expression
    (83) world_forgets -> . THE_WORLD FORGETS fact_name
    (84) save_world -> . SAVE THE_WORLD TO expression
    (85) restore_world -> . RESTORE THE_WORLD FROM expression
    (96) expression -> . STRING
    (97) expression -> . NUMBER
    (98) expression -> . attribute_path
    (99) expression -> . expression PLUS expression
    (100) expression -> . expression MINUS expression
    (101) expression -> . LPAREN expression_list RPAREN
    (102) expression -> . world_expr
    (50) attribute_path -> . IDENTIFIER
    (51) attribute_path -> . attribute_path IDENTIFIER
    (103) world_expr -> . THE_WORLD KNOWS fact_name
    (104) world_expr -> . THE_WORLDS IDENTIFIER CREATURES
    (105) world_expr -> . THE_WORLD COUNTS IDENTIFIER

    END             reduce using rule 12 (opt_separator -> .)
    NEWLINE         shift and go to state 57
    CLASS           shift and go to state 27
    CREATURE        shift and go to state 29
    CREATE          shift and go to state 30
    BRING           shift and go to state 32
    SET             shift and go to state 33
    GIVE            shift and go to state 35
    ATTACH          shift and go to state 36
    REPEAT          shift and go to state 37
    UNTIL           shift and go to state 38
    IF              shift and go to state 39
    WHEN            shift and go to state 40
    ASK             shift and go to state 41
    SAY             shift and go to state 43
    CALL            shift and go to state 44
    WHENEVER        shift and go to state 45
    REMOVE          shift and go to state 46
    ANNOUNCE        shift and go to state 47
    THE_WORLD       shift and go to state 48
    SAVE            shift and go to state 49
    RESTORE         shift and go to state 50
    STRING          shift and go to state 42
    NUMBER          shift and go to state 51
    LPAREN          shift and go to state 52
    IDENTIFIER      shift and go to state 28
    THE_WORLDS      shift and go to state 54

    expression                     shift and go to state 31
    attribute_path                 shift and go to state 34
    opt_separator                  shift and go to state 259
    statement_with_newline         shift and go to state 55
    separator                      shift and go to state 98
    statement                      shift and go to state 6
    class_definition               shift and go to state 7
    create_statement               shift and go to state 8
    set_statement                  shift and go to state 9
    attach_statement               shift and go to state 10
    repeat_statement               shift and go to state 11
    repeat_through_statement       shift and go to state 12
    until_statement                shift and go to state 13
    if_statement                   shift and go to state 14
    ask_statement                  shift and go to state 15
    say_statement                  shift and go to state 16
    call_statement                 shift and go to state 17
    knows_statement                shift and go to state 18
    forgets_statement              shift and go to state 19
    whenever_statement             shift and go to state 20
    remove_statement               shift and go to state 21
    announce_statement             shift and go to state 22
    world_remembers                shift and go to state 23
    world_forgets                  shift and go to state 24
    save_world                     shift and go to state 25
    restore_world                  shift and go to state 26
    world_expr                     shift and go to state 53

state 240

    (62) until_statement -> UNTIL condition opt_separator statements opt_separator END UNTIL .

    NEWLINE         reduce using rule 62 (until_statement -> UNTIL condition opt_separator statements opt_separator END UNTIL .)
    CLASS           reduce using rule 62 (until_statement -> UNTIL condition opt_separator statements opt_separator END UNTIL .)
    CREATURE        reduce using rule 62 (until_statement -> UNTIL condition opt_separator statements opt_separator END UNTIL .)
    CREATE          reduce using rule 62 (until_statement -> UNTIL condition opt_separator statements opt_separator END UNTIL .)
    BRING           reduce using rule 62 (until_statement -> UNTIL condition opt_separator statements opt_separator END UNTIL .)
    SET             reduce using rule 62 (until_statement -> UNTIL condition opt_separator statements opt_separator END UNTIL .)
    GIVE            reduce using rule 62 (until_statement -> UNTIL condition opt_separator statements opt_separator END UNTIL .)
    ATTACH          reduce using rule 62 (until_statement -> UNTIL condition opt_separator statements opt_separator END UNTIL .)
    REPEAT          reduce using rule 62 (until_statement -> UNTIL condition opt_separator statements opt_separator END UNTIL .)
    UNTIL           reduce using rule 62 (until_statement -> UNTIL condition opt_separator statements opt_separator END UNTIL .)
    IF              reduce using rule 62 (until_statement -> UNTIL condition opt_separator statements opt_separator END UNTIL .)
    WHEN            reduce using rule 62 (until_statement -> UNTIL condition opt_separator statements opt_separator END UNTIL .)
    ASK             reduce using rule 62 (until_statement -> UNTIL condition opt_separator statements opt_separator END UNTIL .)
    SAY             reduce using rule 62 (until_statement -> UNTIL condition opt_separator statements opt_separator END UNTIL .)
    CALL            reduce using rule 62 (until_statement -> UNTIL condition opt_separator statements opt_separator END UNTIL .)
    WHENEVER        reduce using rule 62 (until_statement -> UNTIL condition opt_separator statements opt_separator END UNTIL .)
    REMOVE          reduce using rule 62 (until_statement -> UNTIL condition opt_separator statements opt_separator END UNTIL .)
    ANNOUNCE        reduce using rule 62 (until_statement -> UNTIL condition opt_separator statements opt_separator END UNTIL .)
    THE_WORLD       reduce using rule 62 (until_statement -> UNTIL condition opt_separator statements opt_separator END UNTIL .)
    SAVE            reduce using rule 62 (until_statement -> UNTIL condition opt_separator statements opt_separator END UNTIL .)
    RESTORE         reduce using rule 62 (until_statement -> UNTIL condition opt_separator statements opt_separator END UNTIL .)
    STRING          reduce using rule 62 (until_statement -> UNTIL condition opt_separator statements opt_separator END UNTIL .)
    NUMBER          reduce using rule 62 (until_statement -> UNTIL condition opt_separator statements opt_separator END UNTIL .)
    LPAREN          reduce using rule 62 (until_statement -> UNTIL condition opt_separator statements opt_separator END UNTIL .)
    IDENTIFIER      reduce using rule 62 (until_statement -> UNTIL condition opt_separator statements opt_separator END UNTIL .)
    THE_WORLDS      reduce using rule 62 (until_statement -> UNTIL condition opt_separator statements opt_separator END UNTIL .)
    $end            reduce using rule 62 (until_statement -> UNTIL condition opt_separator statements opt_separator END UNTIL .)
    END             reduce using rule 62 (until_statement -> UNTIL condition opt_separator statements opt_separator END UNTIL .)
    ELSE            reduce using rule 62 (until_statement -> UNTIL condition opt_separator statements opt_separator END UNTIL .)
    OTHERWISE       reduce using rule 62 (until_statement -> UNTIL condition opt_separator statements opt_separator END UNTIL .)


state 241

    (63) if_statement -> IF condition opt_separator statements opt_separator ELSE opt_separator . statements opt_separator END IF
    (5) statements -> . statements statement_with_newline
    (6) statements -> . statement_with_newline
    (7) statement_with_newline -> . statement separator
    (8) statement_with_newline -> . statement
    (13) statement -> . class_definition
    (14) statement -> . create_statement
    (15) statement -> . set_statement
    (16) statement -> . attach_statement
    (17) statement -> . repeat_statement
    (18) statement -> . repeat_through_statement
    (19) statement -> . until_statement
    (20) statement -> . if_statement
    (21) statement -> . ask_statement
    (22) statement -> . say_statement
    (23) statement -> . call_statement
    (24) statement -> . knows_statement
    (25) statement -> . forgets_statement
    (26) statement -> . whenever_statement
    (27) statement -> . remove_statement
    (28) statement -> . announce_statement
    (29) statement -> . world_remembers
    (30) statement -> . world_forgets
    (31) statement -> . save_world
    (32) statement -> . restore_world
    (33) class_definition -> . CLASS IDENTIFIER opt_separator class_body opt_separator END CLASS
    (34) class_definition -> . CLASS IDENTIFIER FROM IDENTIFIER opt_separator class_body opt_separator END CLASS
    (35) class_definition -> . CREATURE IDENTIFIER opt_separator class_body opt_separator END CREATURE
    (36) class_definition -> . CREATURE IDENTIFIER FROM IDENTIFIER opt_separator class_body opt_separator END CREATURE
    (52) create_statement -> . CREATE IDENTIFIER IDENTIFIER WITH expression
    (53) create_statement -> . CREATE IDENTIFIER IDENTIFIER
    (54) create_statement -> . BRING IDENTIFIER TO LIFE AS IDENTIFIER WITH expression
    (55) create_statement -> . BRING IDENTIFIER TO LIFE AS IDENTIFIER
    (56) set_statement -> . SET attribute_path TO expression
    (57) set_statement -> . GIVE attribute_path IDENTIFIER TRAIT IDENTIFIER TO expression
    (58) set_statement -> . GIVE attribute_path TRAIT IDENTIFIER TO expression
    (59) attach_statement -> . ATTACH expression TO expression
    (60) repeat_statement -> . REPEAT expression TIMES opt_separator statements opt_separator END REPEAT
    (61) repeat_through_statement -> . REPEAT THROUGH expression AS attribute_path opt_separator statements opt_separator END REPEAT
    (62) until_statement -> . UNTIL condition opt_separator statements opt_separator END UNTIL
    (63) if_statement -> . IF condition opt_separator statements opt_separator ELSE opt_separator statements opt_separator END IF
    (64) if_statement -> . IF condition opt_separator statements opt_separator END IF
    (65) if_statement -> . WHEN condition opt_separator statements opt_separator OTHERWISE opt_separator statements opt_separator END WHEN
    (66) if_statement -> . WHEN condition opt_separator statements opt_separator END WHEN
    (67) ask_statement -> . ASK STRING
    (68) say_statement -> . SAY expression
    (69) call_statement -> . CALL attribute_path
    (70) call_statement -> . expression DOES action_name
    (71) knows_statement -> . expression KNOWS expression
    (72) knows_statement -> . expression KNOWS expression AS IDENTIFIER
    (73) forgets_statement -> . expression FORGETS IDENTIFIER
    (74) whenever_statement -> . WHENEVER subject DOES action_name opt_separator statements opt_separator END WHENEVER
    (75) whenever_statement -> . WHENEVER subject GETS TRAIT IDENTIFIER CHANGED opt_separator statements opt_separator END WHENEVER
    (76) whenever_statement -> . WHENEVER subject IDENTIFIER BORN opt_separator statements opt_separator END WHENEVER
    (77) whenever_statement -> . WHENEVER subject IDENTIFIER opt_separator statements opt_separator END WHENEVER
    (80) remove_statement -> . REMOVE IDENTIFIER FROM WORLD
    (81) announce_statement -> . ANNOUNCE expression
    (82) world_remembers -> . THE_WORLD REMEMBERS fact_name AS expression
    (83) world_forgets -> . THE_WORLD FORGETS fact_name
    (84) save_world -> . SAVE THE_WORLD TO expression
    (85) restore_world -> . RESTORE THE_WORLD FROM expression
    (96) expression -> . STRING
    (97) expression -> . NUMBER
    (98) expression -> . attribute_path
    (99) expression -> . expression PLUS expression
    (100) expression -> . expression MINUS expression
    (101) expression -> . LPAREN expression_list RPAREN
    (102) expression -> . world_expr
    (50) attribute_path -> . IDENTIFIER
    (51) attribute_path -> . attribute_path IDENTIFIER
    (103) world_expr -> . THE_WORLD KNOWS fact_name
    (104) world_expr -> . THE_WORLDS IDENTIFIER CREATURES
    (105) world_expr -> . THE_WORLD COUNTS IDENTIFIER

    CLASS           shift and go to state 27
    CREATURE        shift and go to state 29
    CREATE          shift and go to state 30
    BRING           shift and go to state 32
    SET             shift and go to state 33
    GIVE            shift and go to state 35
    ATTACH          shift and go to state 36
    REPEAT          shift and go to state 37
    UNTIL           shift and go to state 38
    IF              shift and go to state 39
    WHEN            shift and go to state 40
    ASK             shift and go to state 41
    SAY             shift and go to state 43
    CALL            shift and go to state 44
    WHENEVER        shift and go to state 45
    REMOVE          shift and go to state 46
    ANNOUNCE        shift and go to state 47
    THE_WORLD       shift and go to state 48
    SAVE            shift and go to state 49
    RESTORE         shift and go to state 50
    STRING          shift and go to state 42
    NUMBER          shift and go to state 51
    LPAREN          shift and go to state 52
    IDENTIFIER      shift and go to state 28
    THE_WORLDS      shift and go to state 54

    statements                     shift and go to state 260
    statement_with_newline         shift and go to state 5
    statement                      shift and go to state 6
    class_definition               shift and go to state 7
    create_statement               shift and go to state 8
    set_statement                  shift and go to state 9
    attach_statement               shift and go to state 10
    repeat_statement               shift and go to state 11
    repeat_through_statement       shift and go to state 12
    until_statement                shift and go to state 13
    if_statement                   shift and go to state 14
    ask_statement                  shift and go to state 15
    say_statement                  shift and go to state 16
    call_statement                 shift and go to state 17
    knows_statement                shift and go to state 18
    forgets_statement              shift and go to state 19
    whenever_statement             shift and go to state 20
    remove_statement               shift and go to state 21
    announce_statement             shift and go to state 22
    world_remembers                shift and go to state 23
    world_forgets                  shift and go to state 24
    save_world                     shift and go to state 25
    restore_world                  shift and go to state 26
    expression                     shift and go to state 31
    attribute_path                 shift and go to state 34
    world_expr                     shift and go to state 53

state 242

    (64) if_statement -> IF condition opt_separator statements opt_separator END IF .

    NEWLINE         reduce using rule 64 (if_statement -> IF condition opt_separator statements opt_separator END IF .)
    CLASS           reduce using rule 64 (if_statement -> IF condition opt_separator statements opt_separator END IF .)
    CREATURE        reduce using rule 64 (if_statement -> IF condition opt_separator statements opt_separator END IF .)
    CREATE          reduce using rule 64 (if_statement -> IF condition opt_separator statements opt_separator END IF .)
    BRING           reduce using rule 64 (if_statement -> IF condition opt_separator statements opt_separator END IF .)
    SET             reduce using rule 64 (if_statement -> IF condition opt_separator statements opt_separator END IF .)
    GIVE            reduce using rule 64 (if_statement -> IF condition opt_separator statements opt_separator END IF .)
    ATTACH          reduce using rule 64 (if_statement -> IF condition opt_separator statements opt_separator END IF .)
    REPEAT          reduce using rule 64 (if_statement -> IF condition opt_separator statements opt_separator END IF .)
    UNTIL           reduce using rule 64 (if_statement -> IF condition opt_separator statements opt_separator END IF .)
    IF              reduce using rule 64 (if_statement -> IF condition opt_separator statements opt_separator END IF .)
    WHEN            reduce using rule 64 (if_statement -> IF condition opt_separator statements opt_separator END IF .)
    ASK             reduce using rule 64 (if_statement -> IF condition opt_separator statements opt_separator END IF .)
    SAY             reduce using rule 64 (if_statement -> IF condition opt_separator statements opt_separator END IF .)
    CALL            reduce using rule 64 (if_statement -> IF condition opt_separator statements opt_separator END IF .)
    WHENEVER        reduce using rule 64 (if_statement -> IF condition opt_separator statements opt_separator END IF .)
    REMOVE          reduce using rule 64 (if_statement -> IF condition opt_separator statements opt_separator END IF .)
    ANNOUNCE        reduce using rule 64 (if_statement -> IF condition opt_separator statements opt_separator END IF .)
    THE_WORLD       reduce using rule 64 (if_statement -> IF condition opt_separator statements opt_separator END IF .)
    SAVE            reduce using rule 64 (if_statement -> IF condition opt_separator statements opt_separator END IF .)
    RESTORE         reduce using rule 64 (if_statement -> IF condition opt_separator statements opt_separator END IF .)
    STRING          reduce using rule 64 (if_statement -> IF condition opt_separator statements opt_separator END IF .)
    NUMBER          reduce using rule 64 (if_statement -> IF condition opt_separator statements opt_separator END IF .)
    LPAREN          reduce using rule 64 (if_statement -> IF condition opt_separator statements opt_separator END IF .)
    IDENTIFIER      reduce using rule 64 (if_statement -> IF condition opt_separator statements opt_separator END IF .)
    THE_WORLDS      reduce using rule 64 (if_statement -> IF condition opt_separator statements opt_separator END IF .)
    $end            reduce using rule 64 (if_statement -> IF condition opt_separator statements opt_separator END IF .)
    END             reduce using rule 64 (if_statement -> IF condition opt_separator statements opt_separator END IF .)
    ELSE            reduce using rule 64 (if_statement -> IF condition opt_separator statements opt_separator END IF .)
    OTHERWISE       reduce using rule 64 (if_statement -> IF condition opt_separator statements opt_separator END IF .)


state 243

    (65) if_statement -> WHEN condition opt_separator statements opt_separator OTHERWISE opt_separator . statements opt_separator END WHEN
    (5) statements -> . statements statement_with_newline
    (6) statements -> . statement_with_newline
    (7) statement_with_newline -> . statement separator
    (8) statement_with_newline -> . statement
    (13) statement -> . class_definition
    (14) statement -> . create_statement
    (15) statement -> . set_statement
    (16) statement -> . attach_statement
    (17) statement -> . repeat_statement
    (18) statement -> . repeat_through_statement
    (19) statement -> . until_statement
    (20) statement -> . if_statement
    (21) statement -> . ask_statement
    (22) statement -> . say_statement
    (23) statement -> . call_statement
    (24) statement -> . knows_statement
    (25) statement -> . forgets_statement
    (26) statement -> . whenever_statement
    (27) statement -> . remove_statement
    (28) statement -> . announce_statement
    (29) statement -> . world_remembers
    (30) statement -> . world_forgets
    (31) statement -> . save_world
    (32) statement -> . restore_world
    (33) class_definition -> . CLASS IDENTIFIER opt_separator class_body opt_separator END CLASS
    (34) class_definition -> . CLASS IDENTIFIER FROM IDENTIFIER opt_separator class_body opt_separator END CLASS
    (35) class_definition -> . CREATURE IDENTIFIER opt_separator class_body opt_separator END CREATURE
    (36) class_definition -> . CREATURE IDENTIFIER FROM IDENTIFIER opt_separator class_body opt_separator END CREATURE
    (52) create_statement -> . CREATE IDENTIFIER IDENTIFIER WITH expression
    (53) create_statement -> . CREATE IDENTIFIER IDENTIFIER
    (54) create_statement -> . BRING IDENTIFIER TO LIFE AS IDENTIFIER WITH expression
    (55) create_statement -> . BRING IDENTIFIER TO LIFE AS IDENTIFIER
    (56) set_statement -> . SET attribute_path TO expression
    (57) set_statement -> . GIVE attribute_path IDENTIFIER TRAIT IDENTIFIER TO expression
    (58) set_statement -> . GIVE attribute_path TRAIT IDENTIFIER TO expression
    (59) attach_statement -> . ATTACH expression TO expression
    (60) repeat_statement -> . REPEAT expression TIMES opt_separator statements opt_separator END REPEAT
    (61) repeat_through_statement -> . REPEAT THROUGH expression AS attribute_path opt_separator statements opt_separator END REPEAT
    (62) until_statement -> . UNTIL condition opt_separator statements opt_separator END UNTIL
    (63) if_statement -> . IF condition opt_separator statements opt_separator ELSE opt_separator statements opt_separator END IF
    (64) if_statement -> . IF condition opt_separator statements opt_separator END IF
    (65) if_statement -> . WHEN condition opt_separator statements opt_separator OTHERWISE opt_separator statements opt_separator END WHEN
    (66) if_statement -> . WHEN condition opt_separator statements opt_separator END WHEN
    (67) ask_statement -> . ASK STRING
    (68) say_statement -> . SAY expression
    (69) call_statement -> . CALL attribute_path
    (70) call_statement -> . expression DOES action_name
    (71) knows_statement -> . expression KNOWS expression
    (72) knows_statement -> . expression KNOWS expression AS IDENTIFIER
    (73) forgets_statement -> . expression FORGETS IDENTIFIER
    (74) whenever_statement -> . WHENEVER subject DOES action_name opt_separator statements opt_separator END WHENEVER
    (75) whenever_statement -> . WHENEVER subject GETS TRAIT IDENTIFIER CHANGED opt_separator statements opt_separator END WHENEVER
    (76) whenever_statement -> . WHENEVER subject IDENTIFIER BORN opt_separator statements opt_separator END WHENEVER
    (77) whenever_statement -> . WHENEVER subject IDENTIFIER opt_separator statements opt_separator END WHENEVER
    (80) remove_statement -> . REMOVE IDENTIFIER FROM WORLD
    (81) announce_statement -> . ANNOUNCE expression
    (82) world_remembers -> . THE_WORLD REMEMBERS fact_name AS expression
    (83) world_forgets -> . THE_WORLD FORGETS fact_name
    (84) save_world -> . SAVE THE_WORLD TO expression
    (85) restore_world -> . RESTORE THE_WORLD FROM expression
    (96) expression -> . STRING
    (97) expression -> . NUMBER
    (98) expression -> . attribute_path
    (99) expression -> . expression PLUS expression
    (100) expression -> . expression MINUS expression
    (101) expression -> . LPAREN expression_list RPAREN
    (102) expression -> . world_expr
    (50) attribute_path -> . IDENTIFIER
    (51) attribute_path -> . attribute_path IDENTIFIER
    (103) world_expr -> . THE_WORLD KNOWS fact_name
    (104) world_expr -> . THE_WORLDS IDENTIFIER CREATURES
    (105) world_expr -> . THE_WORLD COUNTS IDENTIFIER

    CLASS           shift and go to state 27
    CREATURE        shift and go to state 29
    CREATE          shift and go to state 30
    BRING           shift and go to state 32
    SET             shift and go to state 33
    GIVE            shift and go to state 35
    ATTACH          shift and go to state 36
    REPEAT          shift and go to state 37
    UNTIL           shift and go to state 38
    IF              shift and go to state 39
    WHEN            shift and go to state 40
    ASK             shift and go to state 41
    SAY             shift and go to state 43
    CALL            shift and go to state 44
    WHENEVER        shift and go to state 45
    REMOVE          shift and go to state 46
    ANNOUNCE        shift and go to state 47
    THE_WORLD       shift and go to state 48
    SAVE            shift and go to state 49
    RESTORE         shift and go to state 50
    STRING          shift and go to state 42
    NUMBER          shift and go to state 51
    LPAREN          shift and go to state 52
    IDENTIFIER      shift and go to state 28
    THE_WORLDS      shift and go to state 54

    statements                     shift and go to state 261
    statement_with_newline         shift and go to state 5
    statement                      shift and go to state 6
    class_definition               shift and go to state 7
    create_statement               shift and go to state 8
    set_statement                  shift and go to state 9
    attach_statement               shift and go to state 10
    repeat_statement               shift and go to state 11
    repeat_through_statement       shift and go to state 12
    until_statement                shift and go to state 13
    if_statement                   shift and go to state 14
    ask_statement                  shift and go to state 15
    say_statement                  shift and go to state 16
    call_statement                 shift and go to state 17
    knows_statement                shift and go to state 18
    forgets_statement              shift and go to state 19
    whenever_statement             shift and go to state 20
    remove_statement               shift and go to state 21
    announce_statement             shift and go to state 22
    world_remembers                shift and go to state 23
    world_forgets                  shift and go to state 24
    save_world                     shift and go to state 25
    restore_world                  shift and go to state 26
    expression                     shift and go to state 31
    attribute_path                 shift and go to state 34
    world_expr                     shift and go to state 53

state 244

    (66) if_statement -> WHEN condition opt_separator statements opt_separator END WHEN .

    NEWLINE         reduce using rule 66 (if_statement -> WHEN condition opt_separator statements opt_separator END WHEN .)
    CLASS           reduce using rule 66 (if_statement -> WHEN condition opt_separator statements opt_separator END WHEN .)
    CREATURE        reduce using rule 66 (if_statement -> WHEN condition opt_separator statements opt_separator END WHEN .)
    CREATE          reduce using rule 66 (if_statement -> WHEN condition opt_separator statements opt_separator END WHEN .)
    BRING           reduce using rule 66 (if_statement -> WHEN condition opt_separator statements opt_separator END WHEN .)
    SET             reduce using rule 66 (if_statement -> WHEN condition opt_separator statements opt_separator END WHEN .)
    GIVE            reduce using rule 66 (if_statement -> WHEN condition opt_separator statements opt_separator END WHEN .)
    ATTACH          reduce using rule 66 (if_statement -> WHEN condition opt_separator statements opt_separator END WHEN .)
    REPEAT          reduce using rule 66 (if_statement -> WHEN condition opt_separator statements opt_separator END WHEN .)
    UNTIL           reduce using rule 66 (if_statement -> WHEN condition opt_separator statements opt_separator END WHEN .)
    IF              reduce using rule 66 (if_statement -> WHEN condition opt_separator statements opt_separator END WHEN .)
    WHEN            reduce using rule 66 (if_statement -> WHEN condition opt_separator statements opt_separator END WHEN .)
    ASK             reduce using rule 66 (if_statement -> WHEN condition opt_separator statements opt_separator END WHEN .)
    SAY             reduce using rule 66 (if_statement -> WHEN condition opt_separator statements opt_separator END WHEN .)
    CALL            reduce using rule 66 (if_statement -> WHEN condition opt_separator statements opt_separator END WHEN .)
    WHENEVER        reduce using rule 66 (if_statement -> WHEN condition opt_separator statements opt_separator END WHEN .)
    REMOVE          reduce using rule 66 (if_statement -> WHEN condition opt_separator statements opt_separator END WHEN .)
    ANNOUNCE        reduce using rule 66 (if_statement -> WHEN condition opt_separator statements opt_separator END WHEN .)
    THE_WORLD       reduce using rule 66 (if_statement -> WHEN condition opt_separator statements opt_separator END WHEN .)
    SAVE            reduce using rule 66 (if_statement -> WHEN condition opt_separator statements opt_separator END WHEN .)
    RESTORE         reduce using rule 66 (if_statement -> WHEN condition opt_separator statements opt_separator END WHEN .)
    STRING          reduce using rule 66 (if_statement -> WHEN condition opt_separator statements opt_separator END WHEN .)
    NUMBER          reduce using rule 66 (if_statement -> WHEN condition opt_separator statements opt_separator END WHEN .)
    LPAREN          reduce using rule 66 (if_statement -> WHEN condition opt_separator statements opt_separator END WHEN .)
    IDENTIFIER      reduce using rule 66 (if_statement -> WHEN condition opt_separator statements opt_separator END WHEN .)
    THE_WORLDS      reduce using rule 66 (if_statement -> WHEN condition opt_separator statements opt_separator END WHEN .)
    $end            reduce using rule 66 (if_statement -> WHEN condition opt_separator statements opt_separator END WHEN .)
    END             reduce using rule 66 (if_statement -> WHEN condition opt_separator statements opt_separator END WHEN .)
    ELSE            reduce using rule 66 (if_statement -> WHEN condition opt_separator statements opt_separator END WHEN .)
    OTHERWISE       reduce using rule 66 (if_statement -> WHEN condition opt_separator statements opt_separator END WHEN .)


state 245

    (74) whenever_statement -> WHENEVER subject DOES action_name opt_separator statements opt_separator . END WHENEVER

    END             shift and go to state 262


state 246

    (75) whenever_statement -> WHENEVER subject GETS TRAIT IDENTIFIER CHANGED opt_separator . statements opt_separator END WHENEVER
    (5) statements -> . statements statement_with_newline
    (6) statements -> . statement_with_newline
    (7) statement_with_newline -> . statement separator
    (8) statement_with_newline -> . statement
    (13) statement -> . class_definition
    (14) statement -> . create_statement
    (15) statement -> . set_statement
    (16) statement -> . attach_statement
    (17) statement -> . repeat_statement
    (18) statement -> . repeat_through_statement
    (19) statement -> . until_statement
    (20) statement -> . if_statement
    (21) statement -> . ask_statement
    (22) statement -> . say_statement
    (23) statement -> . call_statement
    (24) statement -> . knows_statement
    (25) statement -> . forgets_statement
    (26) statement -> . whenever_statement
    (27) statement -> . remove_statement
    (28) statement -> . announce_statement
    (29) statement -> . world_remembers
    (30) statement -> . world_forgets
    (31) statement -> . save_world
    (32) statement -> . restore_world
    (33) class_definition -> . CLASS IDENTIFIER opt_separator class_body opt_separator END CLASS
    (34) class_definition -> . CLASS IDENTIFIER FROM IDENTIFIER opt_separator class_body opt_separator END CLASS
    (35) class_definition -> . CREATURE IDENTIFIER opt_separator class_body opt_separator END CREATURE
    (36) class_definition -> . CREATURE IDENTIFIER FROM IDENTIFIER opt_separator class_body opt_separator END CREATURE
    (52) create_statement -> . CREATE IDENTIFIER IDENTIFIER WITH expression
    (53) create_statement -> . CREATE IDENTIFIER IDENTIFIER
    (54) create_statement -> . BRING IDENTIFIER TO LIFE AS IDENTIFIER WITH expression
    (55) create_statement -> . BRING IDENTIFIER TO LIFE AS IDENTIFIER
    (56) set_statement -> . SET attribute_path TO expression
    (57) set_statement -> . GIVE attribute_path IDENTIFIER TRAIT IDENTIFIER TO expression
    (58) set_statement -> . GIVE attribute_path TRAIT IDENTIFIER TO expression
    (59) attach_statement -> . ATTACH expression TO expression
    (60) repeat_statement -> . REPEAT expression TIMES opt_separator statements opt_separator END REPEAT
    (61) repeat_through_statement -> . REPEAT THROUGH expression AS attribute_path opt_separator statements opt_separator END REPEAT
    (62) until_statement -> . UNTIL condition opt_separator statements opt_separator END UNTIL
    (63) if_statement -> . IF condition opt_separator statements opt_separator ELSE opt_separator statements opt_separator END IF
    (64) if_statement -> . IF condition opt_separator statements opt_separator END IF
    (65) if_statement -> . WHEN condition opt_separator statements opt_separator OTHERWISE opt_separator statements opt_separator END WHEN
    (66) if_statement -> . WHEN condition opt_separator statements opt_separator END WHEN
    (67) ask_statement -> . ASK STRING
    (68) say_statement -> . SAY expression
    (69) call_statement -> . CALL attribute_path
    (70) call_statement -> . expression DOES action_name
    (71) knows_statement -> . expression KNOWS expression
    (72) knows_statement -> . expression KNOWS expression AS IDENTIFIER
    (73) forgets_statement -> . expression FORGETS IDENTIFIER
    (74) whenever_statement -> . WHENEVER subject DOES action_name opt_separator statements opt_separator END WHENEVER
    (75) whenever_statement -> . WHENEVER subject GETS TRAIT IDENTIFIER CHANGED opt_separator statements opt_separator END WHENEVER
    (76) whenever_statement -> . WHENEVER subject IDENTIFIER BORN opt_separator statements opt_separator END WHENEVER
    (77) whenever_statement -> . WHENEVER subject IDENTIFIER opt_separator statements opt_separator END WHENEVER
    (80) remove_statement -> . REMOVE IDENTIFIER FROM WORLD
    (81) announce_statement -> . ANNOUNCE expression
    (82) world_remembers -> . THE_WORLD REMEMBERS fact_name AS expression
    (83) world_forgets -> . THE_WORLD FORGETS fact_name
    (84) save_world -> . SAVE THE_WORLD TO expression
    (85) restore_world -> . RESTORE THE_WORLD FROM expression
    (96) expression -> . STRING
    (97) expression -> . NUMBER
    (98) expression -> . attribute_path
    (99) expression -> . expression PLUS expression
    (100) expression -> . expression MINUS expression
    (101) expression -> . LPAREN expression_list RPAREN
    (102) expression -> . world_expr
    (50) attribute_path -> . IDENTIFIER
    (51) attribute_path -> . attribute_path IDENTIFIER
    (103) world_expr -> . THE_WORLD KNOWS fact_name
    (104) world_expr -> . THE_WORLDS IDENTIFIER CREATURES
    (105) world_expr -> . THE_WORLD COUNTS IDENTIFIER

    CLASS           shift and go to state 27
    CREATURE        shift and go to state 29
    CREATE          shift and go to state 30
    BRING           shift and go to state 32
    SET             shift and go to state 33
    GIVE            shift and go to state 35
    ATTACH          shift and go to state 36
    REPEAT          shift and go to state 37
    UNTIL           shift and go to state 38
    IF              shift and go to state 39
    WHEN            shift and go to state 40
    ASK             shift and go to state 41
    SAY             shift and go to state 43
    CALL            shift and go to state 44
    WHENEVER        shift and go to state 45
    REMOVE          shift and go to state 46
    ANNOUNCE        shift and go to state 47
    THE_WORLD       shift and go to state 48
    SAVE            shift and go to state 49
    RESTORE         shift and go to state 50
    STRING          shift and go to state 42
    NUMBER          shift and go to state 51
    LPAREN          shift and go to state 52
    IDENTIFIER      shift and go to state 28
    THE_WORLDS      shift and go to state 54

    statements                     shift and go to state 263
    statement_with_newline         shift and go to state 5
    statement                      shift and go to state 6
    class_definition               shift and go to state 7
    create_statement               shift and go to state 8
    set_statement                  shift and go to state 9
    attach_statement               shift and go to state 10
    repeat_statement               shift and go to state 11
    repeat_through_statement       shift and go to state 12
    until_statement                shift and go to state 13
    if_statement                   shift and go to state 14
    ask_statement                  shift and go to state 15
    say_statement                  shift and go to state 16
    call_statement                 shift and go to state 17
    knows_statement                shift and go to state 18
    forgets_statement              shift and go to state 19
    whenever_statement             shift and go to state 20
    remove_statement               shift and go to state 21
    announce_statement             shift and go to state 22
    world_remembers                shift and go to state 23
    world_forgets                  shift and go to state 24
    save_world                     shift and go to state 25
    restore_world                  shift and go to state 26
    expression                     shift and go to state 31
    attribute_path                 shift and go to state 34
    world_expr                     shift and go to state 53

state 247

    (76) whenever_statement -> WHENEVER subject IDENTIFIER BORN opt_separator statements opt_separator . END WHENEVER

    END             shift and go to state 264


state 248

    (77) whenever_statement -> WHENEVER subject IDENTIFIER opt_separator statements opt_separator END . WHENEVER

    WHENEVER        shift and go to state 265


state 249

    (41) constructor -> CREATE WITH LPAREN parameters RPAREN . opt_separator statements opt_separator END CREATE
    (11) opt_separator -> . separator
    (12) opt_separator -> .
    (9) separator -> . separator NEWLINE
    (10) separator -> . NEWLINE

    CLASS           reduce using rule 12 (opt_separator -> .)
    CREATURE        reduce using rule 12 (opt_separator -> .)
    CREATE          reduce using rule 12 (opt_separator -> .)
    BRING           reduce using rule 12 (opt_separator -> .)
    SET             reduce using rule 12 (opt_separator -> .)
    GIVE            reduce using rule 12 (opt_separator -> .)
    ATTACH          reduce using rule 12 (opt_separator -> .)
    REPEAT          reduce using rule 12 (opt_separator -> .)
    UNTIL           reduce using rule 12 (opt_separator -> .)
    IF              reduce using rule 12 (opt_separator -> .)
    WHEN            reduce using rule 12 (opt_separator -> .)
    ASK             reduce using rule 12 (opt_separator -> .)
    SAY             reduce using rule 12 (opt_separator -> .)
    CALL            reduce using rule 12 (opt_separator -> .)
    WHENEVER        reduce using rule 12 (opt_separator -> .)
    REMOVE          reduce using rule 12 (opt_separator -> .)
    ANNOUNCE        reduce using rule 12 (opt_separator -> .)
    THE_WORLD       reduce using rule 12 (opt_separator -> .)
    SAVE            reduce using rule 12 (opt_separator -> .)
    RESTORE         reduce using rule 12 (opt_separator -> .)
    STRING          reduce using rule 12 (opt_separator -> .)
    NUMBER          reduce using rule 12 (opt_separator -> .)
    LPAREN          reduce using rule 12 (opt_separator -> .)
    IDENTIFIER      reduce using rule 12 (opt_separator -> .)
    THE_WORLDS      reduce using rule 12 (opt_separator -> .)
    NEWLINE         shift and go to state 57

    opt_separator                  shift and go to state 266
    separator                      shift and go to state 98

state 250

    (48) parameters -> parameters IDENTIFIER .

    RPAREN          reduce using rule 48 (parameters -> parameters IDENTIFIER .)
    IDENTIFIER      reduce using rule 48 (parameters -> parameters IDENTIFIER .)


state 251

    (42) constructor -> WHEN BORN WITH LPAREN parameters . RPAREN opt_separator statements opt_separator END BORN
    (48) parameters -> parameters . IDENTIFIER

    RPAREN          shift and go to state 267
    IDENTIFIER      shift and go to state 250


state 252

    (43) constructor -> WHEN BORN opt_separator statements opt_separator . END BORN

    END             shift and go to state 268


state 253

    (44) method -> METHOD IDENTIFIER opt_separator statements opt_separator . END METHOD

    END             shift and go to state 269


state 254

    (45) method -> ACTION action_name opt_separator statements opt_separator . END ACTION

    END             shift and go to state 270


state 255

    (34) class_definition -> CLASS IDENTIFIER FROM IDENTIFIER opt_separator class_body opt_separator END . CLASS

    CLASS           shift and go to state 271


state 256

    (36) class_definition -> CREATURE IDENTIFIER FROM IDENTIFIER opt_separator class_body opt_separator END . CREATURE

    CREATURE        shift and go to state 272


state 257

    (54) create_statement -> BRING IDENTIFIER TO LIFE AS IDENTIFIER WITH expression .
    (99) expression -> expression . PLUS expression
    (100) expression -> expression . MINUS expression

    NEWLINE         reduce using rule 54 (create_statement -> BRING IDENTIFIER TO LIFE AS IDENTIFIER WITH expression .)
    CLASS           reduce using rule 54 (create_statement -> BRING IDENTIFIER TO LIFE AS IDENTIFIER WITH expression .)
    CREATURE        reduce using rule 54 (create_statement -> BRING IDENTIFIER TO LIFE AS IDENTIFIER WITH expression .)
    CREATE          reduce using rule 54 (create_statement -> BRING IDENTIFIER TO LIFE AS IDENTIFIER WITH expression .)
    BRING           reduce using rule 54 (create_statement -> BRING IDENTIFIER TO LIFE AS IDENTIFIER WITH expression .)
    SET             reduce using rule 54 (create_statement -> BRING IDENTIFIER TO LIFE AS IDENTIFIER WITH expression .)
    GIVE            reduce using rule 54 (create_statement -> BRING IDENTIFIER TO LIFE AS IDENTIFIER WITH expression .)
    ATTACH          reduce using rule 54 (create_statement -> BRING IDENTIFIER TO LIFE AS IDENTIFIER WITH expression .)
    REPEAT          reduce using rule 54 (create_statement -> BRING IDENTIFIER TO LIFE AS IDENTIFIER WITH expression .)
    UNTIL           reduce using rule 54 (create_statement -> BRING IDENTIFIER TO LIFE AS IDENTIFIER WITH expression .)
    IF              reduce using rule 54 (create_statement -> BRING IDENTIFIER TO LIFE AS IDENTIFIER WITH expression .)
    WHEN            reduce using rule 54 (create_statement -> BRING IDENTIFIER TO LIFE AS IDENTIFIER WITH expression .)
    ASK             reduce using rule 54 (create_statement -> BRING IDENTIFIER TO LIFE AS IDENTIFIER WITH expression .)
    SAY             reduce using rule 54 (create_statement -> BRING IDENTIFIER TO LIFE AS IDENTIFIER WITH expression .)
    CALL            reduce using rule 54 (create_statement -> BRING IDENTIFIER TO LIFE AS IDENTIFIER WITH expression .)
    WHENEVER        reduce using rule 54 (create_statement -> BRING IDENTIFIER TO LIFE AS IDENTIFIER WITH expression .)
    REMOVE          reduce using rule 54 (create_statement -> BRING IDENTIFIER TO LIFE AS IDENTIFIER WITH expression .)
    ANNOUNCE        reduce using rule 54 (create_statement -> BRING IDENTIFIER TO LIFE AS IDENTIFIER WITH expression .)
    THE_WORLD       reduce using rule 54 (create_statement -> BRING IDENTIFIER TO LIFE AS IDENTIFIER WITH expression .)
    SAVE            reduce using rule 54 (create_statement -> BRING IDENTIFIER TO LIFE AS IDENTIFIER WITH expression .)
    RESTORE         reduce using rule 54 (create_statement -> BRING IDENTIFIER TO LIFE AS IDENTIFIER WITH expression .)
    STRING          reduce using rule 54 (create_statement -> BRING IDENTIFIER TO LIFE AS IDENTIFIER WITH expression .)
    NUMBER          reduce using rule 54 (create_statement -> BRING IDENTIFIER TO LIFE AS IDENTIFIER WITH expression .)
    LPAREN          reduce using rule 54 (create_statement -> BRING IDENTIFIER TO LIFE AS IDENTIFIER WITH expression .)
    IDENTIFIER      reduce using rule 54 (create_statement -> BRING IDENTIFIER TO LIFE AS IDENTIFIER WITH expression .)
    THE_WORLDS      reduce using rule 54 (create_statement -> BRING IDENTIFIER TO LIFE AS IDENTIFIER WITH expression .)
    $end            reduce using rule 54 (create_statement -> BRING IDENTIFIER TO LIFE AS IDENTIFIER WITH expression .)
    END             reduce using rule 54 (create_statement -> BRING IDENTIFIER TO LIFE AS IDENTIFIER WITH expression .)
    ELSE            reduce using rule 54 (create_statement -> BRING IDENTIFIER TO LIFE AS IDENTIFIER WITH expression .)
    OTHERWISE       reduce using rule 54 (create_statement -> BRING IDENTIFIER TO LIFE AS IDENTIFIER WITH expression .)
    PLUS            shift and go to state 64
    MINUS           shift and go to state 65


state 258

    (60) repeat_statement -> REPEAT expression TIMES opt_separator statements opt_separator END REPEAT .

    NEWLINE         reduce using rule 60 (repeat_statement -> REPEAT expression TIMES opt_separator statements opt_separator END REPEAT .)
    CLASS           reduce using rule 60 (repeat_statement -> REPEAT expression TIMES opt_separator statements opt_separator END REPEAT .)
    CREATURE        reduce using rule 60 (repeat_statement -> REPEAT expression TIMES opt_separator statements opt_separator END REPEAT .)
    CREATE          reduce using rule 60 (repeat_statement -> REPEAT expression TIMES opt_separator statements opt_separator END REPEAT .)
    BRING           reduce using rule 60 (repeat_statement -> REPEAT expression TIMES opt_separator statements opt_separator END REPEAT .)
    SET             reduce using rule 60 (repeat_statement -> REPEAT expression TIMES opt_separator statements opt_separator END REPEAT .)
    GIVE            reduce using rule 60 (repeat_statement -> REPEAT expression TIMES opt_separator statements opt_separator END REPEAT .)
    ATTACH          reduce using rule 60 (repeat_statement -> REPEAT expression TIMES opt_separator statements opt_separator END REPEAT .)
    REPEAT          reduce using rule 60 (repeat_statement -> REPEAT expression TIMES opt_separator statements opt_separator END REPEAT .)
    UNTIL           reduce using rule 60 (repeat_statement -> REPEAT expression TIMES opt_separator statements opt_separator END REPEAT .)
    IF              reduce using rule 60 (repeat_statement -> REPEAT expression TIMES opt_separator statements opt_separator END REPEAT .)
    WHEN            reduce using rule 60 (repeat_statement -> REPEAT expression TIMES opt_separator statements opt_separator END REPEAT .)
    ASK             reduce using rule 60 (repeat_statement -> REPEAT expression TIMES opt_separator statements opt_separator END REPEAT .)
    SAY             reduce using rule 60 (repeat_statement -> REPEAT expression TIMES opt_separator statements opt_separator END REPEAT .)
    CALL            reduce using rule 60 (repeat_statement -> REPEAT expression TIMES opt_separator statements opt_separator END REPEAT .)
    WHENEVER        reduce using rule 60 (repeat_statement -> REPEAT expression TIMES opt_separator statements opt_separator END REPEAT .)
    REMOVE          reduce using rule 60 (repeat_statement -> REPEAT expression TIMES opt_separator statements opt_separator END REPEAT .)
    ANNOUNCE        reduce using rule 60 (repeat_statement -> REPEAT expression TIMES opt_separator statements opt_separator END REPEAT .)
    THE_WORLD       reduce using rule 60 (repeat_statement -> REPEAT expression TIMES opt_separator statements opt_separator END REPEAT .)
    SAVE            reduce using rule 60 (repeat_statement -> REPEAT expression TIMES opt_separator statements opt_separator END REPEAT .)
    RESTORE         reduce using rule 60 (repeat_statement -> REPEAT expression TIMES opt_separator statements opt_separator END REPEAT .)
    STRING          reduce using rule 60 (repeat_statement -> REPEAT expression TIMES opt_separator statements opt_separator END REPEAT .)
    NUMBER          reduce using rule 60 (repeat_statement -> REPEAT expression TIMES opt_separator statements opt_separator END REPEAT .)
    LPAREN          reduce using rule 60 (repeat_statement -> REPEAT expression TIMES opt_separator statements opt_separator END REPEAT .)
    IDENTIFIER      reduce using rule 60 (repeat_statement -> REPEAT expression TIMES opt_separator statements opt_separator END REPEAT .)
    THE_WORLDS      reduce using rule 60 (repeat_statement -> REPEAT expression TIMES opt_separator statements opt_separator END REPEAT .)
    $end            reduce using rule 60 (repeat_statement -> REPEAT expression TIMES opt_separator statements opt_separator END REPEAT .)
    END             reduce using rule 60 (repeat_statement -> REPEAT expression TIMES opt_separator statements opt_separator END REPEAT .)
    ELSE            reduce using rule 60 (repeat_statement -> REPEAT expression TIMES opt_separator statements opt_separator END REPEAT .)
    OTHERWISE       reduce using rule 60 (repeat_statement -> REPEAT expression TIMES opt_separator statements opt_separator END REPEAT .)


state 259

    (61) repeat_through_statement -> REPEAT THROUGH expression AS attribute_path opt_separator statements opt_separator . END REPEAT

    END             shift and go to state 273


state 260

    (63) if_statement -> IF condition opt_separator statements opt_separator ELSE opt_separator statements . opt_separator END IF
    (5) statements -> statements . statement_with_newline
    (11) opt_separator -> . separator
    (12) opt_separator -> .
    (7) statement_with_newline -> . statement separator
    (8) statement_with_newline -> . statement
    (9) separator -> . separator NEWLINE
    (10) separator -> . NEWLINE
    (13) statement -> . class_definition
    (14) statement -> . create_statement
    (15) statement -> . set_statement
    (16) statement -> . attach_statement
    (17) statement -> . repeat_statement
    (18) statement -> . repeat_through_statement
    (19) statement -> . until_statement
    (20) statement -> . if_statement
    (21) statement -> . ask_statement
    (22) statement -> . say_statement
    (23) statement -> . call_statement
    (24) statement -> . knows_statement
    (25) statement -> . forgets_statement
    (26) statement -> . whenever_statement
    (27) statement -> . remove_statement
    (28) statement -> . announce_statement
    (29) statement -> . world_remembers
    (30) statement -> . world_forgets
    (31) statement -> . save_world
    (32) statement -> . restore_world
    (33) class_definition -> . CLASS IDENTIFIER opt_separator class_body opt_separator END CLASS
    (34) class_definition -> . CLASS IDENTIFIER FROM IDENTIFIER opt_separator class_body opt_separator END CLASS
    (35) class_definition -> . CREATURE IDENTIFIER opt_separator class_body opt_separator END CREATURE
    (36) class_definition -> . CREATURE IDENTIFIER FROM IDENTIFIER opt_separator class_body opt_separator END CREATURE
    (52) create_statement -> . CREATE IDENTIFIER IDENTIFIER WITH expression
    (53) create_statement -> . CREATE IDENTIFIER IDENTIFIER
    (54) create_statement -> . BRING IDENTIFIER TO LIFE AS IDENTIFIER WITH expression
    (55) create_statement -> . BRING IDENTIFIER TO LIFE AS IDENTIFIER
    (56) set_statement -> . SET attribute_path TO expression
    (57) set_statement -> . GIVE attribute_path IDENTIFIER TRAIT IDENTIFIER TO expression
    (58) set_statement -> . GIVE attribute_path TRAIT IDENTIFIER TO expression
    (59) attach_statement -> . ATTACH expression TO expression
    (60) repeat_statement -> . REPEAT expression TIMES opt_separator statements opt_separator END REPEAT
    (61) repeat_through_statement -> . REPEAT THROUGH expression AS attribute_path opt_separator statements opt_separator END REPEAT
    (62) until_statement -> . UNTIL condition opt_separator statements opt_separator END UNTIL
    (63) if_statement -> . IF condition opt_separator statements opt_separator ELSE opt_separator statements opt_separator END IF
    (64) if_statement -> . IF condition opt_separator statements opt_separator END IF
    (65) if_statement -> . WHEN condition opt_separator statements opt_separator OTHERWISE opt_separator statements opt_separator END WHEN
    (66) if_statement -> . WHEN condition opt_separator statements opt_separator END WHEN
    (67) ask_statement -> . ASK STRING
    (68) say_statement -> . SAY expression
    (69) call_statement -> . CALL attribute_path
    (70) call_statement -> . expression DOES action_name
    (71) knows_statement -> . expression KNOWS expression
    (72) knows_statement -> . expression KNOWS expression AS IDENTIFIER
    (73) forgets_statement -> . expression FORGETS IDENTIFIER
    (74) whenever_statement -> . WHENEVER subject DOES action_name opt_separator statements opt_separator END WHENEVER
    (75) whenever_statement -> . WHENEVER subject GETS TRAIT IDENTIFIER CHANGED opt_separator statements opt_separator END WHENEVER
    (76) whenever_statement -> . WHENEVER subject IDENTIFIER BORN opt_separator statements opt_separator END WHENEVER
    (77) whenever_statement -> . WHENEVER subject IDENTIFIER opt_separator statements opt_separator END WHENEVER
    (80) remove_statement -> . REMOVE IDENTIFIER FROM WORLD
    (81) announce_statement -> . ANNOUNCE expression
    (82) world_remembers -> . THE_WORLD REMEMBERS fact_name AS expression
    (83) world_forgets -> . THE_WORLD FORGETS fact_name
    (84) save_world -> . SAVE THE_WORLD TO expression
    (85) restore_world -> . RESTORE THE_WORLD FROM expression
    (96) expression -> . STRING
    (97) expression -> . NUMBER
    (98) expression -> . attribute_path
    (99) expression -> . expression PLUS expression
    (100) expression -> . expression MINUS expression
    (101) expression -> . LPAREN expression_list RPAREN
    (102) expression -> . world_expr
    (50) attribute_path -> . IDENTIFIER
    (51) attribute_path -> . attribute_path IDENTIFIER
    (103) world_expr -> . THE_WORLD KNOWS fact_name
    (104) world_expr -> . THE_WORLDS IDENTIFIER CREATURES
    (105) world_expr -> . THE_WORLD COUNTS IDENTIFIER

    END             reduce using rule 12 (opt_separator -> .)
    NEWLINE         shift and go to state 57
    CLASS           shift and go to state 27
    CREATURE        shift and go to state 29
    CREATE          shift and go to state 30
    BRING           shift and go to state 32
    SET             shift and go to state 33
    GIVE            shift and go to state 35
    ATTACH          shift and go to state 36
    REPEAT          shift and go to state 37
    UNTIL           shift and go to state 38
    IF              shift and go to state 39
    WHEN            shift and go to state 40
    ASK             shift and go to state 41
    SAY             shift and go to state 43
    CALL            shift and go to state 44
    WHENEVER        shift and go to state 45
    REMOVE          shift and go to state 46
    ANNOUNCE        shift and go to state 47
    THE_WORLD       shift and go to state 48
    SAVE            shift and go to state 49
    RESTORE         shift and go to state 50
    STRING          shift and go to state 42
    NUMBER          shift and go to state 51
    LPAREN          shift and go to state 52
    IDENTIFIER      shift and go to state 28
    THE_WORLDS      shift and go to state 54

    opt_separator                  shift and go to state 274
    statement_with_newline         shift and go to state 55
    separator                      shift and go to state 98
    statement                      shift and go to state 6
    class_definition               shift and go to state 7
    create_statement               shift and go to state 8
    set_statement                  shift and go to state 9
    attach_statement               shift and go to state 10
    repeat_statement               shift and go to state 11
    repeat_through_statement       shift and go to state 12
    until_statement                shift and go to state 13
    if_statement                   shift and go to state 14
    ask_statement                  shift and go to state 15
    say_statement                  shift and go to state 16
    call_statement                 shift and go to state 17
    knows_statement                shift and go to state 18
    forgets_statement              shift and go to state 19
    whenever_statement             shift and go to state 20
    remove_statement               shift and go to state 21
    announce_statement             shift and go to state 22
    world_remembers                shift and go to state 23
    world_forgets                  shift and go to state 24
    save_world                     shift and go to state 25
    restore_world                  shift and go to state 26
    expression                     shift and go to state 31
    attribute_path                 shift and go to state 34
    world_expr                     shift and go to state 53

state 261

    (65) if_statement -> WHEN condition opt_separator statements opt_separator OTHERWISE opt_separator statements . opt_separator END WHEN
    (5) statements -> statements . statement_with_newline
    (11) opt_separator -> . separator
    (12) opt_separator -> .
    (7) statement_with_newline -> . statement separator
    (8) statement_with_newline -> . statement
    (9) separator -> . separator NEWLINE
    (10) separator -> . NEWLINE
    (13) statement -> . class_definition
    (14) statement -> . create_statement
    (15) statement -> . set_statement
    (16) statement -> . attach_statement
    (17) statement -> . repeat_statement
    (18) statement -> . repeat_through_statement
    (19) statement -> . until_statement
    (20) statement -> . if_statement
    (21) statement -> . ask_statement
    (22) statement -> . say_statement
    (23) statement -> . call_statement
    (24) statement -> . knows_statement
    (25) statement -> . forgets_statement
    (26) statement -> . whenever_statement
    (27) statement -> . remove_statement
    (28) statement -> . announce_statement
    (29) statement -> . world_remembers
    (30) statement -> . world_forgets
    (31) statement -> . save_world
    (32) statement -> . restore_world
    (33) class_definition -> . CLASS IDENTIFIER opt_separator class_body opt_separator END CLASS
    (34) class_definition -> . CLASS IDENTIFIER FROM IDENTIFIER opt_separator class_body opt_separator END CLASS
    (35) class_definition -> . CREATURE IDENTIFIER opt_separator class_body opt_separator END CREATURE
    (36) class_definition -> . CREATURE IDENTIFIER FROM IDENTIFIER opt_separator class_body opt_separator END CREATURE
    (52) create_statement -> . CREATE IDENTIFIER IDENTIFIER WITH expression
    (53) create_statement -> . CREATE IDENTIFIER IDENTIFIER
    (54) create_statement -> . BRING IDENTIFIER TO LIFE AS IDENTIFIER WITH expression
    (55) create_statement -> . BRING IDENTIFIER TO LIFE AS IDENTIFIER
    (56) set_statement -> . SET attribute_path TO expression
    (57) set_statement -> . GIVE attribute_path IDENTIFIER TRAIT IDENTIFIER TO expression
    (58) set_statement -> . GIVE attribute_path TRAIT IDENTIFIER TO expression
    (59) attach_statement -> . ATTACH expression TO expression
    (60) repeat_statement -> . REPEAT expression TIMES opt_separator statements opt_separator END REPEAT
    (61) repeat_through_statement -> . REPEAT THROUGH expression AS attribute_path opt_separator statements opt_separator END REPEAT
    (62) until_statement -> . UNTIL condition opt_separator statements opt_separator END UNTIL
    (63) if_statement -> . IF condition opt_separator statements opt_separator ELSE opt_separator statements opt_separator END IF
    (64) if_statement -> . IF condition opt_separator statements opt_separator END IF
    (65) if_statement -> . WHEN condition opt_separator statements opt_separator OTHERWISE opt_separator statements opt_separator END WHEN
    (66) if_statement -> . WHEN condition opt_separator statements opt_separator END WHEN
    (67) ask_statement -> . ASK STRING
    (68) say_statement -> . SAY expression
    (69) call_statement -> . CALL attribute_path
    (70) call_statement -> . expression DOES action_name
    (71) knows_statement -> . expression KNOWS expression
    (72) knows_statement -> . expression KNOWS expression AS IDENTIFIER
    (73) forgets_statement -> . expression FORGETS IDENTIFIER
    (74) whenever_statement -> . WHENEVER subject DOES action_name opt_separator statements opt_separator END WHENEVER
    (75) whenever_statement -> . WHENEVER subject GETS TRAIT IDENTIFIER CHANGED opt_separator statements opt_separator END WHENEVER
    (76) whenever_statement -> . WHENEVER subject IDENTIFIER BORN opt_separator statements opt_separator END WHENEVER
    (77) whenever_statement -> . WHENEVER subject IDENTIFIER opt_separator statements opt_separator END WHENEVER
    (80) remove_statement -> . REMOVE IDENTIFIER FROM WORLD
    (81) announce_statement -> . ANNOUNCE expression
    (82) world_remembers -> . THE_WORLD REMEMBERS fact_name AS expression
    (83) world_forgets -> . THE_WORLD FORGETS fact_name
    (84) save_world -> . SAVE THE_WORLD TO expression
    (85) restore_world -> . RESTORE THE_WORLD FROM expression
    (96) expression -> . STRING
    (97) expression -> . NUMBER
    (98) expression -> . attribute_path
    (99) expression -> . expression PLUS expression
    (100) expression -> . expression MINUS expression
    (101) expression -> . LPAREN expression_list RPAREN
    (102) expression -> . world_expr
    (50) attribute_path -> . IDENTIFIER
    (51) attribute_path -> . attribute_path IDENTIFIER
    (103) world_expr -> . THE_WORLD KNOWS fact_name
    (104) world_expr -> . THE_WORLDS IDENTIFIER CREATURES
    (105) world_expr -> . THE_WORLD COUNTS IDENTIFIER

    END             reduce using rule 12 (opt_separator -> .)
    NEWLINE         shift and go to state 57
    CLASS           shift and go to state 27
    CREATURE        shift and go to state 29
    CREATE          shift and go to state 30
    BRING           shift and go to state 32
    SET             shift and go to state 33
    GIVE            shift and go to state 35
    ATTACH          shift and go to state 36
    REPEAT          shift and go to state 37
    UNTIL           shift and go to state 38
    IF              shift and go to state 39
    WHEN            shift and go to state 40
    ASK             shift and go to state 41
    SAY             shift and go to state 43
    CALL            shift and go to state 44
    WHENEVER        shift and go to state 45
    REMOVE          shift and go to state 46
    ANNOUNCE        shift and go to state 47
    THE_WORLD       shift and go to state 48
    SAVE            shift and go to state 49
    RESTORE         shift and go to state 50
    STRING          shift and go to state 42
    NUMBER          shift and go to state 51
    LPAREN          shift and go to state 52
    IDENTIFIER      shift and go to state 28
    THE_WORLDS      shift and go to state 54

    opt_separator                  shift and go to state 275
    statement_with_newline         shift and go to state 55
    separator                      shift and go to state 98
    statement                      shift and go to state 6
    class_definition               shift and go to state 7
    create_statement               shift and go to state 8
    set_statement                  shift and go to state 9
    attach_statement               shift and go to state 10
    repeat_statement               shift and go to state 11
    repeat_through_statement       shift and go to state 12
    until_statement                shift and go to state 13
    if_statement                   shift and go to state 14
    ask_statement                  shift and go to state 15
    say_statement                  shift and go to state 16
    call_statement                 shift and go to state 17
    knows_statement                shift and go to state 18
    forgets_statement              shift and go to state 19
    whenever_statement             shift and go to state 20
    remove_statement               shift and go to state 21
    announce_statement             shift and go to state 22
    world_remembers                shift and go to state 23
    world_forgets                  shift and go to state 24
    save_world                     shift and go to state 25
    restore_world                  shift and go to state 26
    expression                     shift and go to state 31
    attribute_path                 shift and go to state 34
    world_expr                     shift and go to state 53

state 262

    (74) whenever_statement -> WHENEVER subject DOES action_name opt_separator statements opt_separator END . WHENEVER

    WHENEVER        shift and go to state 276


state 263

    (75) whenever_statement -> WHENEVER subject GETS TRAIT IDENTIFIER CHANGED opt_separator statements . opt_separator END WHENEVER
    (5) statements -> statements . statement_with_newline
    (11) opt_separator -> . separator
    (12) opt_separator -> .
    (7) statement_with_newline -> . statement separator
    (8) statement_with_newline -> . statement
    (9) separator -> . separator NEWLINE
    (10) separator -> . NEWLINE
    (13) statement -> . class_definition
    (14) statement -> . create_statement
    (15) statement -> . set_statement
    (16) statement -> . attach_statement
    (17) statement -> . repeat_statement
    (18) statement -> . repeat_through_statement
    (19) statement -> . until_statement
    (20) statement -> . if_statement
    (21) statement -> . ask_statement
    (22) statement -> . say_statement
    (23) statement -> . call_statement
    (24) statement -> . knows_statement
    (25) statement -> . forgets_statement
    (26) statement -> . whenever_statement
    (27) statement -> . remove_statement
    (28) statement -> . announce_statement
    (29) statement -> . world_remembers
    (30) statement -> . world_forgets
    (31) statement -> . save_world
    (32) statement -> . restore_world
    (33) class_definition -> . CLASS IDENTIFIER opt_separator class_body opt_separator END CLASS
    (34) class_definition -> . CLASS IDENTIFIER FROM IDENTIFIER opt_separator class_body opt_separator END CLASS
    (35) class_definition -> . CREATURE IDENTIFIER opt_separator class_body opt_separator END CREATURE
    (36) class_definition -> . CREATURE IDENTIFIER FROM IDENTIFIER opt_separator class_body opt_separator END CREATURE
    (52) create_statement -> . CREATE IDENTIFIER IDENTIFIER WITH expression
    (53) create_statement -> . CREATE IDENTIFIER IDENTIFIER
    (54) create_statement -> . BRING IDENTIFIER TO LIFE AS IDENTIFIER WITH expression
    (55) create_statement -> . BRING IDENTIFIER TO LIFE AS IDENTIFIER
    (56) set_statement -> . SET attribute_path TO expression
    (57) set_statement -> . GIVE attribute_path IDENTIFIER TRAIT IDENTIFIER TO expression
    (58) set_statement -> . GIVE attribute_path TRAIT IDENTIFIER TO expression
    (59) attach_statement -> . ATTACH expression TO expression
    (60) repeat_statement -> . REPEAT expression TIMES opt_separator statements opt_separator END REPEAT
    (61) repeat_through_statement -> . REPEAT THROUGH expression AS attribute_path opt_separator statements opt_separator END REPEAT
    (62) until_statement -> . UNTIL condition opt_separator statements opt_separator END UNTIL
    (63) if_statement -> . IF condition opt_separator statements opt_separator ELSE opt_separator statements opt_separator END IF
    (64) if_statement -> . IF condition opt_separator statements opt_separator END IF
    (65) if_statement -> . WHEN condition opt_separator statements opt_separator OTHERWISE opt_separator statements opt_separator END WHEN
    (66) if_statement -> . WHEN condition opt_separator statements opt_separator END WHEN
    (67) ask_statement -> . ASK STRING
    (68) say_statement -> . SAY expression
    (69) call_statement -> . CALL attribute_path
    (70) call_statement -> . expression DOES action_name
    (71) knows_statement -> . expression KNOWS expression
    (72) knows_statement -> . expression KNOWS expression AS IDENTIFIER
    (73) forgets_statement -> . expression FORGETS IDENTIFIER
    (74) whenever_statement -> . WHENEVER subject DOES action_name opt_separator statements opt_separator END WHENEVER
    (75) whenever_statement -> . WHENEVER subject GETS TRAIT IDENTIFIER CHANGED opt_separator statements opt_separator END WHENEVER
    (76) whenever_statement -> . WHENEVER subject IDENTIFIER BORN opt_separator statements opt_separator END WHENEVER
    (77) whenever_statement -> . WHENEVER subject IDENTIFIER opt_separator statements opt_separator END WHENEVER
    (80) remove_statement -> . REMOVE IDENTIFIER FROM WORLD
    (81) announce_statement -> . ANNOUNCE expression
    (82) world_remembers -> . THE_WORLD REMEMBERS fact_name AS expression
    (83) world_forgets -> . THE_WORLD FORGETS fact_name
    (84) save_world -> . SAVE THE_WORLD TO expression
    (85) restore_world -> . RESTORE THE_WORLD FROM expression
    (96) expression -> . STRING
    (97) expression -> . NUMBER
    (98) expression -> . attribute_path
    (99) expression -> . expression PLUS expression
    (100) expression -> . expression MINUS expression
    (101) expression -> . LPAREN expression_list RPAREN
    (102) expression -> . world_expr
    (50) attribute_path -> . IDENTIFIER
    (51) attribute_path -> . attribute_path IDENTIFIER
    (103) world_expr -> . THE_WORLD KNOWS fact_name
    (104) world_expr -> . THE_WORLDS IDENTIFIER CREATURES
    (105) world_expr -> . THE_WORLD COUNTS IDENTIFIER

    END             reduce using rule 12 (opt_separator -> .)
    NEWLINE         shift and go to state 57
    CLASS           shift and go to state 27
    CREATURE        shift and go to state 29
    CREATE          shift and go to state 30
    BRING           shift and go to state 32
    SET             shift and go to state 33
    GIVE            shift and go to state 35
    ATTACH          shift and go to state 36
    REPEAT          shift and go to state 37
    UNTIL           shift and go to state 38
    IF              shift and go to state 39
    WHEN            shift and go to state 40
    ASK             shift and go to state 41
    SAY             shift and go to state 43
    CALL            shift and go to state 44
    WHENEVER        shift and go to state 45
    REMOVE          shift and go to state 46
    ANNOUNCE        shift and go to state 47
    THE_WORLD       shift and go to state 48
    SAVE            shift and go to state 49
    RESTORE         shift and go to state 50
    STRING          shift and go to state 42
    NUMBER          shift and go to state 51
    LPAREN          shift and go to state 52
    IDENTIFIER      shift and go to state 28
    THE_WORLDS      shift and go to state 54

    opt_separator                  shift and go to state 277
    statement_with_newline         shift and go to state 55
    separator                      shift and go to state 98
    statement                      shift and go to state 6
    class_definition               shift and go to state 7
    create_statement               shift and go to state 8
    set_statement                  shift and go to state 9
    attach_statement               shift and go to state 10
    repeat_statement               shift and go to state 11
    repeat_through_statement       shift and go to state 12
    until_statement                shift and go to state 13
    if_statement                   shift and go to state 14
    ask_statement                  shift and go to state 15
    say_statement                  shift and go to state 16
    call_statement                 shift and go to state 17
    knows_statement                shift and go to state 18
    forgets_statement              shift and go to state 19
    whenever_statement             shift and go to state 20
    remove_statement               shift and go to state 21
    announce_statement             shift and go to state 22
    world_remembers                shift and go to state 23
    world_forgets                  shift and go to state 24
    save_world                     shift and go to state 25
    restore_world                  shift and go to state 26
    expression                     shift and go to state 31
    attribute_path                 shift and go to state 34
    world_expr                     shift and go to state 53

state 264

    (76) whenever_statement -> WHENEVER subject IDENTIFIER BORN opt_separator statements opt_separator END . WHENEVER

    WHENEVER        shift and go to state 278


state 265

    (77) whenever_statement -> WHENEVER subject IDENTIFIER opt_separator statements opt_separator END WHENEVER .

    NEWLINE         reduce using rule 77 (whenever_statement -> WHENEVER subject IDENTIFIER opt_separator statements opt_separator END WHENEVER .)
    CLASS           reduce using rule 77 (whenever_statement -> WHENEVER subject IDENTIFIER opt_separator statements opt_separator END WHENEVER .)
    CREATURE        reduce using rule 77 (whenever_statement -> WHENEVER subject IDENTIFIER opt_separator statements opt_separator END WHENEVER .)
    CREATE          reduce using rule 77 (whenever_statement -> WHENEVER subject IDENTIFIER opt_separator statements opt_separator END WHENEVER .)
    BRING           reduce using rule 77 (whenever_statement -> WHENEVER subject IDENTIFIER opt_separator statements opt_separator END WHENEVER .)
    SET             reduce using rule 77 (whenever_statement -> WHENEVER subject IDENTIFIER opt_separator statements opt_separator END WHENEVER .)
    GIVE            reduce using rule 77 (whenever_statement -> WHENEVER subject IDENTIFIER opt_separator statements opt_separator END WHENEVER .)
    ATTACH          reduce using rule 77 (whenever_statement -> WHENEVER subject IDENTIFIER opt_separator statements opt_separator END WHENEVER .)
    REPEAT          reduce using rule 77 (whenever_statement -> WHENEVER subject IDENTIFIER opt_separator statements opt_separator END WHENEVER .)
    UNTIL           reduce using rule 77 (whenever_statement -> WHENEVER subject IDENTIFIER opt_separator statements opt_separator END WHENEVER .)
    IF              reduce using rule 77 (whenever_statement -> WHENEVER subject IDENTIFIER opt_separator statements opt_separator END WHENEVER .)
    WHEN            reduce using rule 77 (whenever_statement -> WHENEVER subject IDENTIFIER opt_separator statements opt_separator END WHENEVER .)
    ASK             reduce using rule 77 (whenever_statement -> WHENEVER subject IDENTIFIER opt_separator statements opt_separator END WHENEVER .)
    SAY             reduce using rule 77 (whenever_statement -> WHENEVER subject IDENTIFIER opt_separator statements opt_separator END WHENEVER .)
    CALL            reduce using rule 77 (whenever_statement -> WHENEVER subject IDENTIFIER opt_separator statements opt_separator END WHENEVER .)
    WHENEVER        reduce using rule 77 (whenever_statement -> WHENEVER subject IDENTIFIER opt_separator statements opt_separator END WHENEVER .)
    REMOVE          reduce using rule 77 (whenever_statement -> WHENEVER subject IDENTIFIER opt_separator statements opt_separator END WHENEVER .)
    ANNOUNCE        reduce using rule 77 (whenever_statement -> WHENEVER subject IDENTIFIER opt_separator statements opt_separator END WHENEVER .)
    THE_WORLD       reduce using rule 77 (whenever_statement -> WHENEVER subject IDENTIFIER opt_separator statements opt_separator END WHENEVER .)
    SAVE            reduce using rule 77 (whenever_statement -> WHENEVER subject IDENTIFIER opt_separator statements opt_separator END WHENEVER .)
    RESTORE         reduce using rule 77 (whenever_statement -> WHENEVER subject IDENTIFIER opt_separator statements opt_separator END WHENEVER .)
    STRING          reduce using rule 77 (whenever_statement -> WHENEVER subject IDENTIFIER opt_separator statements opt_separator END WHENEVER .)
    NUMBER          reduce using rule 77 (whenever_statement -> WHENEVER subject IDENTIFIER opt_separator statements opt_separator END WHENEVER .)
    LPAREN          reduce using rule 77 (whenever_statement -> WHENEVER subject IDENTIFIER opt_separator statements opt_separator END WHENEVER .)
    IDENTIFIER      reduce using rule 77 (whenever_statement -> WHENEVER subject IDENTIFIER opt_separator statements opt_separator END WHENEVER .)
    THE_WORLDS      reduce using rule 77 (whenever_statement -> WHENEVER subject IDENTIFIER opt_separator statements opt_separator END WHENEVER .)
    $end            reduce using rule 77 (whenever_statement -> WHENEVER subject IDENTIFIER opt_separator statements opt_separator END WHENEVER .)
    END             reduce using rule 77 (whenever_statement -> WHENEVER subject IDENTIFIER opt_separator statements opt_separator END WHENEVER .)
    ELSE            reduce using rule 77 (whenever_statement -> WHENEVER subject IDENTIFIER opt_separator statements opt_separator END WHENEVER .)
    OTHERWISE       reduce using rule 77 (whenever_statement -> WHENEVER subject IDENTIFIER opt_separator statements opt_separator END WHENEVER .)


state 266

    (41) constructor -> CREATE WITH LPAREN parameters RPAREN opt_separator . statements opt_separator END CREATE
    (5) statements -> . statements statement_with_newline
    (6) statements -> . statement_with_newline
    (7) statement_with_newline -> . statement separator
    (8) statement_with_newline -> . statement
    (13) statement -> . class_definition
    (14) statement -> . create_statement
    (15) statement -> . set_statement
    (16) statement -> . attach_statement
    (17) statement -> . repeat_statement
    (18) statement -> . repeat_through_statement
    (19) statement -> . until_statement
    (20) statement -> . if_statement
    (21) statement -> . ask_statement
    (22) statement -> . say_statement
    (23) statement -> . call_statement
    (24) statement -> . knows_statement
    (25) statement -> . forgets_statement
    (26) statement -> . whenever_statement
    (27) statement -> . remove_statement
    (28) statement -> . announce_statement
    (29) statement -> . world_remembers
    (30) statement -> . world_forgets
    (31) statement -> . save_world
    (32) statement -> . restore_world
    (33) class_definition -> . CLASS IDENTIFIER opt_separator class_body opt_separator END CLASS
    (34) class_definition -> . CLASS IDENTIFIER FROM IDENTIFIER opt_separator class_body opt_separator END CLASS
    (35) class_definition -> . CREATURE IDENTIFIER opt_separator class_body opt_separator END CREATURE
    (36) class_definition -> . CREATURE IDENTIFIER FROM IDENTIFIER opt_separator class_body opt_separator END CREATURE
    (52) create_statement -> . CREATE IDENTIFIER IDENTIFIER WITH expression
    (53) create_statement -> . CREATE IDENTIFIER IDENTIFIER
    (54) create_statement -> . BRING IDENTIFIER TO LIFE AS IDENTIFIER WITH expression
    (55) create_statement -> . BRING IDENTIFIER TO LIFE AS IDENTIFIER
    (56) set_statement -> . SET attribute_path TO expression
    (57) set_statement -> . GIVE attribute_path IDENTIFIER TRAIT IDENTIFIER TO expression
    (58) set_statement -> . GIVE attribute_path TRAIT IDENTIFIER TO expression
    (59) attach_statement -> . ATTACH expression TO expression
    (60) repeat_statement -> . REPEAT expression TIMES opt_separator statements opt_separator END REPEAT
    (61) repeat_through_statement -> . REPEAT THROUGH expression AS attribute_path opt_separator statements opt_separator END REPEAT
    (62) until_statement -> . UNTIL condition opt_separator statements opt_separator END UNTIL
    (63) if_statement -> . IF condition opt_separator statements opt_separator ELSE opt_separator statements opt_separator END IF
    (64) if_statement -> . IF condition opt_separator statements opt_separator END IF
    (65) if_statement -> . WHEN condition opt_separator statements opt_separator OTHERWISE opt_separator statements opt_separator END WHEN
    (66) if_statement -> . WHEN condition opt_separator statements opt_separator END WHEN
    (67) ask_statement -> . ASK STRING
    (68) say_statement -> . SAY expression
    (69) call_statement -> . CALL attribute_path
    (70) call_statement -> . expression DOES action_name
    (71) knows_statement -> . expression KNOWS expression
    (72) knows_statement -> . expression KNOWS expression AS IDENTIFIER
    (73) forgets_statement -> . expression FORGETS IDENTIFIER
    (74) whenever_statement -> . WHENEVER subject DOES action_name opt_separator statements opt_separator END WHENEVER
    (75) whenever_statement -> . WHENEVER subject GETS TRAIT IDENTIFIER CHANGED opt_separator statements opt_separator END WHENEVER
    (76) whenever_statement -> . WHENEVER subject IDENTIFIER BORN opt_separator statements opt_separator END WHENEVER
    (77) whenever_statement -> . WHENEVER subject IDENTIFIER opt_separator statements opt_separator END WHENEVER
    (80) remove_statement -> . REMOVE IDENTIFIER FROM WORLD
    (81) announce_statement -> . ANNOUNCE expression
    (82) world_remembers -> . THE_WORLD REMEMBERS fact_name AS expression
    (83) world_forgets -> . THE_WORLD FORGETS fact_name
    (84) save_world -> . SAVE THE_WORLD TO expression
    (85) restore_world -> . RESTORE THE_WORLD FROM expression
    (96) expression -> . STRING
    (97) expression -> . NUMBER
    (98) expression -> . attribute_path
    (99) expression -> . expression PLUS expression
    (100) expression -> . expression MINUS expression
    (101) expression -> . LPAREN expression_list RPAREN
    (102) expression -> . world_expr
    (50) attribute_path -> . IDENTIFIER
    (51) attribute_path -> . attribute_path IDENTIFIER
    (103) world_expr -> . THE_WORLD KNOWS fact_name
    (104) world_expr -> . THE_WORLDS IDENTIFIER CREATURES
    (105) world_expr -> . THE_WORLD COUNTS IDENTIFIER

    CLASS           shift and go to state 27
    CREATURE        shift and go to state 29
    CREATE          shift and go to state 30
    BRING           shift and go to state 32
    SET             shift and go to state 33
    GIVE            shift and go to state 35
    ATTACH          shift and go to state 36
    REPEAT          shift and go to state 37
    UNTIL           shift and go to state 38
    IF              shift and go to state 39
    WHEN            shift and go to state 40
    ASK             shift and go to state 41
    SAY             shift and go to state 43
    CALL            shift and go to state 44
    WHENEVER        shift and go to state 45
    REMOVE          shift and go to state 46
    ANNOUNCE        shift and go to state 47
    THE_WORLD       shift and go to state 48
    SAVE            shift and go to state 49
    RESTORE         shift and go to state 50
    STRING          shift and go to state 42
    NUMBER          shift and go to state 51
    LPAREN          shift and go to state 52
    IDENTIFIER      shift and go to state 28
    THE_WORLDS      shift and go to state 54

    statements                     shift and go to state 279
    statement_with_newline         shift and go to state 5
    statement                      shift and go to state 6
    class_definition               shift and go to state 7
    create_statement               shift and go to state 8
    set_statement                  shift and go to state 9
    attach_statement               shift and go to state 10
    repeat_statement               shift and go to state 11
    repeat_through_statement       shift and go to state 12
    until_statement                shift and go to state 13
    if_statement                   shift and go to state 14
    ask_statement                  shift and go to state 15
    say_statement                  shift and go to state 16
    call_statement                 shift and go to state 17
    knows_statement                shift and go to state 18
    forgets_statement              shift and go to state 19
    whenever_statement             shift and go to state 20
    remove_statement               shift and go to state 21
    announce_statement             shift and go to state 22
    world_remembers                shift and go to state 23
    world_forgets                  shift and go to state 24
    save_world                     shift and go to state 25
    restore_world                  shift and go to state 26
    expression                     shift and go to state 31
    attribute_path                 shift and go to state 34
    world_expr                     shift and go to state 53

state 267

    (42) constructor -> WHEN BORN WITH LPAREN parameters RPAREN . opt_separator statements opt_separator END BORN
    (11) opt_separator -> . separator
    (12) opt_separator -> .
    (9) separator -> . separator NEWLINE
    (10) separator -> . NEWLINE

    CLASS           reduce using rule 12 (opt_separator -> .)
    CREATURE        reduce using rule 12 (opt_separator -> .)
    CREATE          reduce using rule 12 (opt_separator -> .)
    BRING           reduce using rule 12 (opt_separator -> .)
    SET             reduce using rule 12 (opt_separator -> .)
    GIVE            reduce using rule 12 (opt_separator -> .)
    ATTACH          reduce using rule 12 (opt_separator -> .)
    REPEAT          reduce using rule 12 (opt_separator -> .)
    UNTIL           reduce using rule 12 (opt_separator -> .)
    IF              reduce using rule 12 (opt_separator -> .)
    WHEN            reduce using rule 12 (opt_separator -> .)
    ASK             reduce using rule 12 (opt_separator -> .)
    SAY             reduce using rule 12 (opt_separator -> .)
    CALL            reduce using rule 12 (opt_separator -> .)
    WHENEVER        reduce using rule 12 (opt_separator -> .)
    REMOVE          reduce using rule 12 (opt_separator -> .)
    ANNOUNCE        reduce using rule 12 (opt_separator -> .)
    THE_WORLD       reduce using rule 12 (opt_separator -> .)
    SAVE            reduce using rule 12 (opt_separator -> .)
    RESTORE         reduce using rule 12 (opt_separator -> .)
    STRING          reduce using rule 12 (opt_separator -> .)
    NUMBER          reduce using rule 12 (opt_separator -> .)
    LPAREN          reduce using rule 12 (opt_separator -> .)
    IDENTIFIER      reduce using rule 12 (opt_separator -> .)
    THE_WORLDS      reduce using rule 12 (opt_separator -> .)
    NEWLINE         shift and go to state 57

    opt_separator                  shift and go to state 280
    separator                      shift and go to state 98

state 268

    (43) constructor -> WHEN BORN opt_separator statements opt_separator END . BORN

    BORN            shift and go to state 281


state 269

    (44) method -> METHOD IDENTIFIER opt_separator statements opt_separator END . METHOD

    METHOD          shift and go to state 282


state 270

    (45) method -> ACTION action_name opt_separator statements opt_separator END . ACTION

    ACTION          shift and go to state 283


state 271

    (34) class_definition -> CLASS IDENTIFIER FROM IDENTIFIER opt_separator class_body opt_separator END CLASS .

    NEWLINE         reduce using rule 34 (class_definition -> CLASS IDENTIFIER FROM IDENTIFIER opt_separator class_body opt_separator END CLASS .)
    CLASS           reduce using rule 34 (class_definition -> CLASS IDENTIFIER FROM IDENTIFIER opt_separator class_body opt_separator END CLASS .)
    CREATURE        reduce using rule 34 (class_definition -> CLASS IDENTIFIER FROM IDENTIFIER opt_separator class_body opt_separator END CLASS .)
    CREATE          reduce using rule 34 (class_definition -> CLASS IDENTIFIER FROM IDENTIFIER opt_separator class_body opt_separator END CLASS .)
    BRING           reduce using rule 34 (class_definition -> CLASS IDENTIFIER FROM IDENTIFIER opt_separator class_body opt_separator END CLASS .)
    SET             reduce using rule 34 (class_definition -> CLASS IDENTIFIER FROM IDENTIFIER opt_separator class_body opt_separator END CLASS .)
    GIVE            reduce using rule 34 (class_definition -> CLASS IDENTIFIER FROM IDENTIFIER opt_separator class_body opt_separator END CLASS .)
    ATTACH          reduce using rule 34 (class_definition -> CLASS IDENTIFIER FROM IDENTIFIER opt_separator class_body opt_separator END CLASS .)
    REPEAT          reduce using rule 34 (class_definition -> CLASS IDENTIFIER FROM IDENTIFIER opt_separator class_body opt_separator END CLASS .)
    UNTIL           reduce using rule 34 (class_definition -> CLASS IDENTIFIER FROM IDENTIFIER opt_separator class_body opt_separator END CLASS .)
    IF              reduce using rule 34 (class_definition -> CLASS IDENTIFIER FROM IDENTIFIER opt_separator class_body opt_separator END CLASS .)
    WHEN            reduce using rule 34 (class_definition -> CLASS IDENTIFIER FROM IDENTIFIER opt_separator class_body opt_separator END CLASS .)
    ASK             reduce using rule 34 (class_definition -> CLASS IDENTIFIER FROM IDENTIFIER opt_separator class_body opt_separator END CLASS .)
    SAY             reduce using rule 34 (class_definition -> CLASS IDENTIFIER FROM IDENTIFIER opt_separator class_body opt_separator END CLASS .)
    CALL            reduce using rule 34 (class_definition -> CLASS IDENTIFIER FROM IDENTIFIER opt_separator class_body opt_separator END CLASS .)
    WHENEVER        reduce using rule 34 (class_definition -> CLASS IDENTIFIER FROM IDENTIFIER opt_separator class_body opt_separator END CLASS .)
    REMOVE          reduce using rule 34 (class_definition -> CLASS IDENTIFIER FROM IDENTIFIER opt_separator class_body opt_separator END CLASS .)
    ANNOUNCE        reduce using rule 34 (class_definition -> CLASS IDENTIFIER FROM IDENTIFIER opt_separator class_body opt_separator END CLASS .)
    THE_WORLD       reduce using rule 34 (class_definition -> CLASS IDENTIFIER FROM IDENTIFIER opt_separator class_body opt_separator END CLASS .)
    SAVE            reduce using rule 34 (class_definition -> CLASS IDENTIFIER FROM IDENTIFIER opt_separator class_body opt_separator END CLASS .)
    RESTORE         reduce using rule 34 (class_definition -> CLASS IDENTIFIER FROM IDENTIFIER opt_separator class_body opt_separator END CLASS .)
    STRING          reduce using rule 34 (class_definition -> CLASS IDENTIFIER FROM IDENTIFIER opt_separator class_body opt_separator END CLASS .)
    NUMBER          reduce using rule 34 (class_definition -> CLASS IDENTIFIER FROM IDENTIFIER opt_separator class_body opt_separator END CLASS .)
    LPAREN          reduce using rule 34 (class_definition -> CLASS IDENTIFIER FROM IDENTIFIER opt_separator class_body opt_separator END CLASS .)
    IDENTIFIER      reduce using rule 34 (class_definition -> CLASS IDENTIFIER FROM IDENTIFIER opt_separator class_body opt_separator END CLASS .)
    THE_WORLDS      reduce using rule 34 (class_definition -> CLASS IDENTIFIER FROM IDENTIFIER opt_separator class_body opt_separator END CLASS .)
    $end            reduce using rule 34 (class_definition -> CLASS IDENTIFIER FROM IDENTIFIER opt_separator class_body opt_separator END CLASS .)
    END             reduce using rule 34 (class_definition -> CLASS IDENTIFIER FROM IDENTIFIER opt_separator class_body opt_separator END CLASS .)
    ELSE            reduce using rule 34 (class_definition -> CLASS IDENTIFIER FROM IDENTIFIER opt_separator class_body opt_separator END CLASS .)
    OTHERWISE       reduce using rule 34 (class_definition -> CLASS IDENTIFIER FROM IDENTIFIER opt_separator class_body opt_separator END CLASS .)


state 272

    (36) class_definition -> CREATURE IDENTIFIER FROM IDENTIFIER opt_separator class_body opt_separator END CREATURE .

    NEWLINE         reduce using rule 36 (class_definition -> CREATURE IDENTIFIER FROM IDENTIFIER opt_separator class_body opt_separator END CREATURE .)
    CLASS           reduce using rule 36 (class_definition -> CREATURE IDENTIFIER FROM IDENTIFIER opt_separator class_body opt_separator END CREATURE .)
    CREATURE        reduce using rule 36 (class_definition -> CREATURE IDENTIFIER FROM IDENTIFIER opt_separator class_body opt_separator END CREATURE .)
    CREATE          reduce using rule 36 (class_definition -> CREATURE IDENTIFIER FROM IDENTIFIER opt_separator class_body opt_separator END CREATURE .)
    BRING           reduce using rule 36 (class_definition -> CREATURE IDENTIFIER FROM IDENTIFIER opt_separator class_body opt_separator END CREATURE .)
    SET             reduce using rule 36 (class_definition -> CREATURE IDENTIFIER FROM IDENTIFIER opt_separator class_body opt_separator END CREATURE .)
    GIVE            reduce using rule 36 (class_definition -> CREATURE IDENTIFIER FROM IDENTIFIER opt_separator class_body opt_separator END CREATURE .)
    ATTACH          reduce using rule 36 (class_definition -> CREATURE IDENTIFIER FROM IDENTIFIER opt_separator class_body opt_separator END CREATURE .)
    REPEAT          reduce using rule 36 (class_definition -> CREATURE IDENTIFIER FROM IDENTIFIER opt_separator class_body opt_separator END CREATURE .)
    UNTIL           reduce using rule 36 (class_definition -> CREATURE IDENTIFIER FROM IDENTIFIER opt_separator class_body opt_separator END CREATURE .)
    IF              reduce using rule 36 (class_definition -> CREATURE IDENTIFIER FROM IDENTIFIER opt_separator class_body opt_separator END CREATURE .)
    WHEN            reduce using rule 36 (class_definition -> CREATURE IDENTIFIER FROM IDENTIFIER opt_separator class_body opt_separator END CREATURE .)
    ASK             reduce using rule 36 (class_definition -> CREATURE IDENTIFIER FROM IDENTIFIER opt_separator class_body opt_separator END CREATURE .)
    SAY             reduce using rule 36 (class_definition -> CREATURE IDENTIFIER FROM IDENTIFIER opt_separator class_body opt_separator END CREATURE .)
    CALL            reduce using rule 36 (class_definition -> CREATURE IDENTIFIER FROM IDENTIFIER opt_separator class_body opt_separator END CREATURE .)
    WHENEVER        reduce using rule 36 (class_definition -> CREATURE IDENTIFIER FROM IDENTIFIER opt_separator class_body opt_separator END CREATURE .)
    REMOVE          reduce using rule 36 (class_definition -> CREATURE IDENTIFIER FROM IDENTIFIER opt_separator class_body opt_separator END CREATURE .)
    ANNOUNCE        reduce using rule 36 (class_definition -> CREATURE IDENTIFIER FROM IDENTIFIER opt_separator class_body opt_separator END CREATURE .)
    THE_WORLD       reduce using rule 36 (class_definition -> CREATURE IDENTIFIER FROM IDENTIFIER opt_separator class_body opt_separator END CREATURE .)
    SAVE            reduce using rule 36 (class_definition -> CREATURE IDENTIFIER FROM IDENTIFIER opt_separator class_body opt_separator END CREATURE .)
    RESTORE         reduce using rule 36 (class_definition -> CREATURE IDENTIFIER FROM IDENTIFIER opt_separator class_body opt_separator END CREATURE .)
    STRING          reduce using rule 36 (class_definition -> CREATURE IDENTIFIER FROM IDENTIFIER opt_separator class_body opt_separator END CREATURE .)
    NUMBER          reduce using rule 36 (class_definition -> CREATURE IDENTIFIER FROM IDENTIFIER opt_separator class_body opt_separator END CREATURE .)
    LPAREN          reduce using rule 36 (class_definition -> CREATURE IDENTIFIER FROM IDENTIFIER opt_separator class_body opt_separator END CREATURE .)
    IDENTIFIER      reduce using rule 36 (class_definition -> CREATURE IDENTIFIER FROM IDENTIFIER opt_separator class_body opt_separator END CREATURE .)
    THE_WORLDS      reduce using rule 36 (class_definition -> CREATURE IDENTIFIER FROM IDENTIFIER opt_separator class_body opt_separator END CREATURE .)
    $end            reduce using rule 36 (class_definition -> CREATURE IDENTIFIER FROM IDENTIFIER opt_separator class_body opt_separator END CREATURE .)
    END             reduce using rule 36 (class_definition -> CREATURE IDENTIFIER FROM IDENTIFIER opt_separator class_body opt_separator END CREATURE .)
    ELSE            reduce using rule 36 (class_definition -> CREATURE IDENTIFIER FROM IDENTIFIER opt_separator class_body opt_separator END CREATURE .)
    OTHERWISE       reduce using rule 36 (class_definition -> CREATURE IDENTIFIER FROM IDENTIFIER opt_separator class_body opt_separator END CREATURE .)


state 273

    (61) repeat_through_statement -> REPEAT THROUGH expression AS attribute_path opt_separator statements opt_separator END . REPEAT

    REPEAT          shift and go to state 284


state 274

    (63) if_statement -> IF condition opt_separator statements opt_separator ELSE opt_separator statements opt_separator . END IF

    END             shift and go to state 285


state 275

    (65) if_statement -> WHEN condition opt_separator statements opt_separator OTHERWISE opt_separator statements opt_separator . END WHEN

    END             shift and go to state 286


state 276

    (74) whenever_statement -> WHENEVER subject DOES action_name opt_separator statements opt_separator END WHENEVER .

    NEWLINE         reduce using rule 74 (whenever_statement -> WHENEVER subject DOES action_name opt_separator statements opt_separator END WHENEVER .)
    CLASS           reduce using rule 74 (whenever_statement -> WHENEVER subject DOES action_name opt_separator statements opt_separator END WHENEVER .)
    CREATURE        reduce using rule 74 (whenever_statement -> WHENEVER subject DOES action_name opt_separator statements opt_separator END WHENEVER .)
    CREATE          reduce using rule 74 (whenever_statement -> WHENEVER subject DOES action_name opt_separator statements opt_separator END WHENEVER .)
    BRING           reduce using rule 74 (whenever_statement -> WHENEVER subject DOES action_name opt_separator statements opt_separator END WHENEVER .)
    SET             reduce using rule 74 (whenever_statement -> WHENEVER subject DOES action_name opt_separator statements opt_separator END WHENEVER .)
    GIVE            reduce using rule 74 (whenever_statement -> WHENEVER subject DOES action_name opt_separator statements opt_separator END WHENEVER .)
    ATTACH          reduce using rule 74 (whenever_statement -> WHENEVER subject DOES action_name opt_separator statements opt_separator END WHENEVER .)
    REPEAT          reduce using rule 74 (whenever_statement -> WHENEVER subject DOES action_name opt_separator statements opt_separator END WHENEVER .)
    UNTIL           reduce using rule 74 (whenever_statement -> WHENEVER subject DOES action_name opt_separator statements opt_separator END WHENEVER .)
    IF              reduce using rule 74 (whenever_statement -> WHENEVER subject DOES action_name opt_separator statements opt_separator END WHENEVER .)
    WHEN            reduce using rule 74 (whenever_statement -> WHENEVER subject DOES action_name opt_separator statements opt_separator END WHENEVER .)
    ASK             reduce using rule 74 (whenever_statement -> WHENEVER subject DOES action_name opt_separator statements opt_separator END WHENEVER .)
    SAY             reduce using rule 74 (whenever_statement -> WHENEVER subject DOES action_name opt_separator statements opt_separator END WHENEVER .)
    CALL            reduce using rule 74 (whenever_statement -> WHENEVER subject DOES action_name opt_separator statements opt_separator END WHENEVER .)
    WHENEVER        reduce using rule 74 (whenever_statement -> WHENEVER subject DOES action_name opt_separator statements opt_separator END WHENEVER .)
    REMOVE          reduce using rule 74 (whenever_statement -> WHENEVER subject DOES action_name opt_separator statements opt_separator END WHENEVER .)
    ANNOUNCE        reduce using rule 74 (whenever_statement -> WHENEVER subject DOES action_name opt_separator statements opt_separator END WHENEVER .)
    THE_WORLD       reduce using rule 74 (whenever_statement -> WHENEVER subject DOES action_name opt_separator statements opt_separator END WHENEVER .)
    SAVE            reduce using rule 74 (whenever_statement -> WHENEVER subject DOES action_name opt_separator statements opt_separator END WHENEVER .)
    RESTORE         reduce using rule 74 (whenever_statement -> WHENEVER subject DOES action_name opt_separator statements opt_separator END WHENEVER .)
    STRING          reduce using rule 74 (whenever_statement -> WHENEVER subject DOES action_name opt_separator statements opt_separator END WHENEVER .)
    NUMBER          reduce using rule 74 (whenever_statement -> WHENEVER subject DOES action_name opt_separator statements opt_separator END WHENEVER .)
    LPAREN          reduce using rule 74 (whenever_statement -> WHENEVER subject DOES action_name opt_separator statements opt_separator END WHENEVER .)
    IDENTIFIER      reduce using rule 74 (whenever_statement -> WHENEVER subject DOES action_name opt_separator statements opt_separator END WHENEVER .)
    THE_WORLDS      reduce using rule 74 (whenever_statement -> WHENEVER subject DOES action_name opt_separator statements opt_separator END WHENEVER .)
    $end            reduce using rule 74 (whenever_statement -> WHENEVER subject DOES action_name opt_separator statements opt_separator END WHENEVER .)
    END             reduce using rule 74 (whenever_statement -> WHENEVER subject DOES action_name opt_separator statements opt_separator END WHENEVER .)
    ELSE            reduce using rule 74 (whenever_statement -> WHENEVER subject DOES action_name opt_separator statements opt_separator END WHENEVER .)
    OTHERWISE       reduce using rule 74 (whenever_statement -> WHENEVER subject DOES action_name opt_separator statements opt_separator END WHENEVER .)


state 277

    (75) whenever_statement -> WHENEVER subject GETS TRAIT IDENTIFIER CHANGED opt_separator statements opt_separator . END WHENEVER

    END             shift and go to state 287


state 278

    (76) whenever_statement -> WHENEVER subject IDENTIFIER BORN opt_separator statements opt_separator END WHENEVER .

    NEWLINE         reduce using rule 76 (whenever_statement -> WHENEVER subject IDENTIFIER BORN opt_separator statements opt_separator END WHENEVER .)
    CLASS           reduce using rule 76 (whenever_statement -> WHENEVER subject IDENTIFIER BORN opt_separator statements opt_separator END WHENEVER .)
    CREATURE        reduce using rule 76 (whenever_statement -> WHENEVER subject IDENTIFIER BORN opt_separator statements opt_separator END WHENEVER .)
    CREATE          reduce using rule 76 (whenever_statement -> WHENEVER subject IDENTIFIER BORN opt_separator statements opt_separator END WHENEVER .)
    BRING           reduce using rule 76 (whenever_statement -> WHENEVER subject IDENTIFIER BORN opt_separator statements opt_separator END WHENEVER .)
    SET             reduce using rule 76 (whenever_statement -> WHENEVER subject IDENTIFIER BORN opt_separator statements opt_separator END WHENEVER .)
    GIVE            reduce using rule 76 (whenever_statement -> WHENEVER subject IDENTIFIER BORN opt_separator statements opt_separator END WHENEVER .)
    ATTACH          reduce using rule 76 (whenever_statement -> WHENEVER subject IDENTIFIER BORN opt_separator statements opt_separator END WHENEVER .)
    REPEAT          reduce using rule 76 (whenever_statement -> WHENEVER subject IDENTIFIER BORN opt_separator statements opt_separator END WHENEVER .)
    UNTIL           reduce using rule 76 (whenever_statement -> WHENEVER subject IDENTIFIER BORN opt_separator statements opt_separator END WHENEVER .)
    IF              reduce using rule 76 (whenever_statement -> WHENEVER subject IDENTIFIER BORN opt_separator statements opt_separator END WHENEVER .)
    WHEN            reduce using rule 76 (whenever_statement -> WHENEVER subject IDENTIFIER BORN opt_separator statements opt_separator END WHENEVER .)
    ASK             reduce using rule 76 (whenever_statement -> WHENEVER subject IDENTIFIER BORN opt_separator statements opt_separator END WHENEVER .)
    SAY             reduce using rule 76 (whenever_statement -> WHENEVER subject IDENTIFIER BORN opt_separator statements opt_separator END WHENEVER .)
    CALL            reduce using rule 76 (whenever_statement -> WHENEVER subject IDENTIFIER BORN opt_separator statements opt_separator END WHENEVER .)
    WHENEVER        reduce using rule 76 (whenever_statement -> WHENEVER subject IDENTIFIER BORN opt_separator statements opt_separator END WHENEVER .)
    REMOVE          reduce using rule 76 (whenever_statement -> WHENEVER subject IDENTIFIER BORN opt_separator statements opt_separator END WHENEVER .)
    ANNOUNCE        reduce using rule 76 (whenever_statement -> WHENEVER subject IDENTIFIER BORN opt_separator statements opt_separator END WHENEVER .)
    THE_WORLD       reduce using rule 76 (whenever_statement -> WHENEVER subject IDENTIFIER BORN opt_separator statements opt_separator END WHENEVER .)
    SAVE            reduce using rule 76 (whenever_statement -> WHENEVER subject IDENTIFIER BORN opt_separator statements opt_separator END WHENEVER .)
    RESTORE         reduce using rule 76 (whenever_statement -> WHENEVER subject IDENTIFIER BORN opt_separator statements opt_separator END WHENEVER .)
    STRING          reduce using rule 76 (whenever_statement -> WHENEVER subject IDENTIFIER BORN opt_separator statements opt_separator END WHENEVER .)
    NUMBER          reduce using rule 76 (whenever_statement -> WHENEVER subject IDENTIFIER BORN opt_separator statements opt_separator END WHENEVER .)
    LPAREN          reduce using rule 76 (whenever_statement -> WHENEVER subject IDENTIFIER BORN opt_separator statements opt_separator END WHENEVER .)
    IDENTIFIER      reduce using rule 76 (whenever_statement -> WHENEVER subject IDENTIFIER BORN opt_separator statements opt_separator END WHENEVER .)
    THE_WORLDS      reduce using rule 76 (whenever_statement -> WHENEVER subject IDENTIFIER BORN opt_separator statements opt_separator END WHENEVER .)
    $end            reduce using rule 76 (whenever_statement -> WHENEVER subject IDENTIFIER BORN opt_separator statements opt_separator END WHENEVER .)
    END             reduce using rule 76 (whenever_statement -> WHENEVER subject IDENTIFIER BORN opt_separator statements opt_separator END WHENEVER .)
    ELSE            reduce using rule 76 (whenever_statement -> WHENEVER subject IDENTIFIER BORN opt_separator statements opt_separator END WHENEVER .)
    OTHERWISE       reduce using rule 76 (whenever_statement -> WHENEVER subject IDENTIFIER BORN opt_separator statements opt_separator END WHENEVER .)


state 279

    (41) constructor -> CREATE WITH LPAREN parameters RPAREN opt_separator statements . opt_separator END CREATE
    (5) statements -> statements . statement_with_newline
    (11) opt_separator -> . separator
    (12) opt_separator -> .
    (7) statement_with_newline -> . statement separator
    (8) statement_with_newline -> . statement
    (9) separator -> . separator NEWLINE
    (10) separator -> . NEWLINE
    (13) statement -> . class_definition
    (14) statement -> . create_statement
    (15) statement -> . set_statement
    (16) statement -> . attach_statement
    (17) statement -> . repeat_statement
    (18) statement -> . repeat_through_statement
    (19) statement -> . until_statement
    (20) statement -> . if_statement
    (21) statement -> . ask_statement
    (22) statement -> . say_statement
    (23) statement -> . call_statement
    (24) statement -> . knows_statement
    (25) statement -> . forgets_statement
    (26) statement -> . whenever_statement
    (27) statement -> . remove_statement
    (28) statement -> . announce_statement
    (29) statement -> . world_remembers
    (30) statement -> . world_forgets
    (31) statement -> . save_world
    (32) statement -> . restore_world
    (33) class_definition -> . CLASS IDENTIFIER opt_separator class_body opt_separator END CLASS
    (34) class_definition -> . CLASS IDENTIFIER FROM IDENTIFIER opt_separator class_body opt_separator END CLASS
    (35) class_definition -> . CREATURE IDENTIFIER opt_separator class_body opt_separator END CREATURE
    (36) class_definition -> . CREATURE IDENTIFIER FROM IDENTIFIER opt_separator class_body opt_separator END CREATURE
    (52) create_statement -> . CREATE IDENTIFIER IDENTIFIER WITH expression
    (53) create_statement -> . CREATE IDENTIFIER IDENTIFIER
    (54) create_statement -> . BRING IDENTIFIER TO LIFE AS IDENTIFIER WITH expression
    (55) create_statement -> . BRING IDENTIFIER TO LIFE AS IDENTIFIER
    (56) set_statement -> . SET attribute_path TO expression
    (57) set_statement -> . GIVE attribute_path IDENTIFIER TRAIT IDENTIFIER TO expression
    (58) set_statement -> . GIVE attribute_path TRAIT IDENTIFIER TO expression
    (59) attach_statement -> . ATTACH expression TO expression
    (60) repeat_statement -> . REPEAT expression TIMES opt_separator statements opt_separator END REPEAT
    (61) repeat_through_statement -> . REPEAT THROUGH expression AS attribute_path opt_separator statements opt_separator END REPEAT
    (62) until_statement -> . UNTIL condition opt_separator statements opt_separator END UNTIL
    (63) if_statement -> . IF condition opt_separator statements opt_separator ELSE opt_separator statements opt_separator END IF
    (64) if_statement -> . IF condition opt_separator statements opt_separator END IF
    (65) if_statement -> . WHEN condition opt_separator statements opt_separator OTHERWISE opt_separator statements opt_separator END WHEN
    (66) if_statement -> . WHEN condition opt_separator statements opt_separator END WHEN
    (67) ask_statement -> . ASK STRING
    (68) say_statement -> . SAY expression
    (69) call_statement -> . CALL attribute_path
    (70) call_statement -> . expression DOES action_name
    (71) knows_statement -> . expression KNOWS expression
    (72) knows_statement -> . expression KNOWS expression AS IDENTIFIER
    (73) forgets_statement -> . expression FORGETS IDENTIFIER
    (74) whenever_statement -> . WHENEVER subject DOES action_name opt_separator statements opt_separator END WHENEVER
    (75) whenever_statement -> . WHENEVER subject GETS TRAIT IDENTIFIER CHANGED opt_separator statements opt_separator END WHENEVER
    (76) whenever_statement -> . WHENEVER subject IDENTIFIER BORN opt_separator statements opt_separator END WHENEVER
    (77) whenever_statement -> . WHENEVER subject IDENTIFIER opt_separator statements opt_separator END WHENEVER
    (80) remove_statement -> . REMOVE IDENTIFIER FROM WORLD
    (81) announce_statement -> . ANNOUNCE expression
    (82) world_remembers -> . THE_WORLD REMEMBERS fact_name AS expression
    (83) world_forgets -> . THE_WORLD FORGETS fact_name
    (84) save_world -> . SAVE THE_WORLD TO expression
    (85) restore_world -> . RESTORE THE_WORLD FROM expression
    (96) expression -> . STRING
    (97) expression -> . NUMBER
    (98) expression -> . attribute_path
    (99) expression -> . expression PLUS expression
    (100) expression -> . expression MINUS expression
    (101) expression -> . LPAREN expression_list RPAREN
    (102) expression -> . world_expr
    (50) attribute_path -> . IDENTIFIER
    (51) attribute_path -> . attribute_path IDENTIFIER
    (103) world_expr -> . THE_WORLD KNOWS fact_name
    (104) world_expr -> . THE_WORLDS IDENTIFIER CREATURES
    (105) world_expr -> . THE_WORLD COUNTS IDENTIFIER

    END             reduce using rule 12 (opt_separator -> .)
    NEWLINE         shift and go to state 57
    CLASS           shift and go to state 27
    CREATURE        shift and go to state 29
    CREATE          shift and go to state 30
    BRING           shift and go to state 32
    SET             shift and go to state 33
    GIVE            shift and go to state 35
    ATTACH          shift and go to state 36
    REPEAT          shift and go to state 37
    UNTIL           shift and go to state 38
    IF              shift and go to state 39
    WHEN            shift and go to state 40
    ASK             shift and go to state 41
    SAY             shift and go to state 43
    CALL            shift and go to state 44
    WHENEVER        shift and go to state 45
    REMOVE          shift and go to state 46
    ANNOUNCE        shift and go to state 47
    THE_WORLD       shift and go to state 48
    SAVE            shift and go to state 49
    RESTORE         shift and go to state 50
    STRING          shift and go to state 42
    NUMBER          shift and go to state 51
    LPAREN          shift and go to state 52
    IDENTIFIER      shift and go to state 28
    THE_WORLDS      shift and go to state 54

    opt_separator                  shift and go to state 288
    statement_with_newline         shift and go to state 55
    separator                      shift and go to state 98
    statement                      shift and go to state 6
    class_definition               shift and go to state 7
    create_statement               shift and go to state 8
    set_statement                  shift and go to state 9
    attach_statement               shift and go to state 10
    repeat_statement               shift and go to state 11
    repeat_through_statement       shift and go to state 12
    until_statement                shift and go to state 13
    if_statement                   shift and go to state 14
    ask_statement                  shift and go to state 15
    say_statement                  shift and go to state 16
    call_statement                 shift and go to state 17
    knows_statement                shift and go to state 18
    forgets_statement              shift and go to state 19
    whenever_statement             shift and go to state 20
    remove_statement               shift and go to state 21
    announce_statement             shift and go to state 22
    world_remembers                shift and go to state 23
    world_forgets                  shift and go to state 24
    save_world                     shift and go to state 25
    restore_world                  shift and go to state 26
    expression                     shift and go to state 31
    attribute_path                 shift and go to state 34
    world_expr                     shift and go to state 53

state 280

    (42) constructor -> WHEN BORN WITH LPAREN parameters RPAREN opt_separator . statements opt_separator END BORN
    (5) statements -> . statements statement_with_newline
    (6) statements -> . statement_with_newline
    (7) statement_with_newline -> . statement separator
    (8) statement_with_newline -> . statement
    (13) statement -> . class_definition
    (14) statement -> . create_statement
    (15) statement -> . set_statement
    (16) statement -> . attach_statement
    (17) statement -> . repeat_statement
    (18) statement -> . repeat_through_statement
    (19) statement -> . until_statement
    (20) statement -> . if_statement
    (21) statement -> . ask_statement
    (22) statement -> . say_statement
    (23) statement -> . call_statement
    (24) statement -> . knows_statement
    (25) statement -> . forgets_statement
    (26) statement -> . whenever_statement
    (27) statement -> . remove_statement
    (28) statement -> . announce_statement
    (29) statement -> . world_remembers
    (30) statement -> . world_forgets
    (31) statement -> . save_world
    (32) statement -> . restore_world
    (33) class_definition -> . CLASS IDENTIFIER opt_separator class_body opt_separator END CLASS
    (34) class_definition -> . CLASS IDENTIFIER FROM IDENTIFIER opt_separator class_body opt_separator END CLASS
    (35) class_definition -> . CREATURE IDENTIFIER opt_separator class_body opt_separator END CREATURE
    (36) class_definition -> . CREATURE IDENTIFIER FROM IDENTIFIER opt_separator class_body opt_separator END CREATURE
    (52) create_statement -> . CREATE IDENTIFIER IDENTIFIER WITH expression
    (53) create_statement -> . CREATE IDENTIFIER IDENTIFIER
    (54) create_statement -> . BRING IDENTIFIER TO LIFE AS IDENTIFIER WITH expression
    (55) create_statement -> . BRING IDENTIFIER TO LIFE AS IDENTIFIER
    (56) set_statement -> . SET attribute_path TO expression
    (57) set_statement -> . GIVE attribute_path IDENTIFIER TRAIT IDENTIFIER TO expression
    (58) set_statement -> . GIVE attribute_path TRAIT IDENTIFIER TO expression
    (59) attach_statement -> . ATTACH expression TO expression
    (60) repeat_statement -> . REPEAT expression TIMES opt_separator statements opt_separator END REPEAT
    (61) repeat_through_statement -> . REPEAT THROUGH expression AS attribute_path opt_separator statements opt_separator END REPEAT
    (62) until_statement -> . UNTIL condition opt_separator statements opt_separator END UNTIL
    (63) if_statement -> . IF condition opt_separator statements opt_separator ELSE opt_separator statements opt_separator END IF
    (64) if_statement -> . IF condition opt_separator statements opt_separator END IF
    (65) if_statement -> . WHEN condition opt_separator statements opt_separator OTHERWISE opt_separator statements opt_separator END WHEN
    (66) if_statement -> . WHEN condition opt_separator statements opt_separator END WHEN
    (67) ask_statement -> . ASK STRING
    (68) say_statement -> . SAY expression
    (69) call_statement -> . CALL attribute_path
    (70) call_statement -> . expression DOES action_name
    (71) knows_statement -> . expression KNOWS expression
    (72) knows_statement -> . expression KNOWS expression AS IDENTIFIER
    (73) forgets_statement -> . expression FORGETS IDENTIFIER
    (74) whenever_statement -> . WHENEVER subject DOES action_name opt_separator statements opt_separator END WHENEVER
    (75) whenever_statement -> . WHENEVER subject GETS TRAIT IDENTIFIER CHANGED opt_separator statements opt_separator END WHENEVER
    (76) whenever_statement -> . WHENEVER subject IDENTIFIER BORN opt_separator statements opt_separator END WHENEVER
    (77) whenever_statement -> . WHENEVER subject IDENTIFIER opt_separator statements opt_separator END WHENEVER
    (80) remove_statement -> . REMOVE IDENTIFIER FROM WORLD
    (81) announce_statement -> . ANNOUNCE expression
    (82) world_remembers -> . THE_WORLD REMEMBERS fact_name AS expression
    (83) world_forgets -> . THE_WORLD FORGETS fact_name
    (84) save_world -> . SAVE THE_WORLD TO expression
    (85) restore_world -> . RESTORE THE_WORLD FROM expression
    (96) expression -> . STRING
    (97) expression -> . NUMBER
    (98) expression -> . attribute_path
    (99) expression -> . expression PLUS expression
    (100) expression -> . expression MINUS expression
    (101) expression -> . LPAREN expression_list RPAREN
    (102) expression -> . world_expr
    (50) attribute_path -> . IDENTIFIER
    (51) attribute_path -> . attribute_path IDENTIFIER
    (103) world_expr -> . THE_WORLD KNOWS fact_name
    (104) world_expr -> . THE_WORLDS IDENTIFIER CREATURES
    (105) world_expr -> . THE_WORLD COUNTS IDENTIFIER

    CLASS           shift and go to state 27
    CREATURE        shift and go to state 29
    CREATE          shift and go to state 30
    BRING           shift and go to state 32
    SET             shift and go to state 33
    GIVE            shift and go to state 35
    ATTACH          shift and go to state 36
    REPEAT          shift and go to state 37
    UNTIL           shift and go to state 38
    IF              shift and go to state 39
    WHEN            shift and go to state 40
    ASK             shift and go to state 41
    SAY             shift and go to state 43
    CALL            shift and go to state 44
    WHENEVER        shift and go to state 45
    REMOVE          shift and go to state 46
    ANNOUNCE        shift and go to state 47
    THE_WORLD       shift and go to state 48
    SAVE            shift and go to state 49
    RESTORE         shift and go to state 50
    STRING          shift and go to state 42
    NUMBER          shift and go to state 51
    LPAREN          shift and go to state 52
    IDENTIFIER      shift and go to state 28
    THE_WORLDS      shift and go to state 54

    statements                     shift and go to state 289
    statement_with_newline         shift and go to state 5
    statement                      shift and go to state 6
    class_definition               shift and go to state 7
    create_statement               shift and go to state 8
    set_statement                  shift and go to state 9
    attach_statement               shift and go to state 10
    repeat_statement               shift and go to state 11
    repeat_through_statement       shift and go to state 12
    until_statement                shift and go to state 13
    if_statement                   shift and go to state 14
    ask_statement                  shift and go to state 15
    say_statement                  shift and go to state 16
    call_statement                 shift and go to state 17
    knows_statement                shift and go to state 18
    forgets_statement              shift and go to state 19
    whenever_statement             shift and go to state 20
    remove_statement               shift and go to state 21
    announce_statement             shift and go to state 22
    world_remembers                shift and go to state 23
    world_forgets                  shift and go to state 24
    save_world                     shift and go to state 25
    restore_world                  shift and go to state 26
    expression                     shift and go to state 31
    attribute_path                 shift and go to state 34
    world_expr                     shift and go to state 53

state 281

    (43) constructor -> WHEN BORN opt_separator statements opt_separator END BORN .

    NEWLINE         reduce using rule 43 (constructor -> WHEN BORN opt_separator statements opt_separator END BORN .)
    END             reduce using rule 43 (constructor -> WHEN BORN opt_separator statements opt_separator END BORN .)


state 282

    (44) method -> METHOD IDENTIFIER opt_separator statements opt_separator END METHOD .

    NEWLINE         reduce using rule 44 (method -> METHOD IDENTIFIER opt_separator statements opt_separator END METHOD .)
    END             reduce using rule 44 (method -> METHOD IDENTIFIER opt_separator statements opt_separator END METHOD .)


state 283

    (45) method -> ACTION action_name opt_separator statements opt_separator END ACTION .

    NEWLINE         reduce using rule 45 (method -> ACTION action_name opt_separator statements opt_separator END ACTION .)
    END             reduce using rule 45 (method -> ACTION action_name opt_separator statements opt_separator END ACTION .)


state 284

    (61) repeat_through_statement -> REPEAT THROUGH expression AS attribute_path opt_separator statements opt_separator END REPEAT .

    NEWLINE         reduce using rule 61 (repeat_through_statement -> REPEAT THROUGH expression AS attribute_path opt_separator statements opt_separator END REPEAT .)
    CLASS           reduce using rule 61 (repeat_through_statement -> REPEAT THROUGH expression AS attribute_path opt_separator statements opt_separator END REPEAT .)
    CREATURE        reduce using rule 61 (repeat_through_statement -> REPEAT THROUGH expression AS attribute_path opt_separator statements opt_separator END REPEAT .)
    CREATE          reduce using rule 61 (repeat_through_statement -> REPEAT THROUGH expression AS attribute_path opt_separator statements opt_separator END REPEAT .)
    BRING           reduce using rule 61 (repeat_through_statement -> REPEAT THROUGH expression AS attribute_path opt_separator statements opt_separator END REPEAT .)
    SET             reduce using rule 61 (repeat_through_statement -> REPEAT THROUGH expression AS attribute_path opt_separator statements opt_separator END REPEAT .)
    GIVE            reduce using rule 61 (repeat_through_statement -> REPEAT THROUGH expression AS attribute_path opt_separator statements opt_separator END REPEAT .)
    ATTACH          reduce using rule 61 (repeat_through_statement -> REPEAT THROUGH expression AS attribute_path opt_separator statements opt_separator END REPEAT .)
    REPEAT          reduce using rule 61 (repeat_through_statement -> REPEAT THROUGH expression AS attribute_path opt_separator statements opt_separator END REPEAT .)
    UNTIL           reduce using rule 61 (repeat_through_statement -> REPEAT THROUGH expression AS attribute_path opt_separator statements opt_separator END REPEAT .)
    IF              reduce using rule 61 (repeat_through_statement -> REPEAT THROUGH expression AS attribute_path opt_separator statements opt_separator END REPEAT .)
    WHEN            reduce using rule 61 (repeat_through_statement -> REPEAT THROUGH expression AS attribute_path opt_separator statements opt_separator END REPEAT .)
    ASK             reduce using rule 61 (repeat_through_statement -> REPEAT THROUGH expression AS attribute_path opt_separator statements opt_separator END REPEAT .)
    SAY             reduce using rule 61 (repeat_through_statement -> REPEAT THROUGH expression AS attribute_path opt_separator statements opt_separator END REPEAT .)
    CALL            reduce using rule 61 (repeat_through_statement -> REPEAT THROUGH expression AS attribute_path opt_separator statements opt_separator END REPEAT .)
    WHENEVER        reduce using rule 61 (repeat_through_statement -> REPEAT THROUGH expression AS attribute_path opt_separator statements opt_separator END REPEAT .)
    REMOVE          reduce using rule 61 (repeat_through_statement -> REPEAT THROUGH expression AS attribute_path opt_separator statements opt_separator END REPEAT .)
    ANNOUNCE        reduce using rule 61 (repeat_through_statement -> REPEAT THROUGH expression AS attribute_path opt_separator statements opt_separator END REPEAT .)
    THE_WORLD       reduce using rule 61 (repeat_through_statement -> REPEAT THROUGH expression AS attribute_path opt_separator statements opt_separator END REPEAT .)
    SAVE            reduce using rule 61 (repeat_through_statement -> REPEAT THROUGH expression AS attribute_path opt_separator statements opt_separator END REPEAT .)
    RESTORE         reduce using rule 61 (repeat_through_statement -> REPEAT THROUGH expression AS attribute_path opt_separator statements opt_separator END REPEAT .)
    STRING          reduce using rule 61 (repeat_through_statement -> REPEAT THROUGH expression AS attribute_path opt_separator statements opt_separator END REPEAT .)
    NUMBER          reduce using rule 61 (repeat_through_statement -> REPEAT THROUGH expression AS attribute_path opt_separator statements opt_separator END REPEAT .)
    LPAREN          reduce using rule 61 (repeat_through_statement -> REPEAT THROUGH expression AS attribute_path opt_separator statements opt_separator END REPEAT .)
    IDENTIFIER      reduce using rule 61 (repeat_through_statement -> REPEAT THROUGH expression AS attribute_path opt_separator statements opt_separator END REPEAT .)
    THE_WORLDS      reduce using rule 61 (repeat_through_statement -> REPEAT THROUGH expression AS attribute_path opt_separator statements opt_separator END REPEAT .)
    $end            reduce using rule 61 (repeat_through_statement -> REPEAT THROUGH expression AS attribute_path opt_separator statements opt_separator END REPEAT .)
    END             reduce using rule 61 (repeat_through_statement -> REPEAT THROUGH expression AS attribute_path opt_separator statements opt_separator END REPEAT .)
    ELSE            reduce using rule 61 (repeat_through_statement -> REPEAT THROUGH expression AS attribute_path opt_separator statements opt_separator END REPEAT .)
    OTHERWISE       reduce using rule 61 (repeat_through_statement -> REPEAT THROUGH expression AS attribute_path opt_separator statements opt_separator END REPEAT .)


state 285

    (63) if_statement -> IF condition opt_separator statements opt_separator ELSE opt_separator statements opt_separator END . IF

    IF              shift and go to state 290


state 286

    (65) if_statement -> WHEN condition opt_separator statements opt_separator OTHERWISE opt_separator statements opt_separator END . WHEN

    WHEN            shift and go to state 291


state 287

    (75) whenever_statement -> WHENEVER subject GETS TRAIT IDENTIFIER CHANGED opt_separator statements opt_separator END . WHENEVER

    WHENEVER        shift and go to state 292


state 288

    (41) constructor -> CREATE WITH LPAREN parameters RPAREN opt_separator statements opt_separator . END CREATE

    END             shift and go to state 293


state 289

    (42) constructor -> WHEN BORN WITH LPAREN parameters RPAREN opt_separator statements . opt_separator END BORN
    (5) statements -> statements . statement_with_newline
    (11) opt_separator -> . separator
    (12) opt_separator -> .
    (7) statement_with_newline -> . statement separator
    (8) statement_with_newline -> . statement
    (9) separator -> . separator NEWLINE
    (10) separator -> . NEWLINE
    (13) statement -> . class_definition
    (14) statement -> . create_statement
    (15) statement -> . set_statement
    (16) statement -> . attach_statement
    (17) statement -> . repeat_statement
    (18) statement -> . repeat_through_statement
    (19) statement -> . until_statement
    (20) statement -> . if_statement
    (21) statement -> . ask_statement
    (22) statement -> . say_statement
    (23) statement -> . call_statement
    (24) statement -> . knows_statement
    (25) statement -> . forgets_statement
    (26) statement -> . whenever_statement
    (27) statement -> . remove_statement
    (28) statement -> . announce_statement
    (29) statement -> . world_remembers
    (30) statement -> . world_forgets
    (31) statement -> . save_world
    (32) statement -> . restore_world
    (33) class_definition -> . CLASS IDENTIFIER opt_separator class_body opt_separator END CLASS
    (34) class_definition -> . CLASS IDENTIFIER FROM IDENTIFIER opt_separator class_body opt_separator END CLASS
    (35) class_definition -> . CREATURE IDENTIFIER opt_separator class_body opt_separator END CREATURE
    (36) class_definition -> . CREATURE IDENTIFIER FROM IDENTIFIER opt_separator class_body opt_separator END CREATURE
    (52) create_statement -> . CREATE IDENTIFIER IDENTIFIER WITH expression
    (53) create_statement -> . CREATE IDENTIFIER IDENTIFIER
    (54) create_statement -> . BRING IDENTIFIER TO LIFE AS IDENTIFIER WITH expression
    (55) create_statement -> . BRING IDENTIFIER TO LIFE AS IDENTIFIER
    (56) set_statement -> . SET attribute_path TO expression
    (57) set_statement -> . GIVE attribute_path IDENTIFIER TRAIT IDENTIFIER TO expression
    (58) set_statement -> . GIVE attribute_path TRAIT IDENTIFIER TO expression
    (59) attach_statement -> . ATTACH expression TO expression
    (60) repeat_statement -> . REPEAT expression TIMES opt_separator statements opt_separator END REPEAT
    (61) repeat_through_statement -> . REPEAT THROUGH expression AS attribute_path opt_separator statements opt_separator END REPEAT
    (62) until_statement -> . UNTIL condition opt_separator statements opt_separator END UNTIL
    (63) if_statement -> . IF condition opt_separator statements opt_separator ELSE opt_separator statements opt_separator END IF
    (64) if_statement -> . IF condition opt_separator statements opt_separator END IF
    (65) if_statement -> . WHEN condition opt_separator statements opt_separator OTHERWISE opt_separator statements opt_separator END WHEN
    (66) if_statement -> . WHEN condition opt_separator statements opt_separator END WHEN
    (67) ask_statement -> . ASK STRING
    (68) say_statement -> . SAY expression
    (69) call_statement -> . CALL attribute_path
    (70) call_statement -> . expression DOES action_name
    (71) knows_statement -> . expression KNOWS expression
    (72) knows_statement -> . expression KNOWS expression AS IDENTIFIER
    (73) forgets_statement -> . expression FORGETS IDENTIFIER
    (74) whenever_statement -> . WHENEVER subject DOES action_name opt_separator statements opt_separator END WHENEVER
    (75) whenever_statement -> . WHENEVER subject GETS TRAIT IDENTIFIER CHANGED opt_separator statements opt_separator END WHENEVER
    (76) whenever_statement -> . WHENEVER subject IDENTIFIER BORN opt_separator statements opt_separator END WHENEVER
    (77) whenever_statement -> . WHENEVER subject IDENTIFIER opt_separator statements opt_separator END WHENEVER
    (80) remove_statement -> . REMOVE IDENTIFIER FROM WORLD
    (81) announce_statement -> . ANNOUNCE expression
    (82) world_remembers -> . THE_WORLD REMEMBERS fact_name AS expression
    (83) world_forgets -> . THE_WORLD FORGETS fact_name
    (84) save_world -> . SAVE THE_WORLD TO expression
    (85) restore_world -> . RESTORE THE_WORLD FROM expression
    (96) expression -> . STRING
    (97) expression -> . NUMBER
    (98) expression -> . attribute_path
    (99) expression -> . expression PLUS expression
    (100) expression -> . expression MINUS expression
    (101) expression -> . LPAREN expression_list RPAREN
    (102) expression -> . world_expr
    (50) attribute_path -> . IDENTIFIER
    (51) attribute_path -> . attribute_path IDENTIFIER
    (103) world_expr -> . THE_WORLD KNOWS fact_name
    (104) world_expr -> . THE_WORLDS IDENTIFIER CREATURES
    (105) world_expr -> . THE_WORLD COUNTS IDENTIFIER

    END             reduce using rule 12 (opt_separator -> .)
    NEWLINE         shift and go to state 57
    CLASS           shift and go to state 27
    CREATURE        shift and go to state 29
    CREATE          shift and go to state 30
    BRING           shift and go to state 32
    SET             shift and go to state 33
    GIVE            shift and go to state 35
    ATTACH          shift and go to state 36
    REPEAT          shift and go to state 37
    UNTIL           shift and go to state 38
    IF              shift and go to state 39
    WHEN            shift and go to state 40
    ASK             shift and go to state 41
    SAY             shift and go to state 43
    CALL            shift and go to state 44
    WHENEVER        shift and go to state 45
    REMOVE          shift and go to state 46
    ANNOUNCE        shift and go to state 47
    THE_WORLD       shift and go to state 48
    SAVE            shift and go to state 49
    RESTORE         shift and go to state 50
    STRING          shift and go to state 42
    NUMBER          shift and go to state 51
    LPAREN          shift and go to state 52
    IDENTIFIER      shift and go to state 28
    THE_WORLDS      shift and go to state 54

    opt_separator                  shift and go to state 294
    statement_with_newline         shift and go to state 55
    separator                      shift and go to state 98
    statement                      shift and go to state 6
    class_definition               shift and go to state 7
    create_statement               shift and go to state 8
    set_statement                  shift and go to state 9
    attach_statement               shift and go to state 10
    repeat_statement               shift and go to state 11
    repeat_through_statement       shift and go to state 12
    until_statement                shift and go to state 13
    if_statement                   shift and go to state 14
    ask_statement                  shift and go to state 15
    say_statement                  shift and go to state 16
    call_statement                 shift and go to state 17
    knows_statement                shift and go to state 18
    forgets_statement              shift and go to state 19
    whenever_statement             shift and go to state 20
    remove_statement               shift and go to state 21
    announce_statement             shift and go to state 22
    world_remembers                shift and go to state 23
    world_forgets                  shift and go to state 24
    save_world                     shift and go to state 25
    restore_world                  shift and go to state 26
    expression                     shift and go to state 31
    attribute_path                 shift and go to state 34
    world_expr                     shift and go to state 53

state 290

    (63) if_statement -> IF condition opt_separator statements opt_separator ELSE opt_separator statements opt_separator END IF .

    NEWLINE         reduce using rule 63 (if_statement -> IF condition opt_separator statements opt_separator ELSE opt_separator statements opt_separator END IF .)
    CLASS           reduce using rule 63 (if_statement -> IF condition opt_separator statements opt_separator ELSE opt_separator statements opt_separator END IF .)
    CREATURE        reduce using rule 63 (if_statement -> IF condition opt_separator statements opt_separator ELSE opt_separator statements opt_separator END IF .)
    CREATE          reduce using rule 63 (if_statement -> IF condition opt_separator statements opt_separator ELSE opt_separator statements opt_separator END IF .)
    BRING           reduce using rule 63 (if_statement -> IF condition opt_separator statements opt_separator ELSE opt_separator statements opt_separator END IF .)
    SET             reduce using rule 63 (if_statement -> IF condition opt_separator statements opt_separator ELSE opt_separator statements opt_separator END IF .)
    GIVE            reduce using rule 63 (if_statement -> IF condition opt_separator statements opt_separator ELSE opt_separator statements opt_separator END IF .)
    ATTACH          reduce using rule 63 (if_statement -> IF condition opt_separator statements opt_separator ELSE opt_separator statements opt_separator END IF .)
    REPEAT          reduce using rule 63 (if_statement -> IF condition opt_separator statements opt_separator ELSE opt_separator statements opt_separator END IF .)
    UNTIL           reduce using rule 63 (if_statement -> IF condition opt_separator statements opt_separator ELSE opt_separator statements opt_separator END IF .)
    IF              reduce using rule 63 (if_statement -> IF condition opt_separator statements opt_separator ELSE opt_separator statements opt_separator END IF .)
    WHEN            reduce using rule 63 (if_statement -> IF condition opt_separator statements opt_separator ELSE opt_separator statements opt_separator END IF .)
    ASK             reduce using rule 63 (if_statement -> IF condition opt_separator statements opt_separator ELSE opt_separator statements opt_separator END IF .)
    SAY             reduce using rule 63 (if_statement -> IF condition opt_separator statements opt_separator ELSE opt_separator statements opt_separator END IF .)
    CALL            reduce using rule 63 (if_statement -> IF condition opt_separator statements opt_separator ELSE opt_separator statements opt_separator END IF .)
    WHENEVER        reduce using rule 63 (if_statement -> IF condition opt_separator statements opt_separator ELSE opt_separator statements opt_separator END IF .)
    REMOVE          reduce using rule 63 (if_statement -> IF condition opt_separator statements opt_separator ELSE opt_separator statements opt_separator END IF .)
    ANNOUNCE        reduce using rule 63 (if_statement -> IF condition opt_separator statements opt_separator ELSE opt_separator statements opt_separator END IF .)
    THE_WORLD       reduce using rule 63 (if_statement -> IF condition opt_separator statements opt_separator ELSE opt_separator statements opt_separator END IF .)
    SAVE            reduce using rule 63 (if_statement -> IF condition opt_separator statements opt_separator ELSE opt_separator statements opt_separator END IF .)
    RESTORE         reduce using rule 63 (if_statement -> IF condition opt_separator statements opt_separator ELSE opt_separator statements opt_separator END IF .)
    STRING          reduce using rule 63 (if_statement -> IF condition opt_separator statements opt_separator ELSE opt_separator statements opt_separator END IF .)
    NUMBER          reduce using rule 63 (if_statement -> IF condition opt_separator statements opt_separator ELSE opt_separator statements opt_separator END IF .)
    LPAREN          reduce using rule 63 (if_statement -> IF condition opt_separator statements opt_separator ELSE opt_separator statements opt_separator END IF .)
    IDENTIFIER      reduce using rule 63 (if_statement -> IF condition opt_separator statements opt_separator ELSE opt_separator statements opt_separator END IF .)
    THE_WORLDS      reduce using rule 63 (if_statement -> IF condition opt_separator statements opt_separator ELSE opt_separator statements opt_separator END IF .)
    $end            reduce using rule 63 (if_statement -> IF condition opt_separator statements opt_separator ELSE opt_separator statements opt_separator END IF .)
    END             reduce using rule 63 (if_statement -> IF condition opt_separator statements opt_separator ELSE opt_separator statements opt_separator END IF .)
    ELSE            reduce using rule 63 (if_statement -> IF condition opt_separator statements opt_separator ELSE opt_separator statements opt_separator END IF .)
    OTHERWISE       reduce using rule 63 (if_statement -> IF condition opt_separator statements opt_separator ELSE opt_separator statements opt_separator END IF .)


state 291

    (65) if_statement -> WHEN condition opt_separator statements opt_separator OTHERWISE opt_separator statements opt_separator END WHEN .

    NEWLINE         reduce using rule 65 (if_statement -> WHEN condition opt_separator statements opt_separator OTHERWISE opt_separator statements opt_separator END WHEN .)
    CLASS           reduce using rule 65 (if_statement -> WHEN condition opt_separator statements opt_separator OTHERWISE opt_separator statements opt_separator END WHEN .)
    CREATURE        reduce using rule 65 (if_statement -> WHEN condition opt_separator statements opt_separator OTHERWISE opt_separator statements opt_separator END WHEN .)
    CREATE          reduce using rule 65 (if_statement -> WHEN condition opt_separator statements opt_separator OTHERWISE opt_separator statements opt_separator END WHEN .)
    BRING           reduce using rule 65 (if_statement -> WHEN condition opt_separator statements opt_separator OTHERWISE opt_separator statements opt_separator END WHEN .)
    SET             reduce using rule 65 (if_statement -> WHEN condition opt_separator statements opt_separator OTHERWISE opt_separator statements opt_separator END WHEN .)
    GIVE            reduce using rule 65 (if_statement -> WHEN condition opt_separator statements opt_separator OTHERWISE opt_separator statements opt_separator END WHEN .)
    ATTACH          reduce using rule 65 (if_statement -> WHEN condition opt_separator statements opt_separator OTHERWISE opt_separator statements opt_separator END WHEN .)
    REPEAT          reduce using rule 65 (if_statement -> WHEN condition opt_separator statements opt_separator OTHERWISE opt_separator statements opt_separator END WHEN .)
    UNTIL           reduce using rule 65 (if_statement -> WHEN condition opt_separator statements opt_separator OTHERWISE opt_separator statements opt_separator END WHEN .)
    IF              reduce using rule 65 (if_statement -> WHEN condition opt_separator statements opt_separator OTHERWISE opt_separator statements opt_separator END WHEN .)
    WHEN            reduce using rule 65 (if_statement -> WHEN condition opt_separator statements opt_separator OTHERWISE opt_separator statements opt_separator END WHEN .)
    ASK             reduce using rule 65 (if_statement -> WHEN condition opt_separator statements opt_separator OTHERWISE opt_separator statements opt_separator END WHEN .)
    SAY             reduce using rule 65 (if_statement -> WHEN condition opt_separator statements opt_separator OTHERWISE opt_separator statements opt_separator END WHEN .)
    CALL            reduce using rule 65 (if_statement -> WHEN condition opt_separator statements opt_separator OTHERWISE opt_separator statements opt_separator END WHEN .)
    WHENEVER        reduce using rule 65 (if_statement -> WHEN condition opt_separator statements opt_separator OTHERWISE opt_separator statements opt_separator END WHEN .)
    REMOVE          reduce using rule 65 (if_statement -> WHEN condition opt_separator statements opt_separator OTHERWISE opt_separator statements opt_separator END WHEN .)
    ANNOUNCE        reduce using rule 65 (if_statement -> WHEN condition opt_separator statements opt_separator OTHERWISE opt_separator statements opt_separator END WHEN .)
    THE_WORLD       reduce using rule 65 (if_statement -> WHEN condition opt_separator statements opt_separator OTHERWISE opt_separator statements opt_separator END WHEN .)
    SAVE            reduce using rule 65 (if_statement -> WHEN condition opt_separator statements opt_separator OTHERWISE opt_separator statements opt_separator END WHEN .)
    RESTORE         reduce using rule 65 (if_statement -> WHEN condition opt_separator statements opt_separator OTHERWISE opt_separator statements opt_separator END WHEN .)
    STRING          reduce using rule 65 (if_statement -> WHEN condition opt_separator statements opt_separator OTHERWISE opt_separator statements opt_separator END WHEN .)
    NUMBER          reduce using rule 65 (if_statement -> WHEN condition opt_separator statements opt_separator OTHERWISE opt_separator statements opt_separator END WHEN .)
    LPAREN          reduce using rule 65 (if_statement -> WHEN condition opt_separator statements opt_separator OTHERWISE opt_separator statements opt_separator END WHEN .)
    IDENTIFIER      reduce using rule 65 (if_statement -> WHEN condition opt_separator statements opt_separator OTHERWISE opt_separator statements opt_separator END WHEN .)
    THE_WORLDS      reduce using rule 65 (if_statement -> WHEN condition opt_separator statements opt_separator OTHERWISE opt_separator statements opt_separator END WHEN .)
    $end            reduce using rule 65 (if_statement -> WHEN condition opt_separator statements opt_separator OTHERWISE opt_separator statements opt_separator END WHEN .)
    END             reduce using rule 65 (if_statement -> WHEN condition opt_separator statements opt_separator OTHERWISE opt_separator statements opt_separator END WHEN .)
    ELSE            reduce using rule 65 (if_statement -> WHEN condition opt_separator statements opt_separator OTHERWISE opt_separator statements opt_separator END WHEN .)
    OTHERWISE       reduce using rule 65 (if_statement -> WHEN condition opt_separator statements opt_separator OTHERWISE opt_separator statements opt_separator END WHEN .)


state 292

    (75) whenever_statement -> WHENEVER subject GETS TRAIT IDENTIFIER CHANGED opt_separator statements opt_separator END WHENEVER .

    NEWLINE         reduce using rule 75 (whenever_statement -> WHENEVER subject GETS TRAIT IDENTIFIER CHANGED opt_separator statements opt_separator END WHENEVER .)
    CLASS           reduce using rule 75 (whenever_statement -> WHENEVER subject GETS TRAIT IDENTIFIER CHANGED opt_separator statements opt_separator END WHENEVER .)
    CREATURE        reduce using rule 75 (whenever_statement -> WHENEVER subject GETS TRAIT IDENTIFIER CHANGED opt_separator statements opt_separator END WHENEVER .)
    CREATE          reduce using rule 75 (whenever_statement -> WHENEVER subject GETS TRAIT IDENTIFIER CHANGED opt_separator statements opt_separator END WHENEVER .)
    BRING           reduce using rule 75 (whenever_statement -> WHENEVER subject GETS TRAIT IDENTIFIER CHANGED opt_separator statements opt_separator END WHENEVER .)
    SET             reduce using rule 75 (whenever_statement -> WHENEVER subject GETS TRAIT IDENTIFIER CHANGED opt_separator statements opt_separator END WHENEVER .)
    GIVE            reduce using rule 75 (whenever_statement -> WHENEVER subject GETS TRAIT IDENTIFIER CHANGED opt_separator statements opt_separator END WHENEVER .)
    ATTACH          reduce using rule 75 (whenever_statement -> WHENEVER subject GETS TRAIT IDENTIFIER CHANGED opt_separator statements opt_separator END WHENEVER .)
    REPEAT          reduce using rule 75 (whenever_statement -> WHENEVER subject GETS TRAIT IDENTIFIER CHANGED opt_separator statements opt_separator END WHENEVER .)
    UNTIL           reduce using rule 75 (whenever_statement -> WHENEVER subject GETS TRAIT IDENTIFIER CHANGED opt_separator statements opt_separator END WHENEVER .)
    IF              reduce using rule 75 (whenever_statement -> WHENEVER subject GETS TRAIT IDENTIFIER CHANGED opt_separator statements opt_separator END WHENEVER .)
    WHEN            reduce using rule 75 (whenever_statement -> WHENEVER subject GETS TRAIT IDENTIFIER CHANGED opt_separator statements opt_separator END WHENEVER .)
    ASK             reduce using rule 75 (whenever_statement -> WHENEVER subject GETS TRAIT IDENTIFIER CHANGED opt_separator statements opt_separator END WHENEVER .)
    SAY             reduce using rule 75 (whenever_statement -> WHENEVER subject GETS TRAIT IDENTIFIER CHANGED opt_separator statements opt_separator END WHENEVER .)
    CALL            reduce using rule 75 (whenever_statement -> WHENEVER subject GETS TRAIT IDENTIFIER CHANGED opt_separator statements opt_separator END WHENEVER .)
    WHENEVER        reduce using rule 75 (whenever_statement -> WHENEVER subject GETS TRAIT IDENTIFIER CHANGED opt_separator statements opt_separator END WHENEVER .)
    REMOVE          reduce using rule 75 (whenever_statement -> WHENEVER subject GETS TRAIT IDENTIFIER CHANGED opt_separator statements opt_separator END WHENEVER .)
    ANNOUNCE        reduce using rule 75 (whenever_statement -> WHENEVER subject GETS TRAIT IDENTIFIER CHANGED opt_separator statements opt_separator END WHENEVER .)
    THE_WORLD       reduce using rule 75 (whenever_statement -> WHENEVER subject GETS TRAIT IDENTIFIER CHANGED opt_separator statements opt_separator END WHENEVER .)
    SAVE            reduce using rule 75 (whenever_statement -> WHENEVER subject GETS TRAIT IDENTIFIER CHANGED opt_separator statements opt_separator END WHENEVER .)
    RESTORE         reduce using rule 75 (whenever_statement -> WHENEVER subject GETS TRAIT IDENTIFIER CHANGED opt_separator statements opt_separator END WHENEVER .)
    STRING          reduce using rule 75 (whenever_statement -> WHENEVER subject GETS TRAIT IDENTIFIER CHANGED opt_separator statements opt_separator END WHENEVER .)
    NUMBER          reduce using rule 75 (whenever_statement -> WHENEVER subject GETS TRAIT IDENTIFIER CHANGED opt_separator statements opt_separator END WHENEVER .)
    LPAREN          reduce using rule 75 (whenever_statement -> WHENEVER subject GETS TRAIT IDENTIFIER CHANGED opt_separator statements opt_separator END WHENEVER .)
    IDENTIFIER      reduce using rule 75 (whenever_statement -> WHENEVER subject GETS TRAIT IDENTIFIER CHANGED opt_separator statements opt_separator END WHENEVER .)
    THE_WORLDS      reduce using rule 75 (whenever_statement -> WHENEVER subject GETS TRAIT IDENTIFIER CHANGED opt_separator statements opt_separator END WHENEVER .)
    $end            reduce using rule 75 (whenever_statement -> WHENEVER subject GETS TRAIT IDENTIFIER CHANGED opt_separator statements opt_separator END WHENEVER .)
    END             reduce using rule 75 (whenever_statement -> WHENEVER subject GETS TRAIT IDENTIFIER CHANGED opt_separator statements opt_separator END WHENEVER .)
    ELSE            reduce using rule 75 (whenever_statement -> WHENEVER subject GETS TRAIT IDENTIFIER CHANGED opt_separator statements opt_separator END WHENEVER .)
    OTHERWISE       reduce using rule 75 (whenever_statement -> WHENEVER subject GETS TRAIT IDENTIFIER CHANGED opt_separator statements opt_separator END WHENEVER .)


state 293

    (41) constructor -> CREATE WITH LPAREN parameters RPAREN opt_separator statements opt_separator END . CREATE

    CREATE          shift and go to state 295


state 294

    (42) constructor -> WHEN BORN WITH LPAREN parameters RPAREN opt_separator statements opt_separator . END BORN

    END             shift and go to state 296


state 295

    (41) constructor -> CREATE WITH LPAREN parameters RPAREN opt_separator statements opt_separator END CREATE .

    NEWLINE         reduce using rule 41 (constructor -> CREATE WITH LPAREN parameters RPAREN opt_separator statements opt_separator END CREATE .)
    END             reduce using rule 41 (constructor -> CREATE WITH LPAREN parameters RPAREN opt_separator statements opt_separator END CREATE .)


state 296

    (42) constructor -> WHEN BORN WITH LPAREN parameters RPAREN opt_separator statements opt_separator END . BORN

    BORN            shift and go to state 297


state 297

    (42) constructor -> WHEN BORN WITH LPAREN parameters RPAREN opt_separator statements opt_separator END BORN .

    NEWLINE         reduce using rule 42 (constructor -> WHEN BORN WITH LPAREN parameters RPAREN opt_separator statements opt_separator END BORN .)
    END             reduce using rule 42 (constructor -> WHEN BORN WITH LPAREN parameters RPAREN opt_separator statements opt_separator END BORN .)

WARNING: 
WARNING: Conflicts:
WARNING: 
WARNING: shift/reduce conflict for NEWLINE in state 6 resolved as shift
WARNING: shift/reduce conflict for IDENTIFIER in state 34 resolved as shift
WARNING: shift/reduce conflict for NEWLINE in state 56 resolved as shift
WARNING: shift/reduce conflict for IDENTIFIER in state 80 resolved as shift
WARNING: shift/reduce conflict for IDENTIFIER in state 102 resolved as shift
WARNING: shift/reduce conflict for PLUS in state 106 resolved as shift
WARNING: shift/reduce conflict for MINUS in state 106 resolved as shift
WARNING: shift/reduce conflict for PLUS in state 107 resolved as shift
WARNING: shift/reduce conflict for MINUS in state 107 resolved as shift
WARNING: shift/reduce conflict for TRAIT in state 110 resolved as shift
WARNING: shift/reduce conflict for IDENTIFIER in state 130 resolved as shift
WARNING: shift/reduce conflict for IDENTIFIER in state 131 resolved as shift
WARNING: shift/reduce conflict for IDENTIFIER in state 165 resolved as shift
WARNING: shift/reduce conflict for IDENTIFIER in state 179 resolved as shift
WARNING: shift/reduce conflict for IDENTIFIER in state 189 resolved as shift
